[setup] criado ../instances/site/506_e-02 -> ../../wflop_instances/sparse_instances/single_site_sweep/506_e-02
[setup] criado ../instances/site/506_e-02 -> ../../wflop_instances/sparse_instances/single_site_sweep/506_e-02
[setup] criado ../instances/site/506_e-02 -> ../../wflop_instances/sparse_instances/single_site_sweep/506_e-02
[setup] criado ../instances/site/506_e-02 -> ../../wflop_instances/sparse_instances/single_site_sweep/506_e-02
[setup] criado ../instances/site/506_e-02 -> ../../wflop_instances/sparse_instances/single_site_sweep/506_e-02
[setup] criado ../instances/site/506_e-02 -> ../../wflop_instances/sparse_instances/single_site_sweep/506_e-02
[setup] criado ../instances/site/506_e-02 -> ../../wflop_instances/sparse_instances/single_site_sweep/506_e-02
[setup] criado ../instances/site/506_e-02 -> ../../wflop_instances/sparse_instances/single_site_sweep/506_e-02
[setup] criado ../instances/site/506_e-02 -> ../../wflop_instances/sparse_instances/single_site_sweep/506_e-02
[start] instance=506_e-02 algo=moead run_id=10 angle=300.000000000000 wind=13.000000000000 stop_criteria=1000000 stn_p=100 stn_interval=50 2026-09-01T13:57:36+00:00
[start] instance=506_e-02 algo=moead run_id=9 angle=120.000000000000 wind=13.000000000000 stop_criteria=1000000 stn_p=100 stn_interval=50 2026-09-01T13:57:36+00:00
[start] instance=506_e-02 algo=moead run_id=0 angle=210.000000000000 wind=11.000000000000 stop_criteria=1000000 stn_p=100 stn_interval=50 2026-09-01T13:57:36+00:00
9

Number of subproblems: 100
Number of neighbors: 10
Number of fixed turbines: 58
Number of mobile turbines: 5
Wind: 13.000000000000
Angle: 300.000000000000
Run id: 10
Stop criteria: 1000000
STN P (num vectors): 100
STN logger interval: 50

Run time:
[start] instance=506_e-02 algo=moead run_id=1 angle=120.000000000000 wind=9.000000000000 stop_criteria=1000000 stn_p=100 stn_interval=50 2026-09-01T13:57:36+00:00
[start] instance=506_e-02 algo=moead run_id=12 angle=150.000000000000 wind=5.000000000000 stop_criteria=1000000 stn_p=100 stn_interval=50 2026-09-01T13:57:36+00:00
[start] instance=506_e-02 algo=moead run_id=7 angle=330.000000000000 wind=9.000000000000 stop_criteria=1000000 stn_p=100 stn_interval=50 2026-09-01T13:57:36+00:00
9
[start] instance=506_e-02 algo=moead run_id=6 angle=240.000000000000 wind=19.000000000000 stop_criteria=1000000 stn_p=100 stn_interval=50 2026-09-01T13:57:36+00:00
9

Number of subproblems: 100
Number of neighbors: 10
Number of fixed turbines: 58
Number of mobile turbines: 5
Wind: 13.000000000000
Angle: 120.000000000000
Run id: 9
Stop criteria: 1000000
STN P (num vectors): 100
STN logger interval: 50

Run time:
[start] instance=506_e-02 algo=moead run_id=5 angle=90.000000000000 wind=17.000000000000 stop_criteria=1000000 stn_p=100 stn_interval=50 2026-09-01T13:57:36+00:00

Number of subproblems: 100
Number of neighbors: 10
Number of fixed turbines: 58
Number of mobile turbines: 5
Wind: 11.000000000000
Angle: 210.000000000000
Run id: 0
Stop criteria: 1000000
STN P (num vectors): 100
STN logger interval: 50

Run time:
[start] instance=506_e-02 algo=moead run_id=2 angle=330.000000000000 wind=5.000000000000 stop_criteria=1000000 stn_p=100 stn_interval=50 2026-09-01T13:57:36+00:00
[start] instance=506_e-02 algo=moead run_id=16 angle=240.000000000000 wind=5.000000000000 stop_criteria=1000000 stn_p=100 stn_interval=50 2026-09-01T13:57:36+00:00
[start] instance=506_e-02 algo=moead run_id=3 angle=120.000000000000 wind=13.000000000000 stop_criteria=1000000 stn_p=100 stn_interval=50 2026-09-01T13:57:36+00:00
[start] instance=506_e-02 algo=moead run_id=4 angle=330.000000000000 wind=11.000000000000 stop_criteria=1000000 stn_p=100 stn_interval=50 2026-09-01T13:57:36+00:00
[start] instance=506_e-02 algo=moead run_id=11 angle=150.000000000000 wind=9.000000000000 stop_criteria=1000000 stn_p=100 stn_interval=50 2026-09-01T13:57:36+00:00
[start] instance=506_e-02 algo=moead run_id=8 angle=210.000000000000 wind=9.000000000000 stop_criteria=1000000 stn_p=100 stn_interval=50 2026-09-01T13:57:36+00:00
9

Number of subproblems: 100
Number of neighbors: 10
Number of fixed turbines: 58
Number of mobile turbines: 5
[start] instance=506_e-02 algo=moead run_id=17 angle=330.000000000000 wind=5.000000000000 stop_criteria=1000000 stn_p=100 stn_interval=50 2026-09-01T13:57:36+00:00
Wind: 9.000000000000
Angle: 120.000000000000
Run id: 1
Stop criteria: 1000000
STN P (num vectors): 100
STN logger interval: 50

Run time:
9

Number of subproblems: 100
Number of neighbors: 10
Number of fixed turbines: 58
9
Number of mobile turbines: 5
Wind: 19.000000000000
Angle: 240.000000000000
Run id: 6
Stop criteria: 1000000
STN P (num vectors): 100
STN logger interval: 50

Run time:
[start] instance=506_e-02 algo=moead run_id=13 angle=60.000000000000 wind=7.000000000000 stop_criteria=1000000 stn_p=100 stn_interval=50 2026-09-01T13:57:36+00:00

Number of subproblems: 100
Number of neighbors: 10
Number of fixed turbines: 58
Number of mobile turbines: 5
Wind: 17.000000000000
Angle: 90.000000000000
Run id: 5
Stop criteria: 1000000
STN P (num vectors): 100
STN logger interval: 50

Run time:
[start] instance=506_e-02 algo=moead run_id=18 angle=300.000000000000 wind=1.000000000000 stop_criteria=1000000 stn_p=100 stn_interval=50 2026-09-01T13:57:36+00:00
9
9
[start] instance=506_e-02 algo=moead run_id=19 angle=180.000000000000 wind=7.000000000000 stop_criteria=1000000 stn_p=100 stn_interval=50 2026-09-01T13:57:36+00:00

Number of subproblems: 100
Number of neighbors: 10
Number of fixed turbines: 58
Number of mobile turbines: 5
Wind: 5.000000000000
Angle: 330.000000000000
Run id: 2
Stop criteria: 1000000
STN P (num vectors): 100
STN logger interval: 50

Run time:

Number of subproblems: 100
Number of neighbors: 10
Number of fixed turbines: 58
Number of mobile turbines: 5
Wind: 5.000000000000
Angle: 240.000000000000
Run id: 16
Stop criteria: 1000000
STN P (num vectors): 100
STN logger interval: 50

Run time:
[start] instance=506_e-02 algo=moead run_id=14 angle=330.000000000000 wind=7.000000000000 stop_criteria=1000000 stn_p=100 stn_interval=50 2026-09-01T13:57:36+00:00
9
[start] instance=506_e-02 algo=moead run_id=15 angle=90.000000000000 wind=7.000000000000 stop_criteria=1000000 stn_p=100 stn_interval=50 2026-09-01T13:57:36+00:00
9

Number of subproblems: 100
Number of neighbors: 10
Number of fixed turbines: 58
Number of mobile turbines: 5
Wind: 13.000000000000
Angle: 120.000000000000
Run id: 3
Stop criteria: 1000000
STN P (num vectors): 100
STN logger interval: 50

Run time:
9

Number of subproblems: 100
Number of neighbors: 10
Number of fixed turbines: 58
Number of mobile turbines: 5
Wind: 5.000000000000
Angle: 150.000000000000
Run id: 12
Stop criteria: 1000000
STN P (num vectors): 100
STN logger interval: 50

Run time:

Number of subproblems: 100
Number of neighbors: 10
Number of fixed turbines: 58
Number of mobile turbines: 5
Wind: 11.000000000000
Angle: 330.000000000000
Run id: 4
Stop criteria: 1000000
STN P (num vectors): 100
STN logger interval: 50

Run time:
9
9

Number of subproblems: 100
Number of neighbors: 10
Number of fixed turbines: 58
Number of mobile turbines: 5
Wind: 9.000000000000
Angle: 210.000000000000
Run id: 8
Stop criteria: 1000000
STN P (num vectors): 100
STN logger interval: 50

Run time:

Number of subproblems: 100
Number of neighbors: 10
Number of fixed turbines: 58
Number of mobile turbines: 5
Wind: 5.000000000000
Angle: 330.000000000000
Run id: 17
Stop criteria: 1000000
STN P (num vectors): 100
STN logger interval: 50

Run time:
9

Number of subproblems: 100
Number of neighbors: 10
Number of fixed turbines: 58
Number of mobile turbines: 5
Wind: 9.000000000000
Angle: 330.000000000000
9
Run id: 7
Stop criteria: 1000000
STN P (num vectors): 100
STN logger interval: 50

Run time:
9


Number of subproblems: 100
Number of neighbors: 10
Number of fixed turbines: 58
Number of subproblems: 100
Number of mobile turbines: 5
Number of neighbors: 10
Number of fixed turbines: 58
Number of mobile turbines: 5
Wind: 1.000000000000
Angle: 300.000000000000
Run id: 18
Stop criteria: 1000000
STN P (num vectors): 100
STN logger interval: 50

Run time:
Wind: 9.000000000000
Angle: 150.000000000000
Run id: 11
Stop criteria: 1000000
STN P (num vectors): 100
STN logger interval: 50

Run time:
9
9


Number of subproblems: 100
Number of neighbors: 10
Number of subproblems: 100
Number of fixed turbines: 58
Number of neighbors: 10
Number of mobile turbines: 5
Number of fixed turbines: 58
Number of mobile turbines: 5
Wind: 7.000000000000
Wind: 7.000000000000
Angle: 90.000000000000
Run id: 15
Angle: 60.000000000000
Stop criteria: 1000000
Run id: 13
STN P (num vectors): 100
Stop criteria: 1000000
STN logger interval: 50
STN P (num vectors): 100

STN logger interval: 50
Run time:

Run time:
9
9

Number of subproblems: 100
Number of neighbors: 10
Number of fixed turbines: 58
Number of mobile turbines: 5
Wind: 7.000000000000
Angle: 330.000000000000
Run id: 14
Stop criteria: 1000000
STN P (num vectors): 100
STN logger interval: 50

Run time:

Number of subproblems: 100
Number of neighbors: 10
Number of fixed turbines: 58
Number of mobile turbines: 5
Wind: 7.000000000000
Angle: 180.000000000000
Run id: 19
Stop criteria: 1000000
STN P (num vectors): 100
STN logger interval: 50

Run time:
[start] instance=506_e-02 algo=nsga2 run_id=0 angle=30.000000000000 wind=7.000000000000 stop_criteria=1000000 stn_p=100 stn_interval=50 2026-09-01T13:57:36+00:00
[start] instance=506_e-02 algo=nsga2 run_id=3 angle=60.000000000000 wind=9.000000000000 stop_criteria=1000000 stn_p=100 stn_interval=50 2026-09-01T13:57:36+00:00
[start] instance=506_e-02 algo=nsga2 run_id=1 angle=240.000000000000 wind=7.000000000000 stop_criteria=1000000 stn_p=100 stn_interval=50 2026-09-01T13:57:36+00:00
[start] instance=506_e-02 algo=nsga2 run_id=2 angle=300.000000000000 wind=7.000000000000 stop_criteria=1000000 stn_p=100 stn_interval=50 2026-09-01T13:57:36+00:00
[start] instance=506_e-02 algo=nsga2 run_id=5 angle=240.000000000000 wind=13.000000000000 stop_criteria=1000000 stn_p=100 stn_interval=50 2026-09-01T13:57:36+00:00
[start] instance=506_e-02 algo=nsga2 run_id=7 angle=240.000000000000 wind=11.000000000000 stop_criteria=1000000 stn_p=100 stn_interval=50 2026-09-01T13:57:36+00:00
9
9

Number of subproblems: 100
Number of neighbors: 10
Number of fixed turbines: 58
Number of mobile turbines: 5
Wind: 7.000000000000
Angle: 30.000000000000
Run id: 0
Stop criteria: 1000000
STN P (num vectors): 100
STN logger interval: 50

Run time:

Number of subproblems: 100
Number of neighbors: 10
Number of fixed turbines: 58
Number of mobile turbines: 5
Wind: 9.000000000000
Angle: 60.000000000000
Run id: 3
Stop criteria: 1000000
STN P (num vectors): 100
STN logger interval: 50

Run time:
[start] instance=506_e-02 algo=nsga2 run_id=8 angle=240.000000000000 wind=5.000000000000 stop_criteria=1000000 stn_p=100 stn_interval=50 2026-09-01T13:57:36+00:00
9
[start] instance=506_e-02 algo=nsga2 run_id=6 angle=300.000000000000 wind=11.000000000000 stop_criteria=1000000 stn_p=100 stn_interval=50 2026-09-01T13:57:36+00:00

Number of subproblems: 100
Number of neighbors: 10
Number of fixed turbines: 58
Number of mobile turbines: 5
Wind: 7.000000000000
Angle: 240.000000000000
Run id: 1
Stop criteria: 1000000
STN P (num vectors): 100
STN logger interval: 50

Run time:
[start] instance=506_e-02 algo=nsga2 run_id=10 angle=240.000000000000 wind=9.000000000000 stop_criteria=1000000 stn_p=100 stn_interval=50 2026-09-01T13:57:36+00:00
[start] instance=506_e-02 algo=nsga2 run_id=4 angle=300.000000000000 wind=9.000000000000 stop_criteria=1000000 stn_p=100 stn_interval=50 2026-09-01T13:57:36+00:00
9

Number of subproblems: 100
Number of neighbors: 10
Number of fixed turbines: 58
Number of mobile turbines: 5
Wind: 7.000000000000
Angle: 300.000000000000
Run id: 2
Stop criteria: 1000000
STN P (num vectors): 100
STN logger interval: 50

Run time:
9
[start] instance=506_e-02 algo=nsga2 run_id=11 angle=300.000000000000 wind=9.000000000000 stop_criteria=1000000 stn_p=100 stn_interval=50 2026-09-01T13:57:36+00:00
9

Number of subproblems: 100
Number of neighbors: 10
Number of fixed turbines: 58
Number of mobile turbines: 5
Wind: 11.000000000000
Angle: 240.000000000000
Run id: 7
Stop criteria: 1000000
STN P (num vectors): 100
STN logger interval: 50

Run time:

Number of subproblems: 100
Number of neighbors: 10
Number of fixed turbines: 58
Number of mobile turbines: 5
Wind: 13.000000000000
Angle: 240.000000000000
Run id: 5
Stop criteria: 1000000
STN P (num vectors): 100
STN logger interval: 50

Run time:
[start] instance=506_e-02 algo=nsga2 run_id=9 angle=210.000000000000 wind=11.000000000000 stop_criteria=1000000 stn_p=100 stn_interval=50 2026-09-01T13:57:36+00:00
[start] instance=506_e-02 algo=nsga2 run_id=13 angle=240.000000000000 wind=9.000000000000 stop_criteria=1000000 stn_p=100 stn_interval=50 2026-09-01T13:57:36+00:00
9
9

Number of subproblems: 100
Number of neighbors: 10
Number of fixed turbines: 58
Number of mobile turbines: 5
Wind: 5.000000000000
Angle: 240.000000000000
Run id: 8
Stop criteria: 1000000
STN P (num vectors): 100
STN logger interval: 50

Run time:

Number of subproblems: 100
Number of neighbors: 10
Number of fixed turbines: 58
Number of mobile turbines: 5
Wind: 9.000000000000
9
Angle: 240.000000000000
Run id: 10
Stop criteria: 1000000
STN P (num vectors): 100
STN logger interval: 50

Run time:
9

Number of subproblems: 100
Number of neighbors: 10
Number of fixed turbines: 58
Number of mobile turbines: 5
Wind: 11.000000000000
Angle: 300.000000000000
Run id: 6
Stop criteria: 1000000
STN P (num vectors): 100
STN logger interval: 50

Run time:

Number of subproblems: 100
Number of neighbors: 10
Number of fixed turbines: 58
Number of mobile turbines: 5
Wind: 9.000000000000
Angle: 300.000000000000
Run id: 4
Stop criteria: 1000000
STN P (num vectors): 100
STN logger interval: 50

Run time:
[start] instance=506_e-02 algo=nsga2 run_id=12 angle=300.000000000000 wind=5.000000000000 stop_criteria=1000000 stn_p=100 stn_interval=50 2026-09-01T13:57:36+00:00
9
[start] instance=506_e-02 algo=nsga2 run_id=14 angle=90.000000000000 wind=9.000000000000 stop_criteria=1000000 stn_p=100 stn_interval=50 2026-09-01T13:57:36+00:00

Number of subproblems: 100
Number of neighbors: 10
Number of fixed turbines: 58
Number of mobile turbines: 5
Wind: 9.000000000000
Angle: 300.000000000000
Run id: 11
Stop criteria: 1000000
STN P (num vectors): 100
STN logger interval: 50

Run time:
9

Number of subproblems: 100
Number of neighbors: 10
Number of fixed turbines: 58
Number of mobile turbines: 5
Wind: 9.000000000000
Angle: 240.000000000000
Run id: 13
Stop criteria: 1000000
STN P (num vectors): 100
STN logger interval: 50

Run time:
9

Number of subproblems: 100
Number of neighbors: 10
Number of fixed turbines: 58
Number of mobile turbines: 5
Wind: 11.000000000000
Angle: 210.000000000000
Run id: 9
Stop criteria: 1000000
STN P (num vectors): 100
STN logger interval: 50

Run time:
[start] instance=506_e-02 algo=nsga2 run_id=15 angle=30.000000000000 wind=5.000000000000 stop_criteria=1000000 stn_p=100 stn_interval=50 2026-09-01T13:57:36+00:00
[start] instance=506_e-02 algo=nsga2 run_id=17 angle=120.000000000000 wind=15.000000000000 stop_criteria=1000000 stn_p=100 stn_interval=50 2026-09-01T13:57:36+00:00
[start] instance=506_e-02 algo=nsga2 run_id=16 angle=300.000000000000 wind=11.000000000000 stop_criteria=1000000 stn_p=100 stn_interval=50 2026-09-01T13:57:36+00:00
[start] instance=506_e-02 algo=nsga2 run_id=18 angle=210.000000000000 wind=15.000000000000 stop_criteria=1000000 stn_p=100 stn_interval=50 2026-09-01T13:57:36+00:00
9
9

Number of subproblems: 100
Number of neighbors: 10
Number of fixed turbines: 58
Number of mobile turbines: 5
Wind: 5.000000000000
Angle: 300.000000000000
Run id: 12
Stop criteria: 1000000
STN P (num vectors): 100
STN logger interval: 50

Run time:

Number of subproblems: 100
Number of neighbors: 10
Number of fixed turbines: 58
Number of mobile turbines: 5
Wind: 9.000000000000
Angle: 90.000000000000
Run id: 14
Stop criteria: 1000000
STN P (num vectors): 100
STN logger interval: 50

Run time:
[setup] criado ../instances/site/507_e-03 -> ../../wflop_instances/sparse_instances/single_site_sweep/507_e-03
[start] instance=506_e-02 algo=nsga2 run_id=19 angle=30.000000000000 wind=3.000000000000 stop_criteria=1000000 stn_p=100 stn_interval=50 2026-09-01T13:57:36+00:00
9
9

Number of subproblems: 100
Number of neighbors: 10
Number of fixed turbines: 58
Number of mobile turbines: 5
[setup] criado ../instances/site/507_e-03 -> ../../wflop_instances/sparse_instances/single_site_sweep/507_e-03
Wind: 5.000000000000
Angle: 30.000000000000
Run id: 15
Stop criteria: 1000000
STN P (num vectors): 100
STN logger interval: 50

Run time:
9

Number of subproblems: 100
Number of neighbors: 10
Number of fixed turbines: 58
Number of mobile turbines: 5
Wind: 11.000000000000
Angle: 300.000000000000
Run id: 16
Stop criteria: 1000000
STN P (num vectors): 100
STN logger interval: 50

Run time:

Number of subproblems: 100
Number of neighbors: 10
Number of fixed turbines: 58
Number of mobile turbines: 5
Wind: 15.000000000000
Angle: 120.000000000000
Run id: 17
Stop criteria: 1000000
STN P (num vectors): 100
STN logger interval: 50

Run time:
[setup] criado ../instances/site/507_e-03 -> ../../wflop_instances/sparse_instances/single_site_sweep/507_e-03
[setup] criado ../instances/site/507_e-03 -> ../../wflop_instances/sparse_instances/single_site_sweep/507_e-03
9

Number of subproblems: 100
Number of neighbors: 10
Number of fixed turbines: 58
Number of mobile turbines: 5
Wind: 15.000000000000
Angle: 210.000000000000
Run id: 18
Stop criteria: 1000000
STN P (num vectors): 100
STN logger interval: 50

Run time:
[setup] criado ../instances/site/507_e-03 -> ../../wflop_instances/sparse_instances/single_site_sweep/507_e-03
9
[setup] criado ../instances/site/507_e-03 -> ../../wflop_instances/sparse_instances/single_site_sweep/507_e-03

Number of subproblems: 100
Number of neighbors: 10
Number of fixed turbines: 58
Number of mobile turbines: 5
Wind: 3.000000000000
Angle: 30.000000000000
Run id: 19
Stop criteria: 1000000
STN P (num vectors): 100
STN logger interval: 50

Run time:
[setup] criado ../instances/site/507_e-03 -> ../../wflop_instances/sparse_instances/single_site_sweep/507_e-03
[start] instance=507_e-03 algo=moead run_id=7 angle=270.000000000000 wind=11.000000000000 stop_criteria=1000000 stn_p=100 stn_interval=50 2026-09-01T13:57:36+00:00
[start] instance=507_e-03 algo=moead run_id=8 angle=60.000000000000 wind=7.000000000000 stop_criteria=1000000 stn_p=100 stn_interval=50 2026-09-01T13:57:36+00:00
[start] instance=507_e-03 algo=moead run_id=0 angle=240.000000000000 wind=11.000000000000 stop_criteria=1000000 stn_p=100 stn_interval=50 2026-09-01T13:57:36+00:00
[start] instance=507_e-03 algo=moead run_id=9 angle=120.000000000000 wind=5.000000000000 stop_criteria=1000000 stn_p=100 stn_interval=50 2026-09-01T13:57:36+00:00
[start] instance=507_e-03 algo=moead run_id=10 angle=210.000000000000 wind=15.000000000000 stop_criteria=1000000 stn_p=100 stn_interval=50 2026-09-01T13:57:36+00:00
[start] instance=507_e-03 algo=moead run_id=1 angle=150.000000000000 wind=5.000000000000 stop_criteria=1000000 stn_p=100 stn_interval=50 2026-09-01T13:57:36+00:00
[start] instance=507_e-03 algo=moead run_id=11 angle=330.000000000000 wind=17.000000000000 stop_criteria=1000000 stn_p=100 stn_interval=50 2026-09-01T13:57:36+00:00
[start] instance=507_e-03 algo=moead run_id=2 angle=180.000000000000 wind=13.000000000000 stop_criteria=1000000 stn_p=100 stn_interval=50 2026-09-01T13:57:36+00:00
[start] instance=507_e-03 algo=moead run_id=3 angle=270.000000000000 wind=9.000000000000 stop_criteria=1000000 stn_p=100 stn_interval=50 2026-09-01T13:57:36+00:00
[start] instance=507_e-03 algo=moead run_id=4 angle=60.000000000000 wind=5.000000000000 stop_criteria=1000000 stn_p=100 stn_interval=50 2026-09-01T13:57:36+00:00
9
[start] instance=507_e-03 algo=moead run_id=12 angle=300.000000000000 wind=7.000000000000 stop_criteria=1000000 stn_p=100 stn_interval=50 2026-09-01T13:57:36+00:00
9
9
[start] instance=507_e-03 algo=moead run_id=5 angle=270.000000000000 wind=9.000000000000 stop_criteria=1000000 stn_p=100 stn_interval=50 2026-09-01T13:57:36+00:00

Number of subproblems: 100
Number of neighbors: 10
Number of fixed turbines: 58
Number of mobile turbines: 5
Wind: 11.000000000000
Angle: 270.000000000000
Run id: 7
Stop criteria: 1000000
STN P (num vectors): 100
STN logger interval: 50

Run time:
[start] instance=507_e-03 algo=moead run_id=13 angle=120.000000000000 wind=7.000000000000 stop_criteria=1000000 stn_p=100 stn_interval=50 2026-09-01T13:57:36+00:00
[start] instance=507_e-03 algo=moead run_id=14 angle=120.000000000000 wind=7.000000000000 stop_criteria=1000000 stn_p=100 stn_interval=50 2026-09-01T13:57:36+00:00
9
9

Number of subproblems: 100
Number of neighbors: 10
Number of fixed turbines: 58
Number of mobile turbines: 5
Wind: 7.000000000000
Angle: 60.000000000000
Run id: 8
Stop criteria: 1000000
STN P (num vectors): 100
STN logger interval: 50

Run time:
[start] instance=507_e-03 algo=moead run_id=6 angle=210.000000000000 wind=13.000000000000 stop_criteria=1000000 stn_p=100 stn_interval=50 2026-09-01T13:57:36+00:00
9

Number of subproblems: 100
Number of neighbors: 10
Number of fixed turbines: 58
Number of mobile turbines: 5
Wind: 11.000000000000
Angle: 240.000000000000
Run id: 0
Stop criteria: 1000000
STN P (num vectors): 100
STN logger interval: 50

Run time:

Number of subproblems: 100
Number of neighbors: 10
Number of fixed turbines: 58
Number of mobile turbines: 5
Wind: 15.000000000000
Angle: 210.000000000000
Run id: 10
Stop criteria: 1000000
STN P (num vectors): 100
STN logger interval: 50

Run time:

Number of subproblems: 100
Number of neighbors: 10
Number of fixed turbines: 58
Number of mobile turbines: 5
Wind: 5.000000000000
Angle: 120.000000000000
Run id: 9
Stop criteria: 1000000
STN P (num vectors): 100
STN logger interval: 50

Run time:
9
9
9
9
9

Number of subproblems: 100
Number of neighbors: 10
Number of fixed turbines: 58
Number of mobile turbines: 5
Wind: 5.000000000000
Angle: 150.000000000000
Run id: 1
Stop criteria: 1000000
STN P (num vectors): 100
STN logger interval: 50

Run time:

Number of subproblems: 100
Number of neighbors: 10
Number of fixed turbines: 58
Number of mobile turbines: 5
Wind: 5.000000000000
Angle: 60.000000000000
Run id: 4
Stop criteria: 1000000
STN P (num vectors): 100
STN logger interval: 50

Run time:
9

Number of subproblems: 100
Number of neighbors: 10
Number of fixed turbines: 58
Number of mobile turbines: 5
Wind: 9.000000000000
Angle: 270.000000000000
Run id: 3
Stop criteria: 1000000
STN P (num vectors): 100
STN logger interval: 50

Run time:

Number of subproblems: 100
Number of neighbors: 10
Number of fixed turbines: 58
Number of mobile turbines: 5
Wind: 17.000000000000
Angle: 330.000000000000
Run id: 11
Stop criteria: 1000000
STN P (num vectors): 100
STN logger interval: 50

Run time:

Number of subproblems: 100
Number of neighbors: 10
Number of fixed turbines: 58
Number of mobile turbines: 5
Wind: 13.000000000000
Angle: 180.000000000000
Run id: 2
Stop criteria: 1000000
STN P (num vectors): 100
STN logger interval: 50

Run time:

Number of subproblems: 100
Number of neighbors: 10
Number of fixed turbines: 58
Number of mobile turbines: 5
9
Wind: 7.000000000000
Angle: 300.000000000000
Run id: 12
Stop criteria: 1000000
STN P (num vectors): 100
STN logger interval: 50

Run time:
9
9

Number of subproblems: 100
Number of neighbors: 10
Number of fixed turbines: 58
Number of mobile turbines: 5
Wind: 9.000000000000
Angle: 270.000000000000
Run id: 5
Stop criteria: 1000000
STN P (num vectors): 100
STN logger interval: 50

Run time:

Number of subproblems: 100
Number of neighbors: 10
Number of fixed turbines: 58
Number of mobile turbines: 5
Wind: 7.000000000000
Angle: 120.000000000000
Run id: 13
Stop criteria: 1000000
STN P (num vectors): 100
STN logger interval: 50

Run time:

Number of subproblems: 100
Number of neighbors: 10
Number of fixed turbines: 58
Number of mobile turbines: 5
Wind: 7.000000000000
Angle: 120.000000000000
Run id: 14
Stop criteria: 1000000
STN P (num vectors): 100
STN logger interval: 50

Run time:

Number of subproblems: 100
Number of neighbors: 10
Number of fixed turbines: 58
Number of mobile turbines: 5
Wind: 13.000000000000
Angle: 210.000000000000
Run id: 6
Stop criteria: 1000000
STN P (num vectors): 100
STN logger interval: 50

Run time:
[done]  instance=506_e-02 algo=moead run_id=5 2026-09-01T14:00:43+00:00
[start] instance=507_e-03 algo=moead run_id=15 angle=60.000000000000 wind=7.000000000000 stop_criteria=1000000 stn_p=100 stn_interval=50 2026-09-01T14:00:43+00:00
9

Number of subproblems: 100
Number of neighbors: 10
Number of fixed turbines: 58
Number of mobile turbines: 5
Wind: 7.000000000000
Angle: 60.000000000000
Run id: 15
Stop criteria: 1000000
STN P (num vectors): 100
STN logger interval: 50

Run time:
[done]  instance=507_e-03 algo=moead run_id=13 2026-09-01T14:00:50+00:00
[start] instance=507_e-03 algo=moead run_id=16 angle=0.000000000000 wind=13.000000000000 stop_criteria=1000000 stn_p=100 stn_interval=50 2026-09-01T14:00:50+00:00
9

Number of subproblems: 100
Number of neighbors: 10
Number of fixed turbines: 58
Number of mobile turbines: 5
Wind: 13.000000000000
Angle: 0.000000000000
Run id: 16
Stop criteria: 1000000
STN P (num vectors): 100
STN logger interval: 50

Run time:
[done]  instance=506_e-02 algo=moead run_id=3 2026-09-01T14:00:51+00:00
[start] instance=507_e-03 algo=moead run_id=17 angle=210.000000000000 wind=11.000000000000 stop_criteria=1000000 stn_p=100 stn_interval=50 2026-09-01T14:00:51+00:00
9

Number of subproblems: 100
Number of neighbors: 10
Number of fixed turbines: 58
Number of mobile turbines: 5
Wind: 11.000000000000
Angle: 210.000000000000
Run id: 17
Stop criteria: 1000000
STN P (num vectors): 100
STN logger interval: 50

Run time:
[done]  instance=506_e-02 algo=moead run_id=11 2026-09-01T14:00:54+00:00
[start] instance=507_e-03 algo=moead run_id=18 angle=150.000000000000 wind=9.000000000000 stop_criteria=1000000 stn_p=100 stn_interval=50 2026-09-01T14:00:54+00:00
9

Number of subproblems: 100
Number of neighbors: 10
Number of fixed turbines: 58
Number of mobile turbines: 5
Wind: 9.000000000000
Angle: 150.000000000000
Run id: 18
Stop criteria: 1000000
STN P (num vectors): 100
STN logger interval: 50

Run time:
[done]  instance=507_e-03 algo=moead run_id=8 2026-09-01T14:01:02+00:00
[start] instance=507_e-03 algo=moead run_id=19 angle=270.000000000000 wind=7.000000000000 stop_criteria=1000000 stn_p=100 stn_interval=50 2026-09-01T14:01:02+00:00
9

Number of subproblems: 100
Number of neighbors: 10
Number of fixed turbines: 58
Number of mobile turbines: 5
Wind: 7.000000000000
Angle: 270.000000000000
Run id: 19
Stop criteria: 1000000
STN P (num vectors): 100
STN logger interval: 50

Run time:
[done]  instance=507_e-03 algo=moead run_id=14 2026-09-01T14:01:03+00:00
[start] instance=507_e-03 algo=nsga2 run_id=0 angle=270.000000000000 wind=17.000000000000 stop_criteria=1000000 stn_p=100 stn_interval=50 2026-09-01T14:01:03+00:00
9

Number of subproblems: 100
Number of neighbors: 10
Number of fixed turbines: 58
Number of mobile turbines: 5
Wind: 17.000000000000
Angle: 270.000000000000
Run id: 0
Stop criteria: 1000000
STN P (num vectors): 100
STN logger interval: 50

Run time:
[done]  instance=506_e-02 algo=moead run_id=15 2026-09-01T14:01:07+00:00
[start] instance=507_e-03 algo=nsga2 run_id=1 angle=240.000000000000 wind=7.000000000000 stop_criteria=1000000 stn_p=100 stn_interval=50 2026-09-01T14:01:07+00:00
9

Number of subproblems: 100
Number of neighbors: 10
Number of fixed turbines: 58
Number of mobile turbines: 5
Wind: 7.000000000000
Angle: 240.000000000000
Run id: 1
Stop criteria: 1000000
STN P (num vectors): 100
STN logger interval: 50

Run time:
[done]  instance=507_e-03 algo=moead run_id=9 2026-09-01T14:01:09+00:00
[start] instance=507_e-03 algo=nsga2 run_id=2 angle=210.000000000000 wind=13.000000000000 stop_criteria=1000000 stn_p=100 stn_interval=50 2026-09-01T14:01:10+00:00
9

Number of subproblems: 100
Number of neighbors: 10
Number of fixed turbines: 58
Number of mobile turbines: 5
Wind: 13.000000000000
Angle: 210.000000000000
Run id: 2
Stop criteria: 1000000
STN P (num vectors): 100
STN logger interval: 50

Run time:
[done]  instance=506_e-02 algo=moead run_id=12 2026-09-01T14:01:10+00:00
[start] instance=507_e-03 algo=nsga2 run_id=3 angle=180.000000000000 wind=7.000000000000 stop_criteria=1000000 stn_p=100 stn_interval=50 2026-09-01T14:01:10+00:00
9

Number of subproblems: 100
Number of neighbors: 10
Number of fixed turbines: 58
Number of mobile turbines: 5
Wind: 7.000000000000
Angle: 180.000000000000
Run id: 3
Stop criteria: 1000000
STN P (num vectors): 100
STN logger interval: 50

Run time:
[done]  instance=506_e-02 algo=moead run_id=13 2026-09-01T14:01:10+00:00
[start] instance=507_e-03 algo=nsga2 run_id=4 angle=270.000000000000 wind=5.000000000000 stop_criteria=1000000 stn_p=100 stn_interval=50 2026-09-01T14:01:10+00:00
9

Number of subproblems: 100
Number of neighbors: 10
Number of fixed turbines: 58
Number of mobile turbines: 5
Wind: 5.000000000000
Angle: 270.000000000000
Run id: 4
Stop criteria: 1000000
STN P (num vectors): 100
STN logger interval: 50

Run time:
[done]  instance=506_e-02 algo=moead run_id=9 2026-09-01T14:01:11+00:00
[start] instance=507_e-03 algo=nsga2 run_id=5 angle=270.000000000000 wind=17.000000000000 stop_criteria=1000000 stn_p=100 stn_interval=50 2026-09-01T14:01:11+00:00
9

Number of subproblems: 100
Number of neighbors: 10
Number of fixed turbines: 58
Number of mobile turbines: 5
Wind: 17.000000000000
Angle: 270.000000000000
Run id: 5
Stop criteria: 1000000
STN P (num vectors): 100
STN logger interval: 50

Run time:
[done]  instance=507_e-03 algo=moead run_id=11 2026-09-01T14:01:15+00:00
[start] instance=507_e-03 algo=nsga2 run_id=6 angle=210.000000000000 wind=13.000000000000 stop_criteria=1000000 stn_p=100 stn_interval=50 2026-09-01T14:01:15+00:00
9

Number of subproblems: 100
Number of neighbors: 10
Number of fixed turbines: 58
Number of mobile turbines: 5
Wind: 13.000000000000
Angle: 210.000000000000
Run id: 6
Stop criteria: 1000000
STN P (num vectors): 100
STN logger interval: 50

Run time:
[done]  instance=506_e-02 algo=moead run_id=14 2026-09-01T14:01:16+00:00
[start] instance=507_e-03 algo=nsga2 run_id=7 angle=90.000000000000 wind=11.000000000000 stop_criteria=1000000 stn_p=100 stn_interval=50 2026-09-01T14:01:16+00:00
9

Number of subproblems: 100
Number of neighbors: 10
Number of fixed turbines: 58
Number of mobile turbines: 5
Wind: 11.000000000000
Angle: 90.000000000000
Run id: 7
Stop criteria: 1000000
STN P (num vectors): 100
STN logger interval: 50

Run time:
[done]  instance=506_e-02 algo=moead run_id=16 2026-09-01T14:01:16+00:00
[start] instance=507_e-03 algo=nsga2 run_id=8 angle=0.000000000000 wind=13.000000000000 stop_criteria=1000000 stn_p=100 stn_interval=50 2026-09-01T14:01:16+00:00
9

Number of subproblems: 100
Number of neighbors: 10
Number of fixed turbines: 58
Number of mobile turbines: 5
Wind: 13.000000000000
Angle: 0.000000000000
Run id: 8
Stop criteria: 1000000
STN P (num vectors): 100
STN logger interval: 50

Run time:
[done]  instance=506_e-02 algo=moead run_id=1 2026-09-01T14:01:18+00:00
[start] instance=507_e-03 algo=nsga2 run_id=9 angle=90.000000000000 wind=9.000000000000 stop_criteria=1000000 stn_p=100 stn_interval=50 2026-09-01T14:01:18+00:00
9

Number of subproblems: 100
Number of neighbors: 10
Number of fixed turbines: 58
Number of mobile turbines: 5
Wind: 9.000000000000
Angle: 90.000000000000
Run id: 9
Stop criteria: 1000000
STN P (num vectors): 100
STN logger interval: 50

Run time:
[done]  instance=507_e-03 algo=moead run_id=12 2026-09-01T14:01:19+00:00
[start] instance=507_e-03 algo=nsga2 run_id=10 angle=0.000000000000 wind=9.000000000000 stop_criteria=1000000 stn_p=100 stn_interval=50 2026-09-01T14:01:19+00:00
9

Number of subproblems: 100
Number of neighbors: 10
Number of fixed turbines: 58
Number of mobile turbines: 5
Wind: 9.000000000000
Angle: 0.000000000000
Run id: 10
Stop criteria: 1000000
STN P (num vectors): 100
STN logger interval: 50

Run time:
[done]  instance=506_e-02 algo=moead run_id=19 2026-09-01T14:01:19+00:00
[start] instance=507_e-03 algo=nsga2 run_id=11 angle=30.000000000000 wind=9.000000000000 stop_criteria=1000000 stn_p=100 stn_interval=50 2026-09-01T14:01:19+00:00
9

Number of subproblems: 100
Number of neighbors: 10
Number of fixed turbines: 58
Number of mobile turbines: 5
Wind: 9.000000000000
Angle: 30.000000000000
Run id: 11
Stop criteria: 1000000
STN P (num vectors): 100
STN logger interval: 50

Run time:
[done]  instance=507_e-03 algo=moead run_id=7 2026-09-01T14:01:21+00:00
[start] instance=507_e-03 algo=nsga2 run_id=12 angle=90.000000000000 wind=7.000000000000 stop_criteria=1000000 stn_p=100 stn_interval=50 2026-09-01T14:01:21+00:00
9

Number of subproblems: 100
Number of neighbors: 10
Number of fixed turbines: 58
Number of mobile turbines: 5
Wind: 7.000000000000
Angle: 90.000000000000
Run id: 12
Stop criteria: 1000000
STN P (num vectors): 100
STN logger interval: 50

Run time:
[done]  instance=507_e-03 algo=moead run_id=4 2026-09-01T14:01:21+00:00
[start] instance=507_e-03 algo=nsga2 run_id=13 angle=270.000000000000 wind=19.000000000000 stop_criteria=1000000 stn_p=100 stn_interval=50 2026-09-01T14:01:21+00:00
9

Number of subproblems: 100
Number of neighbors: 10
Number of fixed turbines: 58
Number of mobile turbines: 5
Wind: 19.000000000000
Angle: 270.000000000000
Run id: 13
Stop criteria: 1000000
STN P (num vectors): 100
STN logger interval: 50

Run time:
[done]  instance=507_e-03 algo=moead run_id=1 2026-09-01T14:01:22+00:00
[start] instance=507_e-03 algo=nsga2 run_id=14 angle=330.000000000000 wind=11.000000000000 stop_criteria=1000000 stn_p=100 stn_interval=50 2026-09-01T14:01:22+00:00
9

Number of subproblems: 100
Number of neighbors: 10
Number of fixed turbines: 58
Number of mobile turbines: 5
Wind: 11.000000000000
Angle: 330.000000000000
Run id: 14
Stop criteria: 1000000
STN P (num vectors): 100
STN logger interval: 50

Run time:
[done]  instance=507_e-03 algo=moead run_id=5 2026-09-01T14:01:22+00:00
[start] instance=507_e-03 algo=nsga2 run_id=15 angle=60.000000000000 wind=9.000000000000 stop_criteria=1000000 stn_p=100 stn_interval=50 2026-09-01T14:01:22+00:00
9

Number of subproblems: 100
Number of neighbors: 10
Number of fixed turbines: 58
Number of mobile turbines: 5
Wind: 9.000000000000
Angle: 60.000000000000
Run id: 15
Stop criteria: 1000000
STN P (num vectors): 100
STN logger interval: 50

Run time:
[done]  instance=506_e-02 algo=nsga2 run_id=19 2026-09-01T14:01:23+00:00
[start] instance=507_e-03 algo=nsga2 run_id=16 angle=330.000000000000 wind=9.000000000000 stop_criteria=1000000 stn_p=100 stn_interval=50 2026-09-01T14:01:23+00:00
9

Number of subproblems: 100
Number of neighbors: 10
Number of fixed turbines: 58
Number of mobile turbines: 5
Wind: 9.000000000000
Angle: 330.000000000000
Run id: 16
Stop criteria: 1000000
STN P (num vectors): 100
STN logger interval: 50

Run time:
[done]  instance=506_e-02 algo=moead run_id=7 2026-09-01T14:01:25+00:00
[start] instance=507_e-03 algo=nsga2 run_id=17 angle=30.000000000000 wind=3.000000000000 stop_criteria=1000000 stn_p=100 stn_interval=50 2026-09-01T14:01:25+00:00
9

Number of subproblems: 100
Number of neighbors: 10
Number of fixed turbines: 58
Number of mobile turbines: 5
Wind: 3.000000000000
Angle: 30.000000000000
Run id: 17
Stop criteria: 1000000
STN P (num vectors): 100
STN logger interval: 50

Run time:
[done]  instance=507_e-03 algo=moead run_id=10 2026-09-01T14:01:27+00:00
[start] instance=507_e-03 algo=nsga2 run_id=18 angle=30.000000000000 wind=15.000000000000 stop_criteria=1000000 stn_p=100 stn_interval=50 2026-09-01T14:01:27+00:00
9

Number of subproblems: 100
Number of neighbors: 10
Number of fixed turbines: 58
Number of mobile turbines: 5
Wind: 15.000000000000
Angle: 30.000000000000
Run id: 18
Stop criteria: 1000000
STN P (num vectors): 100
STN logger interval: 50

Run time:
[done]  instance=506_e-02 algo=nsga2 run_id=14 2026-09-01T14:01:28+00:00
[start] instance=507_e-03 algo=nsga2 run_id=19 angle=300.000000000000 wind=15.000000000000 stop_criteria=1000000 stn_p=100 stn_interval=50 2026-09-01T14:01:28+00:00
9

Number of subproblems: 100
Number of neighbors: 10
Number of fixed turbines: 58
Number of mobile turbines: 5
Wind: 15.000000000000
Angle: 300.000000000000
Run id: 19
Stop criteria: 1000000
STN P (num vectors): 100
STN logger interval: 50

Run time:
[done]  instance=507_e-03 algo=moead run_id=2 2026-09-01T14:01:28+00:00
[setup] criado ../instances/site/508_e-04 -> ../../wflop_instances/sparse_instances/single_site_sweep/508_e-04
[start] instance=508_e-04 algo=moead run_id=0 angle=240.000000000000 wind=15.000000000000 stop_criteria=1000000 stn_p=100 stn_interval=50 2026-09-01T14:01:28+00:00
9

Number of subproblems: 100
Number of neighbors: 10
Number of fixed turbines: 58
Number of mobile turbines: 5
Wind: 15.000000000000
Angle: 240.000000000000
Run id: 0
Stop criteria: 1000000
STN P (num vectors): 100
STN logger interval: 50

Run time:
[done]  instance=507_e-03 algo=moead run_id=3 2026-09-01T14:01:29+00:00
[start] instance=508_e-04 algo=moead run_id=1 angle=270.000000000000 wind=7.000000000000 stop_criteria=1000000 stn_p=100 stn_interval=50 2026-09-01T14:01:29+00:00
9

Number of subproblems: 100
Number of neighbors: 10
Number of fixed turbines: 58
Number of mobile turbines: 5
Wind: 7.000000000000
Angle: 270.000000000000
Run id: 1
Stop criteria: 1000000
STN P (num vectors): 100
STN logger interval: 50

Run time:
[done]  instance=506_e-02 algo=moead run_id=6 2026-09-01T14:01:30+00:00
[start] instance=508_e-04 algo=moead run_id=2 angle=120.000000000000 wind=17.000000000000 stop_criteria=1000000 stn_p=100 stn_interval=50 2026-09-01T14:01:30+00:00
9

Number of subproblems: 100
Number of neighbors: 10
Number of fixed turbines: 58
Number of mobile turbines: 5
Wind: 17.000000000000
Angle: 120.000000000000
Run id: 2
Stop criteria: 1000000
STN P (num vectors): 100
STN logger interval: 50

Run time:
[done]  instance=506_e-02 algo=moead run_id=0 2026-09-01T14:01:31+00:00
[start] instance=508_e-04 algo=moead run_id=3 angle=150.000000000000 wind=5.000000000000 stop_criteria=1000000 stn_p=100 stn_interval=50 2026-09-01T14:01:31+00:00
9

Number of subproblems: 100
Number of neighbors: 10
Number of fixed turbines: 58
Number of mobile turbines: 5
Wind: 5.000000000000
Angle: 150.000000000000
Run id: 3
Stop criteria: 1000000
STN P (num vectors): 100
STN logger interval: 50

Run time:
[done]  instance=507_e-03 algo=moead run_id=0 2026-09-01T14:01:32+00:00
[start] instance=508_e-04 algo=moead run_id=4 angle=210.000000000000 wind=17.000000000000 stop_criteria=1000000 stn_p=100 stn_interval=50 2026-09-01T14:01:32+00:00
9

Number of subproblems: 100
Number of neighbors: 10
Number of fixed turbines: 58
Number of mobile turbines: 5
Wind: 17.000000000000
Angle: 210.000000000000
Run id: 4
Stop criteria: 1000000
STN P (num vectors): 100
STN logger interval: 50

Run time:
[done]  instance=506_e-02 algo=moead run_id=4 2026-09-01T14:01:33+00:00
[start] instance=508_e-04 algo=moead run_id=5 angle=90.000000000000 wind=7.000000000000 stop_criteria=1000000 stn_p=100 stn_interval=50 2026-09-01T14:01:33+00:00
9

Number of subproblems: 100
Number of neighbors: 10
Number of fixed turbines: 58
Number of mobile turbines: 5
Wind: 7.000000000000
Angle: 90.000000000000
Run id: 5
Stop criteria: 1000000
STN P (num vectors): 100
STN logger interval: 50

Run time:
[done]  instance=506_e-02 algo=nsga2 run_id=12 2026-09-01T14:01:34+00:00
[start] instance=508_e-04 algo=moead run_id=6 angle=270.000000000000 wind=13.000000000000 stop_criteria=1000000 stn_p=100 stn_interval=50 2026-09-01T14:01:34+00:00
9

Number of subproblems: 100
Number of neighbors: 10
Number of fixed turbines: 58
Number of mobile turbines: 5
Wind: 13.000000000000
Angle: 270.000000000000
Run id: 6
Stop criteria: 1000000
STN P (num vectors): 100
STN logger interval: 50

Run time:
[done]  instance=506_e-02 algo=moead run_id=8 2026-09-01T14:01:34+00:00
[start] instance=508_e-04 algo=moead run_id=7 angle=270.000000000000 wind=7.000000000000 stop_criteria=1000000 stn_p=100 stn_interval=50 2026-09-01T14:01:34+00:00
9

Number of subproblems: 100
Number of neighbors: 10
Number of fixed turbines: 58
Number of mobile turbines: 5
Wind: 7.000000000000
Angle: 270.000000000000
Run id: 7
Stop criteria: 1000000
STN P (num vectors): 100
STN logger interval: 50

Run time:
[done]  instance=506_e-02 algo=moead run_id=18 2026-09-01T14:01:35+00:00
[start] instance=508_e-04 algo=moead run_id=8 angle=300.000000000000 wind=11.000000000000 stop_criteria=1000000 stn_p=100 stn_interval=50 2026-09-01T14:01:35+00:00
9

Number of subproblems: 100
Number of neighbors: 10
Number of fixed turbines: 58
Number of mobile turbines: 5
Wind: 11.000000000000
Angle: 300.000000000000
Run id: 8
Stop criteria: 1000000
STN P (num vectors): 100
STN logger interval: 50

Run time:
[done]  instance=506_e-02 algo=nsga2 run_id=2 2026-09-01T14:01:36+00:00
[start] instance=508_e-04 algo=moead run_id=9 angle=90.000000000000 wind=3.000000000000 stop_criteria=1000000 stn_p=100 stn_interval=50 2026-09-01T14:01:36+00:00
9

Number of subproblems: 100
Number of neighbors: 10
Number of fixed turbines: 58
Number of mobile turbines: 5
Wind: 3.000000000000
Angle: 90.000000000000
Run id: 9
Stop criteria: 1000000
STN P (num vectors): 100
STN logger interval: 50

Run time:
[done]  instance=506_e-02 algo=moead run_id=10 2026-09-01T14:01:37+00:00
[start] instance=508_e-04 algo=moead run_id=10 angle=150.000000000000 wind=15.000000000000 stop_criteria=1000000 stn_p=100 stn_interval=50 2026-09-01T14:01:37+00:00
9

Number of subproblems: 100
Number of neighbors: 10
Number of fixed turbines: 58
Number of mobile turbines: 5
Wind: 15.000000000000
Angle: 150.000000000000
Run id: 10
Stop criteria: 1000000
STN P (num vectors): 100
STN logger interval: 50

Run time:
[done]  instance=506_e-02 algo=moead run_id=2 2026-09-01T14:01:37+00:00
[start] instance=508_e-04 algo=moead run_id=11 angle=240.000000000000 wind=15.000000000000 stop_criteria=1000000 stn_p=100 stn_interval=50 2026-09-01T14:01:37+00:00
9

Number of subproblems: 100
Number of neighbors: 10
Number of fixed turbines: 58
Number of mobile turbines: 5
Wind: 15.000000000000
Angle: 240.000000000000
Run id: 11
Stop criteria: 1000000
STN P (num vectors): 100
STN logger interval: 50

Run time:
[done]  instance=506_e-02 algo=nsga2 run_id=15 2026-09-01T14:01:37+00:00
[start] instance=508_e-04 algo=moead run_id=12 angle=300.000000000000 wind=13.000000000000 stop_criteria=1000000 stn_p=100 stn_interval=50 2026-09-01T14:01:37+00:00
9

Number of subproblems: 100
Number of neighbors: 10
Number of fixed turbines: 58
Number of mobile turbines: 5
Wind: 13.000000000000
Angle: 300.000000000000
Run id: 12
Stop criteria: 1000000
STN P (num vectors): 100
STN logger interval: 50

Run time:
[done]  instance=506_e-02 algo=nsga2 run_id=0 2026-09-01T14:01:37+00:00
[start] instance=508_e-04 algo=moead run_id=13 angle=90.000000000000 wind=17.000000000000 stop_criteria=1000000 stn_p=100 stn_interval=50 2026-09-01T14:01:37+00:00
9

Number of subproblems: 100
Number of neighbors: 10
Number of fixed turbines: 58
Number of mobile turbines: 5
Wind: 17.000000000000
Angle: 90.000000000000
Run id: 13
Stop criteria: 1000000
STN P (num vectors): 100
STN logger interval: 50

Run time:
[done]  instance=506_e-02 algo=moead run_id=17 2026-09-01T14:01:41+00:00
[start] instance=508_e-04 algo=moead run_id=14 angle=270.000000000000 wind=11.000000000000 stop_criteria=1000000 stn_p=100 stn_interval=50 2026-09-01T14:01:41+00:00
9

Number of subproblems: 100
Number of neighbors: 10
Number of fixed turbines: 58
Number of mobile turbines: 5
Wind: 11.000000000000
Angle: 270.000000000000
Run id: 14
Stop criteria: 1000000
STN P (num vectors): 100
STN logger interval: 50

Run time:
[done]  instance=507_e-03 algo=moead run_id=6 2026-09-01T14:01:41+00:00
[start] instance=508_e-04 algo=moead run_id=15 angle=270.000000000000 wind=9.000000000000 stop_criteria=1000000 stn_p=100 stn_interval=50 2026-09-01T14:01:41+00:00
9

Number of subproblems: 100
Number of neighbors: 10
Number of fixed turbines: 58
Number of mobile turbines: 5
Wind: 9.000000000000
Angle: 270.000000000000
Run id: 15
Stop criteria: 1000000
STN P (num vectors): 100
STN logger interval: 50

Run time:
[done]  instance=506_e-02 algo=nsga2 run_id=8 2026-09-01T14:01:42+00:00
[start] instance=508_e-04 algo=moead run_id=16 angle=210.000000000000 wind=5.000000000000 stop_criteria=1000000 stn_p=100 stn_interval=50 2026-09-01T14:01:42+00:00
9

Number of subproblems: 100
Number of neighbors: 10
Number of fixed turbines: 58
Number of mobile turbines: 5
Wind: 5.000000000000
Angle: 210.000000000000
Run id: 16
Stop criteria: 1000000
STN P (num vectors): 100
STN logger interval: 50

Run time:
[done]  instance=506_e-02 algo=nsga2 run_id=18 2026-09-01T14:01:44+00:00
[start] instance=508_e-04 algo=moead run_id=17 angle=180.000000000000 wind=5.000000000000 stop_criteria=1000000 stn_p=100 stn_interval=50 2026-09-01T14:01:44+00:00
9

Number of subproblems: 100
Number of neighbors: 10
Number of fixed turbines: 58
Number of mobile turbines: 5
Wind: 5.000000000000
Angle: 180.000000000000
Run id: 17
Stop criteria: 1000000
STN P (num vectors): 100
STN logger interval: 50

Run time:
[done]  instance=506_e-02 algo=nsga2 run_id=11 2026-09-01T14:01:45+00:00
[start] instance=508_e-04 algo=moead run_id=18 angle=60.000000000000 wind=9.000000000000 stop_criteria=1000000 stn_p=100 stn_interval=50 2026-09-01T14:01:45+00:00
9

Number of subproblems: 100
Number of neighbors: 10
Number of fixed turbines: 58
Number of mobile turbines: 5
Wind: 9.000000000000
Angle: 60.000000000000
Run id: 18
Stop criteria: 1000000
STN P (num vectors): 100
STN logger interval: 50

Run time:
[done]  instance=506_e-02 algo=nsga2 run_id=6 2026-09-01T14:01:49+00:00
[start] instance=508_e-04 algo=moead run_id=19 angle=210.000000000000 wind=17.000000000000 stop_criteria=1000000 stn_p=100 stn_interval=50 2026-09-01T14:01:49+00:00
9

Number of subproblems: 100
Number of neighbors: 10
Number of fixed turbines: 58
Number of mobile turbines: 5
Wind: 17.000000000000
Angle: 210.000000000000
Run id: 19
Stop criteria: 1000000
STN P (num vectors): 100
STN logger interval: 50

Run time:
[done]  instance=506_e-02 algo=nsga2 run_id=3 2026-09-01T14:01:52+00:00
[start] instance=508_e-04 algo=nsga2 run_id=0 angle=270.000000000000 wind=19.000000000000 stop_criteria=1000000 stn_p=100 stn_interval=50 2026-09-01T14:01:52+00:00
9

Number of subproblems: 100
Number of neighbors: 10
Number of fixed turbines: 58
Number of mobile turbines: 5
Wind: 19.000000000000
Angle: 270.000000000000
Run id: 0
Stop criteria: 1000000
STN P (num vectors): 100
STN logger interval: 50

Run time:
[done]  instance=506_e-02 algo=nsga2 run_id=16 2026-09-01T14:01:53+00:00
[start] instance=508_e-04 algo=nsga2 run_id=1 angle=90.000000000000 wind=13.000000000000 stop_criteria=1000000 stn_p=100 stn_interval=50 2026-09-01T14:01:53+00:00
9

Number of subproblems: 100
Number of neighbors: 10
Number of fixed turbines: 58
Number of mobile turbines: 5
Wind: 13.000000000000
Angle: 90.000000000000
Run id: 1
Stop criteria: 1000000
STN P (num vectors): 100
STN logger interval: 50

Run time:
[done]  instance=506_e-02 algo=nsga2 run_id=17 2026-09-01T14:01:54+00:00
[start] instance=508_e-04 algo=nsga2 run_id=2 angle=90.000000000000 wind=5.000000000000 stop_criteria=1000000 stn_p=100 stn_interval=50 2026-09-01T14:01:54+00:00
9

Number of subproblems: 100
Number of neighbors: 10
Number of fixed turbines: 58
Number of mobile turbines: 5
Wind: 5.000000000000
Angle: 90.000000000000
Run id: 2
Stop criteria: 1000000
STN P (num vectors): 100
STN logger interval: 50

Run time:
[done]  instance=506_e-02 algo=nsga2 run_id=10 2026-09-01T14:01:58+00:00
[start] instance=508_e-04 algo=nsga2 run_id=3 angle=150.000000000000 wind=5.000000000000 stop_criteria=1000000 stn_p=100 stn_interval=50 2026-09-01T14:01:58+00:00
9

Number of subproblems: 100
Number of neighbors: 10
Number of fixed turbines: 58
Number of mobile turbines: 5
Wind: 5.000000000000
Angle: 150.000000000000
Run id: 3
Stop criteria: 1000000
STN P (num vectors): 100
STN logger interval: 50

Run time:
[done]  instance=506_e-02 algo=nsga2 run_id=1 2026-09-01T14:02:01+00:00
[start] instance=508_e-04 algo=nsga2 run_id=4 angle=30.000000000000 wind=1.000000000000 stop_criteria=1000000 stn_p=100 stn_interval=50 2026-09-01T14:02:01+00:00
9

Number of subproblems: 100
Number of neighbors: 10
Number of fixed turbines: 58
Number of mobile turbines: 5
Wind: 1.000000000000
Angle: 30.000000000000
Run id: 4
Stop criteria: 1000000
STN P (num vectors): 100
STN logger interval: 50

Run time:
[done]  instance=506_e-02 algo=nsga2 run_id=7 2026-09-01T14:02:04+00:00
[start] instance=508_e-04 algo=nsga2 run_id=5 angle=90.000000000000 wind=9.000000000000 stop_criteria=1000000 stn_p=100 stn_interval=50 2026-09-01T14:02:04+00:00
9

Number of subproblems: 100
Number of neighbors: 10
Number of fixed turbines: 58
Number of mobile turbines: 5
Wind: 9.000000000000
Angle: 90.000000000000
Run id: 5
Stop criteria: 1000000
STN P (num vectors): 100
STN logger interval: 50

Run time:
[done]  instance=506_e-02 algo=nsga2 run_id=4 2026-09-01T14:02:07+00:00
[start] instance=508_e-04 algo=nsga2 run_id=6 angle=120.000000000000 wind=7.000000000000 stop_criteria=1000000 stn_p=100 stn_interval=50 2026-09-01T14:02:07+00:00
9

Number of subproblems: 100
Number of neighbors: 10
Number of fixed turbines: 58
Number of mobile turbines: 5
Wind: 7.000000000000
Angle: 120.000000000000
Run id: 6
Stop criteria: 1000000
STN P (num vectors): 100
STN logger interval: 50

Run time:
[done]  instance=506_e-02 algo=nsga2 run_id=13 2026-09-01T14:02:09+00:00
[start] instance=508_e-04 algo=nsga2 run_id=7 angle=210.000000000000 wind=13.000000000000 stop_criteria=1000000 stn_p=100 stn_interval=50 2026-09-01T14:02:09+00:00
9

Number of subproblems: 100
Number of neighbors: 10
Number of fixed turbines: 58
Number of mobile turbines: 5
Wind: 13.000000000000
Angle: 210.000000000000
Run id: 7
Stop criteria: 1000000
STN P (num vectors): 100
STN logger interval: 50

Run time:
[done]  instance=506_e-02 algo=nsga2 run_id=9 2026-09-01T14:02:14+00:00
[start] instance=508_e-04 algo=nsga2 run_id=8 angle=210.000000000000 wind=13.000000000000 stop_criteria=1000000 stn_p=100 stn_interval=50 2026-09-01T14:02:14+00:00
9

Number of subproblems: 100
Number of neighbors: 10
Number of fixed turbines: 58
Number of mobile turbines: 5
Wind: 13.000000000000
Angle: 210.000000000000
Run id: 8
Stop criteria: 1000000
STN P (num vectors): 100
STN logger interval: 50

Run time:
[done]  instance=506_e-02 algo=nsga2 run_id=5 2026-09-01T14:02:19+00:00
[start] instance=508_e-04 algo=nsga2 run_id=9 angle=0.000000000000 wind=3.000000000000 stop_criteria=1000000 stn_p=100 stn_interval=50 2026-09-01T14:02:19+00:00
9

Number of subproblems: 100
Number of neighbors: 10
Number of fixed turbines: 58
Number of mobile turbines: 5
Wind: 3.000000000000
Angle: 0.000000000000
Run id: 9
Stop criteria: 1000000
STN P (num vectors): 100
STN logger interval: 50

Run time:
[done]  instance=507_e-03 algo=moead run_id=16 2026-09-01T14:03:29+00:00
[start] instance=508_e-04 algo=nsga2 run_id=10 angle=210.000000000000 wind=9.000000000000 stop_criteria=1000000 stn_p=100 stn_interval=50 2026-09-01T14:03:29+00:00
9

Number of subproblems: 100
Number of neighbors: 10
Number of fixed turbines: 58
Number of mobile turbines: 5
Wind: 9.000000000000
Angle: 210.000000000000
Run id: 10
Stop criteria: 1000000
STN P (num vectors): 100
STN logger interval: 50

Run time:
[done]  instance=507_e-03 algo=moead run_id=15 2026-09-01T14:04:28+00:00
[start] instance=508_e-04 algo=nsga2 run_id=11 angle=270.000000000000 wind=11.000000000000 stop_criteria=1000000 stn_p=100 stn_interval=50 2026-09-01T14:04:28+00:00
9

Number of subproblems: 100
Number of neighbors: 10
Number of fixed turbines: 58
Number of mobile turbines: 5
Wind: 11.000000000000
Angle: 270.000000000000
Run id: 11
Stop criteria: 1000000
STN P (num vectors): 100
STN logger interval: 50

Run time:
[done]  instance=508_e-04 algo=moead run_id=2 2026-09-01T14:04:32+00:00
[start] instance=508_e-04 algo=nsga2 run_id=12 angle=240.000000000000 wind=11.000000000000 stop_criteria=1000000 stn_p=100 stn_interval=50 2026-09-01T14:04:32+00:00
9

Number of subproblems: 100
Number of neighbors: 10
Number of fixed turbines: 58
Number of mobile turbines: 5
Wind: 11.000000000000
Angle: 240.000000000000
Run id: 12
Stop criteria: 1000000
STN P (num vectors): 100
STN logger interval: 50

Run time:
[done]  instance=507_e-03 algo=moead run_id=18 2026-09-01T14:04:43+00:00
[start] instance=508_e-04 algo=nsga2 run_id=13 angle=300.000000000000 wind=15.000000000000 stop_criteria=1000000 stn_p=100 stn_interval=50 2026-09-01T14:04:43+00:00
9

Number of subproblems: 100
Number of neighbors: 10
Number of fixed turbines: 58
Number of mobile turbines: 5
Wind: 15.000000000000
Angle: 300.000000000000
Run id: 13
Stop criteria: 1000000
STN P (num vectors): 100
STN logger interval: 50

Run time:
[done]  instance=507_e-03 algo=moead run_id=19 2026-09-01T14:04:52+00:00
[start] instance=508_e-04 algo=nsga2 run_id=14 angle=60.000000000000 wind=23.000000000000 stop_criteria=1000000 stn_p=100 stn_interval=50 2026-09-01T14:04:52+00:00
9

Number of subproblems: 100
Number of neighbors: 10
Number of fixed turbines: 58
Number of mobile turbines: 5
Wind: 23.000000000000
Angle: 60.000000000000
Run id: 14
Stop criteria: 1000000
STN P (num vectors): 100
STN logger interval: 50

Run time:
[done]  instance=507_e-03 algo=moead run_id=17 2026-09-01T14:04:56+00:00
[start] instance=508_e-04 algo=nsga2 run_id=15 angle=90.000000000000 wind=13.000000000000 stop_criteria=1000000 stn_p=100 stn_interval=50 2026-09-01T14:04:56+00:00
9

Number of subproblems: 100
Number of neighbors: 10
Number of fixed turbines: 58
Number of mobile turbines: 5
Wind: 13.000000000000
Angle: 90.000000000000
Run id: 15
Stop criteria: 1000000
STN P (num vectors): 100
STN logger interval: 50

Run time:
[done]  instance=508_e-04 algo=moead run_id=5 2026-09-01T14:05:12+00:00
[start] instance=508_e-04 algo=nsga2 run_id=16 angle=270.000000000000 wind=3.000000000000 stop_criteria=1000000 stn_p=100 stn_interval=50 2026-09-01T14:05:12+00:00
9

Number of subproblems: 100
Number of neighbors: 10
Number of fixed turbines: 58
Number of mobile turbines: 5
Wind: 3.000000000000
Angle: 270.000000000000
Run id: 16
Stop criteria: 1000000
STN P (num vectors): 100
STN logger interval: 50

Run time:
[done]  instance=508_e-04 algo=moead run_id=7 2026-09-01T14:05:26+00:00
[start] instance=508_e-04 algo=nsga2 run_id=17 angle=210.000000000000 wind=13.000000000000 stop_criteria=1000000 stn_p=100 stn_interval=50 2026-09-01T14:05:26+00:00
9

Number of subproblems: 100
Number of neighbors: 10
Number of fixed turbines: 58
Number of mobile turbines: 5
Wind: 13.000000000000
Angle: 210.000000000000
Run id: 17
Stop criteria: 1000000
STN P (num vectors): 100
STN logger interval: 50

Run time:
[done]  instance=508_e-04 algo=moead run_id=13 2026-09-01T14:05:40+00:00
[start] instance=508_e-04 algo=nsga2 run_id=18 angle=60.000000000000 wind=11.000000000000 stop_criteria=1000000 stn_p=100 stn_interval=50 2026-09-01T14:05:40+00:00
9

Number of subproblems: 100
Number of neighbors: 10
Number of fixed turbines: 58
Number of mobile turbines: 5
Wind: 11.000000000000
Angle: 60.000000000000
Run id: 18
Stop criteria: 1000000
STN P (num vectors): 100
STN logger interval: 50

Run time:
[done]  instance=508_e-04 algo=moead run_id=9 2026-09-01T14:05:41+00:00
[start] instance=508_e-04 algo=nsga2 run_id=19 angle=90.000000000000 wind=9.000000000000 stop_criteria=1000000 stn_p=100 stn_interval=50 2026-09-01T14:05:41+00:00
9

Number of subproblems: 100
Number of neighbors: 10
Number of fixed turbines: 58
Number of mobile turbines: 5
Wind: 9.000000000000
Angle: 90.000000000000
Run id: 19
Stop criteria: 1000000
STN P (num vectors): 100
STN logger interval: 50

Run time:
[done]  instance=508_e-04 algo=moead run_id=1 2026-09-01T14:05:41+00:00
[setup] criado ../instances/site/509_e-05 -> ../../wflop_instances/sparse_instances/single_site_sweep/509_e-05
[start] instance=509_e-05 algo=moead run_id=0 angle=180.000000000000 wind=15.000000000000 stop_criteria=1000000 stn_p=100 stn_interval=50 2026-09-01T14:05:41+00:00
9

Number of subproblems: 100
Number of neighbors: 10
Number of fixed turbines: 58
Number of mobile turbines: 5
Wind: 15.000000000000
Angle: 180.000000000000
Run id: 0
Stop criteria: 1000000
STN P (num vectors): 100
STN logger interval: 50

Run time:
[done]  instance=507_e-03 algo=nsga2 run_id=0 2026-09-01T14:05:46+00:00
[start] instance=509_e-05 algo=moead run_id=1 angle=330.000000000000 wind=11.000000000000 stop_criteria=1000000 stn_p=100 stn_interval=50 2026-09-01T14:05:46+00:00
9

Number of subproblems: 100
Number of neighbors: 10
Number of fixed turbines: 58
Number of mobile turbines: 5
Wind: 11.000000000000
Angle: 330.000000000000
Run id: 1
Stop criteria: 1000000
STN P (num vectors): 100
STN logger interval: 50

Run time:
[done]  instance=508_e-04 algo=moead run_id=3 2026-09-01T14:05:52+00:00
[start] instance=509_e-05 algo=moead run_id=2 angle=240.000000000000 wind=7.000000000000 stop_criteria=1000000 stn_p=100 stn_interval=50 2026-09-01T14:05:52+00:00
9
[done]  instance=507_e-03 algo=nsga2 run_id=7 2026-09-01T14:05:52+00:00
[start] instance=509_e-05 algo=moead run_id=3 angle=270.000000000000 wind=13.000000000000 stop_criteria=1000000 stn_p=100 stn_interval=50 2026-09-01T14:05:52+00:00
9

Number of subproblems: 100
Number of neighbors: 10
Number of fixed turbines: 58
Number of mobile turbines: 5
Wind: 7.000000000000
Angle: 240.000000000000
Run id: 2
Stop criteria: 1000000
STN P (num vectors): 100
STN logger interval: 50

Run time:

Number of subproblems: 100
Number of neighbors: 10
Number of fixed turbines: 58
Number of mobile turbines: 5
Wind: 13.000000000000
Angle: 270.000000000000
Run id: 3
Stop criteria: 1000000
STN P (num vectors): 100
STN logger interval: 50

Run time:
[done]  instance=508_e-04 algo=moead run_id=6 2026-09-01T14:05:52+00:00
[start] instance=509_e-05 algo=moead run_id=4 angle=180.000000000000 wind=9.000000000000 stop_criteria=1000000 stn_p=100 stn_interval=50 2026-09-01T14:05:52+00:00
9

Number of subproblems: 100
Number of neighbors: 10
Number of fixed turbines: 58
Number of mobile turbines: 5
Wind: 9.000000000000
Angle: 180.000000000000
Run id: 4
Stop criteria: 1000000
STN P (num vectors): 100
STN logger interval: 50

Run time:
[done]  instance=508_e-04 algo=moead run_id=10 2026-09-01T14:05:53+00:00
[start] instance=509_e-05 algo=moead run_id=5 angle=300.000000000000 wind=7.000000000000 stop_criteria=1000000 stn_p=100 stn_interval=50 2026-09-01T14:05:53+00:00
9

Number of subproblems: 100
Number of neighbors: 10
Number of fixed turbines: 58
Number of mobile turbines: 5
Wind: 7.000000000000
Angle: 300.000000000000
Run id: 5
Stop criteria: 1000000
STN P (num vectors): 100
STN logger interval: 50

Run time:
[done]  instance=508_e-04 algo=moead run_id=18 2026-09-01T14:05:57+00:00
[start] instance=509_e-05 algo=moead run_id=6 angle=120.000000000000 wind=13.000000000000 stop_criteria=1000000 stn_p=100 stn_interval=50 2026-09-01T14:05:57+00:00
9

Number of subproblems: 100
Number of neighbors: 10
Number of fixed turbines: 58
Number of mobile turbines: 5
Wind: 13.000000000000
Angle: 120.000000000000
Run id: 6
Stop criteria: 1000000
STN P (num vectors): 100
STN logger interval: 50

Run time:
[done]  instance=508_e-04 algo=moead run_id=11 2026-09-01T14:05:57+00:00
[start] instance=509_e-05 algo=moead run_id=7 angle=330.000000000000 wind=9.000000000000 stop_criteria=1000000 stn_p=100 stn_interval=50 2026-09-01T14:05:57+00:00
9

Number of subproblems: 100
Number of neighbors: 10
Number of fixed turbines: 58
Number of mobile turbines: 5
Wind: 9.000000000000
Angle: 330.000000000000
Run id: 7
Stop criteria: 1000000
STN P (num vectors): 100
STN logger interval: 50

Run time:
[done]  instance=508_e-04 algo=moead run_id=4 2026-09-01T14:05:59+00:00
[start] instance=509_e-05 algo=moead run_id=8 angle=240.000000000000 wind=17.000000000000 stop_criteria=1000000 stn_p=100 stn_interval=50 2026-09-01T14:05:59+00:00
9

Number of subproblems: 100
Number of neighbors: 10
Number of fixed turbines: 58
Number of mobile turbines: 5
Wind: 17.000000000000
Angle: 240.000000000000
Run id: 8
Stop criteria: 1000000
STN P (num vectors): 100
STN logger interval: 50

Run time:
[done]  instance=508_e-04 algo=moead run_id=8 2026-09-01T14:05:59+00:00
[start] instance=509_e-05 algo=moead run_id=9 angle=270.000000000000 wind=15.000000000000 stop_criteria=1000000 stn_p=100 stn_interval=50 2026-09-01T14:05:59+00:00
9

Number of subproblems: 100
Number of neighbors: 10
Number of fixed turbines: 58
Number of mobile turbines: 5
Wind: 15.000000000000
Angle: 270.000000000000
Run id: 9
Stop criteria: 1000000
STN P (num vectors): 100
STN logger interval: 50

Run time:
[done]  instance=507_e-03 algo=nsga2 run_id=17 2026-09-01T14:05:59+00:00
[start] instance=509_e-05 algo=moead run_id=10 angle=300.000000000000 wind=11.000000000000 stop_criteria=1000000 stn_p=100 stn_interval=50 2026-09-01T14:05:59+00:00
9

Number of subproblems: 100
Number of neighbors: 10
Number of fixed turbines: 58
Number of mobile turbines: 5
Wind: 11.000000000000
Angle: 300.000000000000
Run id: 10
Stop criteria: 1000000
STN P (num vectors): 100
STN logger interval: 50

Run time:
[done]  instance=507_e-03 algo=nsga2 run_id=4 2026-09-01T14:06:00+00:00
[start] instance=509_e-05 algo=moead run_id=11 angle=240.000000000000 wind=7.000000000000 stop_criteria=1000000 stn_p=100 stn_interval=50 2026-09-01T14:06:00+00:00
[done]  instance=507_e-03 algo=nsga2 run_id=12 2026-09-01T14:06:00+00:00
9
[start] instance=509_e-05 algo=moead run_id=12 angle=180.000000000000 wind=13.000000000000 stop_criteria=1000000 stn_p=100 stn_interval=50 2026-09-01T14:06:00+00:00
9

Number of subproblems: 100
Number of neighbors: 10
Number of fixed turbines: 58
Number of mobile turbines: 5
Wind: 7.000000000000
Angle: 240.000000000000
Run id: 11
Stop criteria: 1000000
STN P (num vectors): 100
STN logger interval: 50

Run time:

Number of subproblems: 100
Number of neighbors: 10
Number of fixed turbines: 58
Number of mobile turbines: 5
Wind: 13.000000000000
Angle: 180.000000000000
Run id: 12
Stop criteria: 1000000
STN P (num vectors): 100
STN logger interval: 50

Run time:
[done]  instance=508_e-04 algo=moead run_id=14 2026-09-01T14:06:03+00:00
[start] instance=509_e-05 algo=moead run_id=13 angle=150.000000000000 wind=9.000000000000 stop_criteria=1000000 stn_p=100 stn_interval=50 2026-09-01T14:06:03+00:00
9

Number of subproblems: 100
Number of neighbors: 10
Number of fixed turbines: 58
Number of mobile turbines: 5
Wind: 9.000000000000
Angle: 150.000000000000
Run id: 13
Stop criteria: 1000000
STN P (num vectors): 100
STN logger interval: 50

Run time:
[done]  instance=508_e-04 algo=moead run_id=0 2026-09-01T14:06:06+00:00
[start] instance=509_e-05 algo=moead run_id=14 angle=60.000000000000 wind=11.000000000000 stop_criteria=1000000 stn_p=100 stn_interval=50 2026-09-01T14:06:06+00:00
9

Number of subproblems: 100
Number of neighbors: 10
Number of fixed turbines: 58
Number of mobile turbines: 5
Wind: 11.000000000000
Angle: 60.000000000000
Run id: 14
Stop criteria: 1000000
STN P (num vectors): 100
STN logger interval: 50

Run time:
[done]  instance=508_e-04 algo=moead run_id=12 2026-09-01T14:06:07+00:00
[start] instance=509_e-05 algo=moead run_id=15 angle=210.000000000000 wind=13.000000000000 stop_criteria=1000000 stn_p=100 stn_interval=50 2026-09-01T14:06:07+00:00
9
[done]  instance=508_e-04 algo=moead run_id=15 2026-09-01T14:06:07+00:00
[start] instance=509_e-05 algo=moead run_id=16 angle=240.000000000000 wind=9.000000000000 stop_criteria=1000000 stn_p=100 stn_interval=50 2026-09-01T14:06:07+00:00

Number of subproblems: 100
Number of neighbors: 10
Number of fixed turbines: 58
Number of mobile turbines: 5
Wind: 13.000000000000
Angle: 210.000000000000
Run id: 15
Stop criteria: 1000000
STN P (num vectors): 100
STN logger interval: 50

Run time:
9

Number of subproblems: 100
Number of neighbors: 10
Number of fixed turbines: 58
Number of mobile turbines: 5
Wind: 9.000000000000
Angle: 240.000000000000
Run id: 16
Stop criteria: 1000000
STN P (num vectors): 100
STN logger interval: 50

Run time:
[done]  instance=507_e-03 algo=nsga2 run_id=1 2026-09-01T14:06:09+00:00
[start] instance=509_e-05 algo=moead run_id=17 angle=150.000000000000 wind=5.000000000000 stop_criteria=1000000 stn_p=100 stn_interval=50 2026-09-01T14:06:09+00:00
9

Number of subproblems: 100
Number of neighbors: 10
Number of fixed turbines: 58
Number of mobile turbines: 5
Wind: 5.000000000000
Angle: 150.000000000000
Run id: 17
Stop criteria: 1000000
STN P (num vectors): 100
STN logger interval: 50

Run time:
[done]  instance=508_e-04 algo=moead run_id=17 2026-09-01T14:06:12+00:00
[start] instance=509_e-05 algo=moead run_id=18 angle=240.000000000000 wind=15.000000000000 stop_criteria=1000000 stn_p=100 stn_interval=50 2026-09-01T14:06:12+00:00
9

Number of subproblems: 100
Number of neighbors: 10
Number of fixed turbines: 58
Number of mobile turbines: 5
Wind: 15.000000000000
Angle: 240.000000000000
Run id: 18
Stop criteria: 1000000
STN P (num vectors): 100
STN logger interval: 50

Run time:
[done]  instance=507_e-03 algo=nsga2 run_id=10 2026-09-01T14:06:14+00:00
[start] instance=509_e-05 algo=moead run_id=19 angle=60.000000000000 wind=3.000000000000 stop_criteria=1000000 stn_p=100 stn_interval=50 2026-09-01T14:06:14+00:00
9

Number of subproblems: 100
Number of neighbors: 10
Number of fixed turbines: 58
Number of mobile turbines: 5
Wind: 3.000000000000
Angle: 60.000000000000
Run id: 19
Stop criteria: 1000000
STN P (num vectors): 100
STN logger interval: 50

Run time:
[done]  instance=507_e-03 algo=nsga2 run_id=9 2026-09-01T14:06:18+00:00
[start] instance=509_e-05 algo=nsga2 run_id=0 angle=210.000000000000 wind=7.000000000000 stop_criteria=1000000 stn_p=100 stn_interval=50 2026-09-01T14:06:18+00:00
9

Number of subproblems: 100
Number of neighbors: 10
Number of fixed turbines: 58
Number of mobile turbines: 5
Wind: 7.000000000000
Angle: 210.000000000000
Run id: 0
Stop criteria: 1000000
STN P (num vectors): 100
STN logger interval: 50

Run time:
[done]  instance=508_e-04 algo=moead run_id=16 2026-09-01T14:06:18+00:00
[start] instance=509_e-05 algo=nsga2 run_id=1 angle=0.000000000000 wind=11.000000000000 stop_criteria=1000000 stn_p=100 stn_interval=50 2026-09-01T14:06:18+00:00
9

Number of subproblems: 100
Number of neighbors: 10
Number of fixed turbines: 58
Number of mobile turbines: 5
Wind: 11.000000000000
Angle: 0.000000000000
Run id: 1
Stop criteria: 1000000
STN P (num vectors): 100
STN logger interval: 50

Run time:
[done]  instance=507_e-03 algo=nsga2 run_id=15 2026-09-01T14:06:23+00:00
[start] instance=509_e-05 algo=nsga2 run_id=2 angle=30.000000000000 wind=3.000000000000 stop_criteria=1000000 stn_p=100 stn_interval=50 2026-09-01T14:06:23+00:00
9

Number of subproblems: 100
Number of neighbors: 10
Number of fixed turbines: 58
Number of mobile turbines: 5
Wind: 3.000000000000
Angle: 30.000000000000
Run id: 2
Stop criteria: 1000000
STN P (num vectors): 100
STN logger interval: 50

Run time:
[done]  instance=507_e-03 algo=nsga2 run_id=5 2026-09-01T14:06:27+00:00
[start] instance=509_e-05 algo=nsga2 run_id=3 angle=240.000000000000 wind=3.000000000000 stop_criteria=1000000 stn_p=100 stn_interval=50 2026-09-01T14:06:28+00:00
9

Number of subproblems: 100
Number of neighbors: 10
Number of fixed turbines: 58
Number of mobile turbines: 5
Wind: 3.000000000000
Angle: 240.000000000000
Run id: 3
Stop criteria: 1000000
STN P (num vectors): 100
STN logger interval: 50

Run time:
[done]  instance=507_e-03 algo=nsga2 run_id=2 2026-09-01T14:06:30+00:00
[start] instance=509_e-05 algo=nsga2 run_id=4 angle=90.000000000000 wind=11.000000000000 stop_criteria=1000000 stn_p=100 stn_interval=50 2026-09-01T14:06:31+00:00
9

Number of subproblems: 100
Number of neighbors: 10
Number of fixed turbines: 58
Number of mobile turbines: 5
Wind: 11.000000000000
Angle: 90.000000000000
Run id: 4
Stop criteria: 1000000
STN P (num vectors): 100
STN logger interval: 50

Run time:
[done]  instance=507_e-03 algo=nsga2 run_id=11 2026-09-01T14:06:32+00:00
[start] instance=509_e-05 algo=nsga2 run_id=5 angle=300.000000000000 wind=13.000000000000 stop_criteria=1000000 stn_p=100 stn_interval=50 2026-09-01T14:06:32+00:00
9

Number of subproblems: 100
Number of neighbors: 10
Number of fixed turbines: 58
Number of mobile turbines: 5
Wind: 13.000000000000
Angle: 300.000000000000
Run id: 5
Stop criteria: 1000000
STN P (num vectors): 100
STN logger interval: 50

Run time:
[done]  instance=508_e-04 algo=moead run_id=19 2026-09-01T14:06:33+00:00
[start] instance=509_e-05 algo=nsga2 run_id=6 angle=0.000000000000 wind=7.000000000000 stop_criteria=1000000 stn_p=100 stn_interval=50 2026-09-01T14:06:33+00:00
9

Number of subproblems: 100
Number of neighbors: 10
Number of fixed turbines: 58
Number of mobile turbines: 5
Wind: 7.000000000000
Angle: 0.000000000000
Run id: 6
Stop criteria: 1000000
STN P (num vectors): 100
STN logger interval: 50

Run time:
[done]  instance=507_e-03 algo=nsga2 run_id=13 2026-09-01T14:06:36+00:00
[start] instance=509_e-05 algo=nsga2 run_id=7 angle=270.000000000000 wind=15.000000000000 stop_criteria=1000000 stn_p=100 stn_interval=50 2026-09-01T14:06:36+00:00
9

Number of subproblems: 100
Number of neighbors: 10
Number of fixed turbines: 58
Number of mobile turbines: 5
Wind: 15.000000000000
Angle: 270.000000000000
Run id: 7
Stop criteria: 1000000
STN P (num vectors): 100
STN logger interval: 50

Run time:
[done]  instance=507_e-03 algo=nsga2 run_id=18 2026-09-01T14:06:48+00:00
[start] instance=509_e-05 algo=nsga2 run_id=8 angle=90.000000000000 wind=11.000000000000 stop_criteria=1000000 stn_p=100 stn_interval=50 2026-09-01T14:06:48+00:00
9

Number of subproblems: 100
Number of neighbors: 10
Number of fixed turbines: 58
Number of mobile turbines: 5
Wind: 11.000000000000
Angle: 90.000000000000
Run id: 8
Stop criteria: 1000000
STN P (num vectors): 100
STN logger interval: 50

Run time:
[done]  instance=507_e-03 algo=nsga2 run_id=19 2026-09-01T14:06:53+00:00
[start] instance=509_e-05 algo=nsga2 run_id=9 angle=210.000000000000 wind=17.000000000000 stop_criteria=1000000 stn_p=100 stn_interval=50 2026-09-01T14:06:53+00:00
9
[done]  instance=507_e-03 algo=nsga2 run_id=8 2026-09-01T14:06:53+00:00

Number of subproblems: 100
Number of neighbors: 10
Number of fixed turbines: 58
Number of mobile turbines: 5
Wind: 17.000000000000
Angle: 210.000000000000
Run id: 9
Stop criteria: 1000000
STN P (num vectors): 100
STN logger interval: 50

Run time:
[start] instance=509_e-05 algo=nsga2 run_id=10 angle=90.000000000000 wind=5.000000000000 stop_criteria=1000000 stn_p=100 stn_interval=50 2026-09-01T14:06:53+00:00
9

Number of subproblems: 100
Number of neighbors: 10
Number of fixed turbines: 58
Number of mobile turbines: 5
Wind: 5.000000000000
Angle: 90.000000000000
Run id: 10
Stop criteria: 1000000
STN P (num vectors): 100
STN logger interval: 50

Run time:
[done]  instance=507_e-03 algo=nsga2 run_id=6 2026-09-01T14:07:09+00:00
[start] instance=509_e-05 algo=nsga2 run_id=11 angle=240.000000000000 wind=11.000000000000 stop_criteria=1000000 stn_p=100 stn_interval=50 2026-09-01T14:07:09+00:00
9

Number of subproblems: 100
Number of neighbors: 10
Number of fixed turbines: 58
Number of mobile turbines: 5
Wind: 11.000000000000
Angle: 240.000000000000
Run id: 11
Stop criteria: 1000000
STN P (num vectors): 100
STN logger interval: 50

Run time:
[done]  instance=507_e-03 algo=nsga2 run_id=3 2026-09-01T14:07:43+00:00
[start] instance=509_e-05 algo=nsga2 run_id=12 angle=240.000000000000 wind=15.000000000000 stop_criteria=1000000 stn_p=100 stn_interval=50 2026-09-01T14:07:43+00:00
9

Number of subproblems: 100
Number of neighbors: 10
Number of fixed turbines: 58
Number of mobile turbines: 5
Wind: 15.000000000000
Angle: 240.000000000000
Run id: 12
Stop criteria: 1000000
STN P (num vectors): 100
STN logger interval: 50

Run time:
[done]  instance=507_e-03 algo=nsga2 run_id=14 2026-09-01T14:08:01+00:00
[start] instance=509_e-05 algo=nsga2 run_id=13 angle=60.000000000000 wind=11.000000000000 stop_criteria=1000000 stn_p=100 stn_interval=50 2026-09-01T14:08:01+00:00
9

Number of subproblems: 100
Number of neighbors: 10
Number of fixed turbines: 58
Number of mobile turbines: 5
Wind: 11.000000000000
Angle: 60.000000000000
Run id: 13
Stop criteria: 1000000
STN P (num vectors): 100
STN logger interval: 50

Run time:
[done]  instance=507_e-03 algo=nsga2 run_id=16 2026-09-01T14:08:22+00:00
[start] instance=509_e-05 algo=nsga2 run_id=14 angle=30.000000000000 wind=17.000000000000 stop_criteria=1000000 stn_p=100 stn_interval=50 2026-09-01T14:08:22+00:00
9

Number of subproblems: 100
Number of neighbors: 10
Number of fixed turbines: 58
Number of mobile turbines: 5
Wind: 17.000000000000
Angle: 30.000000000000
Run id: 14
Stop criteria: 1000000
STN P (num vectors): 100
STN logger interval: 50

Run time:
[done]  instance=509_e-05 algo=moead run_id=0 2026-09-01T14:32:16+00:00
[start] instance=509_e-05 algo=nsga2 run_id=15 angle=270.000000000000 wind=9.000000000000 stop_criteria=1000000 stn_p=100 stn_interval=50 2026-09-01T14:32:16+00:00
9

Number of subproblems: 100
Number of neighbors: 10
Number of fixed turbines: 58
Number of mobile turbines: 5
Wind: 9.000000000000
Angle: 270.000000000000
Run id: 15
Stop criteria: 1000000
STN P (num vectors): 100
STN logger interval: 50

Run time:
[done]  instance=508_e-04 algo=nsga2 run_id=2 2026-09-01T14:33:41+00:00
[start] instance=509_e-05 algo=nsga2 run_id=16 angle=150.000000000000 wind=11.000000000000 stop_criteria=1000000 stn_p=100 stn_interval=50 2026-09-01T14:33:41+00:00
9

Number of subproblems: 100
Number of neighbors: 10
Number of fixed turbines: 58
Number of mobile turbines: 5
Wind: 11.000000000000
Angle: 150.000000000000
Run id: 16
Stop criteria: 1000000
STN P (num vectors): 100
STN logger interval: 50

Run time:
[done]  instance=509_e-05 algo=moead run_id=4 2026-09-01T14:33:43+00:00
[start] instance=509_e-05 algo=nsga2 run_id=17 angle=270.000000000000 wind=3.000000000000 stop_criteria=1000000 stn_p=100 stn_interval=50 2026-09-01T14:33:43+00:00
9
[done]  instance=509_e-05 algo=moead run_id=5 2026-09-01T14:33:43+00:00

Number of subproblems: 100
Number of neighbors: 10
Number of fixed turbines: 58
Number of mobile turbines: 5
Wind: 3.000000000000
Angle: 270.000000000000
Run id: 17
Stop criteria: 1000000
STN P (num vectors): 100
STN logger interval: 50

Run time:
[start] instance=509_e-05 algo=nsga2 run_id=18 angle=240.000000000000 wind=1.000000000000 stop_criteria=1000000 stn_p=100 stn_interval=50 2026-09-01T14:33:43+00:00
9

Number of subproblems: 100
Number of neighbors: 10
Number of fixed turbines: 58
Number of mobile turbines: 5
Wind: 1.000000000000
Angle: 240.000000000000
Run id: 18
Stop criteria: 1000000
STN P (num vectors): 100
STN logger interval: 50

Run time:
[done]  instance=509_e-05 algo=moead run_id=9 2026-09-01T14:33:56+00:00
[start] instance=509_e-05 algo=nsga2 run_id=19 angle=120.000000000000 wind=5.000000000000 stop_criteria=1000000 stn_p=100 stn_interval=50 2026-09-01T14:33:56+00:00
9

Number of subproblems: 100
Number of neighbors: 10
Number of fixed turbines: 58
Number of mobile turbines: 5
Wind: 5.000000000000
Angle: 120.000000000000
Run id: 19
Stop criteria: 1000000
STN P (num vectors): 100
STN logger interval: 50

Run time:
[done]  instance=509_e-05 algo=moead run_id=6 2026-09-01T14:34:00+00:00
[setup] criado ../instances/site/510_e-02 -> ../../wflop_instances/sparse_instances/single_site_sweep/510_e-02
[start] instance=510_e-02 algo=moead run_id=0 angle=270.000000000000 wind=25.000000000000 stop_criteria=1000000 stn_p=100 stn_interval=50 2026-09-01T14:34:00+00:00
9

Number of subproblems: 100
Number of neighbors: 10
Number of fixed turbines: 58
Number of mobile turbines: 15
Wind: 25.000000000000
Angle: 270.000000000000
Run id: 0
Stop criteria: 1000000
STN P (num vectors): 100
STN logger interval: 50

Run time:
[done]  instance=508_e-04 algo=nsga2 run_id=5 2026-09-01T14:34:28+00:00
[start] instance=510_e-02 algo=moead run_id=1 angle=240.000000000000 wind=15.000000000000 stop_criteria=1000000 stn_p=100 stn_interval=50 2026-09-01T14:34:28+00:00
9

Number of subproblems: 100
Number of neighbors: 10
Number of fixed turbines: 58
Number of mobile turbines: 15
Wind: 15.000000000000
Angle: 240.000000000000
Run id: 1
Stop criteria: 1000000
STN P (num vectors): 100
STN logger interval: 50

Run time:
[done]  instance=508_e-04 algo=nsga2 run_id=1 2026-09-01T14:34:37+00:00
[start] instance=510_e-02 algo=moead run_id=2 angle=300.000000000000 wind=9.000000000000 stop_criteria=1000000 stn_p=100 stn_interval=50 2026-09-01T14:34:37+00:00
9

Number of subproblems: 100
Number of neighbors: 10
Number of fixed turbines: 58
Number of mobile turbines: 15
Wind: 9.000000000000
Angle: 300.000000000000
Run id: 2
Stop criteria: 1000000
STN P (num vectors): 100
STN logger interval: 50

Run time:
[done]  instance=509_e-05 algo=moead run_id=18 2026-09-01T14:34:52+00:00
[start] instance=510_e-02 algo=moead run_id=3 angle=240.000000000000 wind=7.000000000000 stop_criteria=1000000 stn_p=100 stn_interval=50 2026-09-01T14:34:52+00:00
9

Number of subproblems: 100
Number of neighbors: 10
Number of fixed turbines: 58
Number of mobile turbines: 15
Wind: 7.000000000000
Angle: 240.000000000000
Run id: 3
Stop criteria: 1000000
STN P (num vectors): 100
STN logger interval: 50

Run time:
[done]  instance=509_e-05 algo=moead run_id=13 2026-09-01T14:34:53+00:00
[start] instance=510_e-02 algo=moead run_id=4 angle=300.000000000000 wind=7.000000000000 stop_criteria=1000000 stn_p=100 stn_interval=50 2026-09-01T14:34:53+00:00
9

Number of subproblems: 100
Number of neighbors: 10
Number of fixed turbines: 58
Number of mobile turbines: 15
Wind: 7.000000000000
Angle: 300.000000000000
Run id: 4
Stop criteria: 1000000
STN P (num vectors): 100
STN logger interval: 50

Run time:
[done]  instance=509_e-05 algo=moead run_id=1 2026-09-01T14:34:53+00:00
[start] instance=510_e-02 algo=moead run_id=5 angle=30.000000000000 wind=5.000000000000 stop_criteria=1000000 stn_p=100 stn_interval=50 2026-09-01T14:34:53+00:00
9

Number of subproblems: 100
Number of neighbors: 10
Number of fixed turbines: 58
Number of mobile turbines: 15
Wind: 5.000000000000
Angle: 30.000000000000
Run id: 5
Stop criteria: 1000000
STN P (num vectors): 100
STN logger interval: 50

Run time:
[done]  instance=509_e-05 algo=moead run_id=10 2026-09-01T14:35:34+00:00
[start] instance=510_e-02 algo=moead run_id=6 angle=240.000000000000 wind=11.000000000000 stop_criteria=1000000 stn_p=100 stn_interval=50 2026-09-01T14:35:34+00:00
9

Number of subproblems: 100
Number of neighbors: 10
Number of fixed turbines: 58
Number of mobile turbines: 15
Wind: 11.000000000000
Angle: 240.000000000000
Run id: 6
Stop criteria: 1000000
STN P (num vectors): 100
STN logger interval: 50

Run time:
[done]  instance=509_e-05 algo=moead run_id=14 2026-09-01T14:35:34+00:00
[start] instance=510_e-02 algo=moead run_id=7 angle=330.000000000000 wind=19.000000000000 stop_criteria=1000000 stn_p=100 stn_interval=50 2026-09-01T14:35:34+00:00
9

Number of subproblems: 100
Number of neighbors: 10
Number of fixed turbines: 58
Number of mobile turbines: 15
Wind: 19.000000000000
Angle: 330.000000000000
Run id: 7
Stop criteria: 1000000
STN P (num vectors): 100
STN logger interval: 50

Run time:
[done]  instance=509_e-05 algo=moead run_id=16 2026-09-01T14:36:07+00:00
[start] instance=510_e-02 algo=moead run_id=8 angle=300.000000000000 wind=9.000000000000 stop_criteria=1000000 stn_p=100 stn_interval=50 2026-09-01T14:36:07+00:00
9

Number of subproblems: 100
Number of neighbors: 10
Number of fixed turbines: 58
Number of mobile turbines: 15
Wind: 9.000000000000
Angle: 300.000000000000
Run id: 8
Stop criteria: 1000000
STN P (num vectors): 100
STN logger interval: 50

Run time:
[done]  instance=508_e-04 algo=nsga2 run_id=0 2026-09-01T14:36:07+00:00
[start] instance=510_e-02 algo=moead run_id=9 angle=180.000000000000 wind=3.000000000000 stop_criteria=1000000 stn_p=100 stn_interval=50 2026-09-01T14:36:07+00:00
9

Number of subproblems: 100
Number of neighbors: 10
Number of fixed turbines: 58
Number of mobile turbines: 15
Wind: 3.000000000000
Angle: 180.000000000000
Run id: 9
Stop criteria: 1000000
STN P (num vectors): 100
STN logger interval: 50

Run time:
[done]  instance=508_e-04 algo=nsga2 run_id=11 2026-09-01T14:36:14+00:00
[start] instance=510_e-02 algo=moead run_id=10 angle=180.000000000000 wind=13.000000000000 stop_criteria=1000000 stn_p=100 stn_interval=50 2026-09-01T14:36:14+00:00
9

Number of subproblems: 100
Number of neighbors: 10
Number of fixed turbines: 58
Number of mobile turbines: 15
Wind: 13.000000000000
Angle: 180.000000000000
Run id: 10
Stop criteria: 1000000
STN P (num vectors): 100
STN logger interval: 50

Run time:
[done]  instance=509_e-05 algo=moead run_id=12 2026-09-01T14:36:23+00:00
[start] instance=510_e-02 algo=moead run_id=11 angle=210.000000000000 wind=15.000000000000 stop_criteria=1000000 stn_p=100 stn_interval=50 2026-09-01T14:36:23+00:00
9

Number of subproblems: 100
Number of neighbors: 10
Number of fixed turbines: 58
Number of mobile turbines: 15
Wind: 15.000000000000
Angle: 210.000000000000
Run id: 11
Stop criteria: 1000000
STN P (num vectors): 100
STN logger interval: 50

Run time:
[done]  instance=509_e-05 algo=moead run_id=3 2026-09-01T14:36:25+00:00
[start] instance=510_e-02 algo=moead run_id=12 angle=240.000000000000 wind=9.000000000000 stop_criteria=1000000 stn_p=100 stn_interval=50 2026-09-01T14:36:25+00:00
9

Number of subproblems: 100
Number of neighbors: 10
Number of fixed turbines: 58
Number of mobile turbines: 15
Wind: 9.000000000000
Angle: 240.000000000000
Run id: 12
Stop criteria: 1000000
STN P (num vectors): 100
STN logger interval: 50

Run time:
[done]  instance=509_e-05 algo=moead run_id=15 2026-09-01T14:36:48+00:00
[start] instance=510_e-02 algo=moead run_id=13 angle=150.000000000000 wind=15.000000000000 stop_criteria=1000000 stn_p=100 stn_interval=50 2026-09-01T14:36:48+00:00
9

Number of subproblems: 100
Number of neighbors: 10
Number of fixed turbines: 58
Number of mobile turbines: 15
Wind: 15.000000000000
Angle: 150.000000000000
Run id: 13
Stop criteria: 1000000
STN P (num vectors): 100
STN logger interval: 50

Run time:
[done]  instance=509_e-05 algo=moead run_id=7 2026-09-01T14:36:53+00:00
[start] instance=510_e-02 algo=moead run_id=14 angle=240.000000000000 wind=5.000000000000 stop_criteria=1000000 stn_p=100 stn_interval=50 2026-09-01T14:36:53+00:00
9

Number of subproblems: 100
Number of neighbors: 10
Number of fixed turbines: 58
Number of mobile turbines: 15
Wind: 5.000000000000
Angle: 240.000000000000
Run id: 14
Stop criteria: 1000000
STN P (num vectors): 100
STN logger interval: 50

Run time:
[done]  instance=508_e-04 algo=nsga2 run_id=6 2026-09-01T14:36:59+00:00
[start] instance=510_e-02 algo=moead run_id=15 angle=120.000000000000 wind=11.000000000000 stop_criteria=1000000 stn_p=100 stn_interval=50 2026-09-01T14:36:59+00:00
9

Number of subproblems: 100
Number of neighbors: 10
Number of fixed turbines: 58
Number of mobile turbines: 15
Wind: 11.000000000000
Angle: 120.000000000000
Run id: 15
Stop criteria: 1000000
STN P (num vectors): 100
STN logger interval: 50

Run time:
[done]  instance=509_e-05 algo=moead run_id=19 2026-09-01T14:38:17+00:00
[done]  instance=509_e-05 algo=moead run_id=2 2026-09-01T14:38:17+00:00
[start] instance=510_e-02 algo=moead run_id=16 angle=300.000000000000 wind=13.000000000000 stop_criteria=1000000 stn_p=100 stn_interval=50 2026-09-01T14:38:17+00:00
[start] instance=510_e-02 algo=moead run_id=17 angle=330.000000000000 wind=13.000000000000 stop_criteria=1000000 stn_p=100 stn_interval=50 2026-09-01T14:38:17+00:00
9

Number of subproblems: 100
Number of neighbors: 10
Number of fixed turbines: 58
9
Number of mobile turbines: 15
Wind: 13.000000000000
Angle: 300.000000000000
Run id: 16
Stop criteria: 1000000

Number of subproblems: 100
Number of neighbors: 10
Number of fixed turbines: 58
Number of mobile turbines: 15
Wind: 13.000000000000
Angle: 330.000000000000
Run id: 17
Stop criteria: 1000000
STN P (num vectors): 100
STN logger interval: 50

Run time:
STN P (num vectors): 100
STN logger interval: 50

Run time:
[done]  instance=509_e-05 algo=moead run_id=8 2026-09-01T14:38:31+00:00
[start] instance=510_e-02 algo=moead run_id=18 angle=120.000000000000 wind=15.000000000000 stop_criteria=1000000 stn_p=100 stn_interval=50 2026-09-01T14:38:31+00:00
9

Number of subproblems: 100
Number of neighbors: 10
Number of fixed turbines: 58
Number of mobile turbines: 15
Wind: 15.000000000000
Angle: 120.000000000000
Run id: 18
Stop criteria: 1000000
STN P (num vectors): 100
STN logger interval: 50

Run time:
[done]  instance=509_e-05 algo=moead run_id=11 2026-09-01T14:38:37+00:00
[start] instance=510_e-02 algo=moead run_id=19 angle=60.000000000000 wind=13.000000000000 stop_criteria=1000000 stn_p=100 stn_interval=50 2026-09-01T14:38:37+00:00
9

Number of subproblems: 100
Number of neighbors: 10
Number of fixed turbines: 58
Number of mobile turbines: 15
Wind: 13.000000000000
Angle: 60.000000000000
Run id: 19
Stop criteria: 1000000
STN P (num vectors): 100
STN logger interval: 50

Run time:
[done]  instance=509_e-05 algo=moead run_id=17 2026-09-01T14:38:40+00:00
[start] instance=510_e-02 algo=nsga2 run_id=0 angle=270.000000000000 wind=11.000000000000 stop_criteria=1000000 stn_p=100 stn_interval=50 2026-09-01T14:38:40+00:00
9

Number of subproblems: 100
Number of neighbors: 10
Number of fixed turbines: 58
Number of mobile turbines: 15
Wind: 11.000000000000
Angle: 270.000000000000
Run id: 0
Stop criteria: 1000000
STN P (num vectors): 100
STN logger interval: 50

Run time:
[done]  instance=510_e-02 algo=moead run_id=0 2026-09-01T14:39:13+00:00
[start] instance=510_e-02 algo=nsga2 run_id=1 angle=120.000000000000 wind=9.000000000000 stop_criteria=1000000 stn_p=100 stn_interval=50 2026-09-01T14:39:14+00:00
9

Number of subproblems: 100
Number of neighbors: 10
Number of fixed turbines: 58
Number of mobile turbines: 15
Wind: 9.000000000000
Angle: 120.000000000000
Run id: 1
Stop criteria: 1000000
STN P (num vectors): 100
STN logger interval: 50

Run time:
[done]  instance=510_e-02 algo=moead run_id=5 2026-09-01T14:39:42+00:00
[start] instance=510_e-02 algo=nsga2 run_id=2 angle=60.000000000000 wind=3.000000000000 stop_criteria=1000000 stn_p=100 stn_interval=50 2026-09-01T14:39:42+00:00
9

Number of subproblems: 100
Number of neighbors: 10
Number of fixed turbines: 58
Number of mobile turbines: 15
Wind: 3.000000000000
Angle: 60.000000000000
Run id: 2
Stop criteria: 1000000
STN P (num vectors): 100
STN logger interval: 50

Run time:
[done]  instance=510_e-02 algo=moead run_id=1 2026-09-01T14:39:55+00:00
[start] instance=510_e-02 algo=nsga2 run_id=3 angle=150.000000000000 wind=3.000000000000 stop_criteria=1000000 stn_p=100 stn_interval=50 2026-09-01T14:39:55+00:00
9

Number of subproblems: 100
Number of neighbors: 10
Number of fixed turbines: 58
Number of mobile turbines: 15
Wind: 3.000000000000
Angle: 150.000000000000
Run id: 3
Stop criteria: 1000000
STN P (num vectors): 100
STN logger interval: 50

Run time:
[done]  instance=508_e-04 algo=nsga2 run_id=15 2026-09-01T14:40:03+00:00
[start] instance=510_e-02 algo=nsga2 run_id=4 angle=120.000000000000 wind=5.000000000000 stop_criteria=1000000 stn_p=100 stn_interval=50 2026-09-01T14:40:03+00:00
9

Number of subproblems: 100
Number of neighbors: 10
Number of fixed turbines: 58
Number of mobile turbines: 15
Wind: 5.000000000000
Angle: 120.000000000000
Run id: 4
Stop criteria: 1000000
STN P (num vectors): 100
STN logger interval: 50

Run time:
[done]  instance=510_e-02 algo=moead run_id=2 2026-09-01T14:40:10+00:00
[start] instance=510_e-02 algo=nsga2 run_id=5 angle=270.000000000000 wind=9.000000000000 stop_criteria=1000000 stn_p=100 stn_interval=50 2026-09-01T14:40:10+00:00
9

Number of subproblems: 100
Number of neighbors: 10
Number of fixed turbines: 58
Number of mobile turbines: 15
Wind: 9.000000000000
Angle: 270.000000000000
Run id: 5
Stop criteria: 1000000
STN P (num vectors): 100
STN logger interval: 50

Run time:
[done]  instance=510_e-02 algo=moead run_id=4 2026-09-01T14:40:29+00:00
[start] instance=510_e-02 algo=nsga2 run_id=6 angle=330.000000000000 wind=21.000000000000 stop_criteria=1000000 stn_p=100 stn_interval=50 2026-09-01T14:40:29+00:00
9

Number of subproblems: 100
Number of neighbors: 10
Number of fixed turbines: 58
Number of mobile turbines: 15
Wind: 21.000000000000
Angle: 330.000000000000
Run id: 6
Stop criteria: 1000000
STN P (num vectors): 100
STN logger interval: 50

Run time:
[done]  instance=510_e-02 algo=moead run_id=3 2026-09-01T14:40:32+00:00
[start] instance=510_e-02 algo=nsga2 run_id=7 angle=30.000000000000 wind=7.000000000000 stop_criteria=1000000 stn_p=100 stn_interval=50 2026-09-01T14:40:32+00:00
9

Number of subproblems: 100
Number of neighbors: 10
Number of fixed turbines: 58
Number of mobile turbines: 15
Wind: 7.000000000000
Angle: 30.000000000000
Run id: 7
Stop criteria: 1000000
STN P (num vectors): 100
STN logger interval: 50

Run time:
[done]  instance=510_e-02 algo=moead run_id=6 2026-09-01T14:41:14+00:00
[start] instance=510_e-02 algo=nsga2 run_id=8 angle=240.000000000000 wind=15.000000000000 stop_criteria=1000000 stn_p=100 stn_interval=50 2026-09-01T14:41:14+00:00
9

Number of subproblems: 100
Number of neighbors: 10
Number of fixed turbines: 58
Number of mobile turbines: 15
Wind: 15.000000000000
Angle: 240.000000000000
Run id: 8
Stop criteria: 1000000
STN P (num vectors): 100
STN logger interval: 50

Run time:
[done]  instance=510_e-02 algo=moead run_id=8 2026-09-01T14:41:15+00:00
[start] instance=510_e-02 algo=nsga2 run_id=9 angle=270.000000000000 wind=9.000000000000 stop_criteria=1000000 stn_p=100 stn_interval=50 2026-09-01T14:41:15+00:00
9

Number of subproblems: 100
Number of neighbors: 10
Number of fixed turbines: 58
Number of mobile turbines: 15
Wind: 9.000000000000
Angle: 270.000000000000
Run id: 9
Stop criteria: 1000000
STN P (num vectors): 100
STN logger interval: 50

Run time:
[done]  instance=508_e-04 algo=nsga2 run_id=12 2026-09-01T14:41:16+00:00
[start] instance=510_e-02 algo=nsga2 run_id=10 angle=330.000000000000 wind=11.000000000000 stop_criteria=1000000 stn_p=100 stn_interval=50 2026-09-01T14:41:16+00:00
9

Number of subproblems: 100
Number of neighbors: 10
Number of fixed turbines: 58
Number of mobile turbines: 15
Wind: 11.000000000000
Angle: 330.000000000000
Run id: 10
Stop criteria: 1000000
STN P (num vectors): 100
STN logger interval: 50

Run time:
[done]  instance=510_e-02 algo=moead run_id=7 2026-09-01T14:41:24+00:00
[start] instance=510_e-02 algo=nsga2 run_id=11 angle=330.000000000000 wind=7.000000000000 stop_criteria=1000000 stn_p=100 stn_interval=50 2026-09-01T14:41:24+00:00
9

Number of subproblems: 100
Number of neighbors: 10
Number of fixed turbines: 58
Number of mobile turbines: 15
Wind: 7.000000000000
Angle: 330.000000000000
Run id: 11
Stop criteria: 1000000
STN P (num vectors): 100
STN logger interval: 50

Run time:
[done]  instance=510_e-02 algo=moead run_id=9 2026-09-01T14:41:35+00:00
[start] instance=510_e-02 algo=nsga2 run_id=12 angle=300.000000000000 wind=17.000000000000 stop_criteria=1000000 stn_p=100 stn_interval=50 2026-09-01T14:41:35+00:00
9

Number of subproblems: 100
Number of neighbors: 10
Number of fixed turbines: 58
Number of mobile turbines: 15
Wind: 17.000000000000
Angle: 300.000000000000
Run id: 12
Stop criteria: 1000000
STN P (num vectors): 100
STN logger interval: 50

Run time:
[done]  instance=510_e-02 algo=moead run_id=10 2026-09-01T14:41:47+00:00
[start] instance=510_e-02 algo=nsga2 run_id=13 angle=270.000000000000 wind=11.000000000000 stop_criteria=1000000 stn_p=100 stn_interval=50 2026-09-01T14:41:47+00:00
9

Number of subproblems: 100
Number of neighbors: 10
Number of fixed turbines: 58
Number of mobile turbines: 15
Wind: 11.000000000000
Angle: 270.000000000000
Run id: 13
Stop criteria: 1000000
STN P (num vectors): 100
STN logger interval: 50

Run time:
[done]  instance=508_e-04 algo=nsga2 run_id=16 2026-09-01T14:41:51+00:00
[start] instance=510_e-02 algo=nsga2 run_id=14 angle=90.000000000000 wind=11.000000000000 stop_criteria=1000000 stn_p=100 stn_interval=50 2026-09-01T14:41:51+00:00
9

Number of subproblems: 100
Number of neighbors: 10
Number of fixed turbines: 58
Number of mobile turbines: 15
Wind: 11.000000000000
Angle: 90.000000000000
Run id: 14
Stop criteria: 1000000
STN P (num vectors): 100
STN logger interval: 50

Run time:
[done]  instance=510_e-02 algo=moead run_id=12 2026-09-01T14:41:56+00:00
[start] instance=510_e-02 algo=nsga2 run_id=15 angle=330.000000000000 wind=5.000000000000 stop_criteria=1000000 stn_p=100 stn_interval=50 2026-09-01T14:41:56+00:00
9

Number of subproblems: 100
Number of neighbors: 10
Number of fixed turbines: 58
Number of mobile turbines: 15
Wind: 5.000000000000
Angle: 330.000000000000
Run id: 15
Stop criteria: 1000000
STN P (num vectors): 100
STN logger interval: 50

Run time:
[done]  instance=510_e-02 algo=moead run_id=11 2026-09-01T14:42:13+00:00
[start] instance=510_e-02 algo=nsga2 run_id=16 angle=300.000000000000 wind=5.000000000000 stop_criteria=1000000 stn_p=100 stn_interval=50 2026-09-01T14:42:13+00:00
9

Number of subproblems: 100
Number of neighbors: 10
Number of fixed turbines: 58
Number of mobile turbines: 15
Wind: 5.000000000000
Angle: 300.000000000000
Run id: 16
Stop criteria: 1000000
STN P (num vectors): 100
STN logger interval: 50

Run time:
[done]  instance=510_e-02 algo=moead run_id=15 2026-09-01T14:42:21+00:00
[start] instance=510_e-02 algo=nsga2 run_id=17 angle=270.000000000000 wind=15.000000000000 stop_criteria=1000000 stn_p=100 stn_interval=50 2026-09-01T14:42:21+00:00
9

Number of subproblems: 100
Number of neighbors: 10
Number of fixed turbines: 58
Number of mobile turbines: 15
Wind: 15.000000000000
Angle: 270.000000000000
Run id: 17
Stop criteria: 1000000
STN P (num vectors): 100
STN logger interval: 50

Run time:
[done]  instance=510_e-02 algo=moead run_id=14 2026-09-01T14:42:21+00:00
[start] instance=510_e-02 algo=nsga2 run_id=18 angle=150.000000000000 wind=13.000000000000 stop_criteria=1000000 stn_p=100 stn_interval=50 2026-09-01T14:42:22+00:00
9

Number of subproblems: 100
Number of neighbors: 10
Number of fixed turbines: 58
Number of mobile turbines: 15
Wind: 13.000000000000
Angle: 150.000000000000
Run id: 18
Stop criteria: 1000000
STN P (num vectors): 100
STN logger interval: 50

Run time:
[done]  instance=510_e-02 algo=moead run_id=13 2026-09-01T14:42:28+00:00
[start] instance=510_e-02 algo=nsga2 run_id=19 angle=60.000000000000 wind=11.000000000000 stop_criteria=1000000 stn_p=100 stn_interval=50 2026-09-01T14:42:28+00:00
9

Number of subproblems: 100
Number of neighbors: 10
Number of fixed turbines: 58
Number of mobile turbines: 15
Wind: 11.000000000000
Angle: 60.000000000000
Run id: 19
Stop criteria: 1000000
STN P (num vectors): 100
STN logger interval: 50

Run time:
[done]  instance=508_e-04 algo=nsga2 run_id=19 2026-09-01T14:42:35+00:00
[setup] criado ../instances/site/511_e-03 -> ../../wflop_instances/sparse_instances/single_site_sweep/511_e-03
[start] instance=511_e-03 algo=moead run_id=0 angle=120.000000000000 wind=17.000000000000 stop_criteria=1000000 stn_p=100 stn_interval=50 2026-09-01T14:42:35+00:00
9

Number of subproblems: 100
Number of neighbors: 10
Number of fixed turbines: 58
Number of mobile turbines: 15
Wind: 17.000000000000
Angle: 120.000000000000
Run id: 0
Stop criteria: 1000000
STN P (num vectors): 100
STN logger interval: 50

Run time:
[done]  instance=510_e-02 algo=moead run_id=18 2026-09-01T14:43:15+00:00
[start] instance=511_e-03 algo=moead run_id=1 angle=120.000000000000 wind=5.000000000000 stop_criteria=1000000 stn_p=100 stn_interval=50 2026-09-01T14:43:15+00:00
9

Number of subproblems: 100
Number of neighbors: 10
Number of fixed turbines: 58
Number of mobile turbines: 15
Wind: 5.000000000000
Angle: 120.000000000000
Run id: 1
Stop criteria: 1000000
STN P (num vectors): 100
STN logger interval: 50

Run time:
[done]  instance=508_e-04 algo=nsga2 run_id=4 2026-09-01T14:43:23+00:00
[start] instance=511_e-03 algo=moead run_id=2 angle=60.000000000000 wind=7.000000000000 stop_criteria=1000000 stn_p=100 stn_interval=50 2026-09-01T14:43:23+00:00
9

Number of subproblems: 100
Number of neighbors: 10
Number of fixed turbines: 58
Number of mobile turbines: 15
Wind: 7.000000000000
Angle: 60.000000000000
Run id: 2
Stop criteria: 1000000
STN P (num vectors): 100
STN logger interval: 50

Run time:
[done]  instance=508_e-04 algo=nsga2 run_id=8 2026-09-01T14:43:23+00:00
[start] instance=511_e-03 algo=moead run_id=3 angle=210.000000000000 wind=9.000000000000 stop_criteria=1000000 stn_p=100 stn_interval=50 2026-09-01T14:43:23+00:00
9

Number of subproblems: 100
Number of neighbors: 10
Number of fixed turbines: 58
Number of mobile turbines: 15
Wind: 9.000000000000
Angle: 210.000000000000
Run id: 3
Stop criteria: 1000000
STN P (num vectors): 100
STN logger interval: 50

Run time:
[done]  instance=510_e-02 algo=moead run_id=19 2026-09-01T14:43:50+00:00
[start] instance=511_e-03 algo=moead run_id=4 angle=330.000000000000 wind=9.000000000000 stop_criteria=1000000 stn_p=100 stn_interval=50 2026-09-01T14:43:50+00:00
9

Number of subproblems: 100
Number of neighbors: 10
Number of fixed turbines: 58
Number of mobile turbines: 15
Wind: 9.000000000000
Angle: 330.000000000000
Run id: 4
Stop criteria: 1000000
STN P (num vectors): 100
STN logger interval: 50

Run time:
[done]  instance=510_e-02 algo=moead run_id=17 2026-09-01T14:44:00+00:00
[start] instance=511_e-03 algo=moead run_id=5 angle=180.000000000000 wind=7.000000000000 stop_criteria=1000000 stn_p=100 stn_interval=50 2026-09-01T14:44:00+00:00
9

Number of subproblems: 100
Number of neighbors: 10
Number of fixed turbines: 58
Number of mobile turbines: 15
Wind: 7.000000000000
Angle: 180.000000000000
Run id: 5
Stop criteria: 1000000
STN P (num vectors): 100
STN logger interval: 50

Run time:
[done]  instance=510_e-02 algo=moead run_id=16 2026-09-01T14:44:01+00:00
[start] instance=511_e-03 algo=moead run_id=6 angle=240.000000000000 wind=7.000000000000 stop_criteria=1000000 stn_p=100 stn_interval=50 2026-09-01T14:44:01+00:00
9

Number of subproblems: 100
Number of neighbors: 10
Number of fixed turbines: 58
Number of mobile turbines: 15
Wind: 7.000000000000
Angle: 240.000000000000
Run id: 6
Stop criteria: 1000000
STN P (num vectors): 100
STN logger interval: 50

Run time:
[done]  instance=508_e-04 algo=nsga2 run_id=14 2026-09-01T14:45:18+00:00
[start] instance=511_e-03 algo=moead run_id=7 angle=90.000000000000 wind=9.000000000000 stop_criteria=1000000 stn_p=100 stn_interval=50 2026-09-01T14:45:18+00:00
9

Number of subproblems: 100
Number of neighbors: 10
Number of fixed turbines: 58
Number of mobile turbines: 15
Wind: 9.000000000000
Angle: 90.000000000000
Run id: 7
Stop criteria: 1000000
STN P (num vectors): 100
STN logger interval: 50

Run time:
[done]  instance=508_e-04 algo=nsga2 run_id=7 2026-09-01T14:45:20+00:00
[start] instance=511_e-03 algo=moead run_id=8 angle=330.000000000000 wind=5.000000000000 stop_criteria=1000000 stn_p=100 stn_interval=50 2026-09-01T14:45:20+00:00
9

Number of subproblems: 100
Number of neighbors: 10
Number of fixed turbines: 58
Number of mobile turbines: 15
Wind: 5.000000000000
Angle: 330.000000000000
Run id: 8
Stop criteria: 1000000
STN P (num vectors): 100
STN logger interval: 50

Run time:
[done]  instance=508_e-04 algo=nsga2 run_id=10 2026-09-01T14:45:42+00:00
[start] instance=511_e-03 algo=moead run_id=9 angle=120.000000000000 wind=5.000000000000 stop_criteria=1000000 stn_p=100 stn_interval=50 2026-09-01T14:45:42+00:00
9

Number of subproblems: 100
Number of neighbors: 10
Number of fixed turbines: 58
Number of mobile turbines: 15
Wind: 5.000000000000
Angle: 120.000000000000
Run id: 9
Stop criteria: 1000000
STN P (num vectors): 100
STN logger interval: 50

Run time:
[done]  instance=508_e-04 algo=nsga2 run_id=18 2026-09-01T14:46:16+00:00
[start] instance=511_e-03 algo=moead run_id=10 angle=270.000000000000 wind=7.000000000000 stop_criteria=1000000 stn_p=100 stn_interval=50 2026-09-01T14:46:16+00:00
9

Number of subproblems: 100
Number of neighbors: 10
Number of fixed turbines: 58
Number of mobile turbines: 15
Wind: 7.000000000000
Angle: 270.000000000000
Run id: 10
Stop criteria: 1000000
STN P (num vectors): 100
STN logger interval: 50

Run time:
[done]  instance=508_e-04 algo=nsga2 run_id=13 2026-09-01T14:46:17+00:00
[start] instance=511_e-03 algo=moead run_id=11 angle=210.000000000000 wind=3.000000000000 stop_criteria=1000000 stn_p=100 stn_interval=50 2026-09-01T14:46:17+00:00
9

Number of subproblems: 100
Number of neighbors: 10
Number of fixed turbines: 58
Number of mobile turbines: 15
Wind: 3.000000000000
Angle: 210.000000000000
Run id: 11
Stop criteria: 1000000
STN P (num vectors): 100
STN logger interval: 50

Run time:
[done]  instance=511_e-03 algo=moead run_id=0 2026-09-01T14:47:55+00:00
[start] instance=511_e-03 algo=moead run_id=12 angle=180.000000000000 wind=13.000000000000 stop_criteria=1000000 stn_p=100 stn_interval=50 2026-09-01T14:47:55+00:00
9

Number of subproblems: 100
Number of neighbors: 10
Number of fixed turbines: 58
Number of mobile turbines: 15
Wind: 13.000000000000
Angle: 180.000000000000
Run id: 12
Stop criteria: 1000000
STN P (num vectors): 100
STN logger interval: 50

Run time:
[done]  instance=510_e-02 algo=nsga2 run_id=0 2026-09-01T14:48:12+00:00
[start] instance=511_e-03 algo=moead run_id=13 angle=180.000000000000 wind=11.000000000000 stop_criteria=1000000 stn_p=100 stn_interval=50 2026-09-01T14:48:12+00:00
9

Number of subproblems: 100
Number of neighbors: 10
Number of fixed turbines: 58
Number of mobile turbines: 15
Wind: 11.000000000000
Angle: 180.000000000000
Run id: 13
Stop criteria: 1000000
STN P (num vectors): 100
STN logger interval: 50

Run time:
[done]  instance=510_e-02 algo=nsga2 run_id=2 2026-09-01T14:48:26+00:00
[start] instance=511_e-03 algo=moead run_id=14 angle=60.000000000000 wind=9.000000000000 stop_criteria=1000000 stn_p=100 stn_interval=50 2026-09-01T14:48:26+00:00
9

Number of subproblems: 100
Number of neighbors: 10
Number of fixed turbines: 58
Number of mobile turbines: 15
Wind: 9.000000000000
Angle: 60.000000000000
Run id: 14
Stop criteria: 1000000
STN P (num vectors): 100
STN logger interval: 50

Run time:
[done]  instance=511_e-03 algo=moead run_id=1 2026-09-01T14:48:38+00:00
[start] instance=511_e-03 algo=moead run_id=15 angle=330.000000000000 wind=9.000000000000 stop_criteria=1000000 stn_p=100 stn_interval=50 2026-09-01T14:48:38+00:00
9

Number of subproblems: 100
Number of neighbors: 10
Number of fixed turbines: 58
Number of mobile turbines: 15
Wind: 9.000000000000
Angle: 330.000000000000
Run id: 15
Stop criteria: 1000000
STN P (num vectors): 100
STN logger interval: 50

Run time:
[done]  instance=511_e-03 algo=moead run_id=2 2026-09-01T14:48:40+00:00
[start] instance=511_e-03 algo=moead run_id=16 angle=330.000000000000 wind=9.000000000000 stop_criteria=1000000 stn_p=100 stn_interval=50 2026-09-01T14:48:40+00:00
9

Number of subproblems: 100
Number of neighbors: 10
Number of fixed turbines: 58
Number of mobile turbines: 15
Wind: 9.000000000000
Angle: 330.000000000000
Run id: 16
Stop criteria: 1000000
STN P (num vectors): 100
STN logger interval: 50

Run time:
[done]  instance=510_e-02 algo=nsga2 run_id=4 2026-09-01T14:49:13+00:00
[start] instance=511_e-03 algo=moead run_id=17 angle=330.000000000000 wind=5.000000000000 stop_criteria=1000000 stn_p=100 stn_interval=50 2026-09-01T14:49:13+00:00
9

Number of subproblems: 100
Number of neighbors: 10
Number of fixed turbines: 58
Number of mobile turbines: 15
Wind: 5.000000000000
Angle: 330.000000000000
Run id: 17
Stop criteria: 1000000
STN P (num vectors): 100
STN logger interval: 50

Run time:
[done]  instance=511_e-03 algo=moead run_id=3 2026-09-01T14:49:16+00:00
[start] instance=511_e-03 algo=moead run_id=18 angle=180.000000000000 wind=7.000000000000 stop_criteria=1000000 stn_p=100 stn_interval=50 2026-09-01T14:49:16+00:00
9

Number of subproblems: 100
Number of neighbors: 10
Number of fixed turbines: 58
Number of mobile turbines: 15
Wind: 7.000000000000
Angle: 180.000000000000
Run id: 18
Stop criteria: 1000000
STN P (num vectors): 100
STN logger interval: 50

Run time:
[done]  instance=510_e-02 algo=nsga2 run_id=5 2026-09-01T14:49:18+00:00
[start] instance=511_e-03 algo=moead run_id=19 angle=0.000000000000 wind=13.000000000000 stop_criteria=1000000 stn_p=100 stn_interval=50 2026-09-01T14:49:18+00:00
9

Number of subproblems: 100
Number of neighbors: 10
Number of fixed turbines: 58
Number of mobile turbines: 15
Wind: 13.000000000000
Angle: 0.000000000000
Run id: 19
Stop criteria: 1000000
STN P (num vectors): 100
STN logger interval: 50

Run time:
[done]  instance=510_e-02 algo=nsga2 run_id=9 2026-09-01T14:49:31+00:00
[start] instance=511_e-03 algo=nsga2 run_id=0 angle=330.000000000000 wind=7.000000000000 stop_criteria=1000000 stn_p=100 stn_interval=50 2026-09-01T14:49:31+00:00
9

Number of subproblems: 100
Number of neighbors: 10
Number of fixed turbines: 58
Number of mobile turbines: 15
Wind: 7.000000000000
Angle: 330.000000000000
Run id: 0
Stop criteria: 1000000
STN P (num vectors): 100
STN logger interval: 50

Run time:
[done]  instance=511_e-03 algo=moead run_id=5 2026-09-01T14:49:38+00:00
[start] instance=511_e-03 algo=nsga2 run_id=1 angle=330.000000000000 wind=7.000000000000 stop_criteria=1000000 stn_p=100 stn_interval=50 2026-09-01T14:49:38+00:00
9

Number of subproblems: 100
Number of neighbors: 10
Number of fixed turbines: 58
Number of mobile turbines: 15
Wind: 7.000000000000
Angle: 330.000000000000
Run id: 1
Stop criteria: 1000000
STN P (num vectors): 100
STN logger interval: 50

Run time:
[done]  instance=511_e-03 algo=moead run_id=4 2026-09-01T14:49:41+00:00
[start] instance=511_e-03 algo=nsga2 run_id=2 angle=210.000000000000 wind=19.000000000000 stop_criteria=1000000 stn_p=100 stn_interval=50 2026-09-01T14:49:41+00:00
9

Number of subproblems: 100
Number of neighbors: 10
Number of fixed turbines: 58
Number of mobile turbines: 15
Wind: 19.000000000000
Angle: 210.000000000000
Run id: 2
Stop criteria: 1000000
STN P (num vectors): 100
STN logger interval: 50

Run time:
[done]  instance=510_e-02 algo=nsga2 run_id=1 2026-09-01T14:49:52+00:00
[start] instance=511_e-03 algo=nsga2 run_id=3 angle=90.000000000000 wind=11.000000000000 stop_criteria=1000000 stn_p=100 stn_interval=50 2026-09-01T14:49:52+00:00
9

Number of subproblems: 100
Number of neighbors: 10
Number of fixed turbines: 58
Number of mobile turbines: 15
Wind: 11.000000000000
Angle: 90.000000000000
Run id: 3
Stop criteria: 1000000
STN P (num vectors): 100
STN logger interval: 50

Run time:
[done]  instance=511_e-03 algo=moead run_id=6 2026-09-01T14:50:00+00:00
[start] instance=511_e-03 algo=nsga2 run_id=4 angle=90.000000000000 wind=5.000000000000 stop_criteria=1000000 stn_p=100 stn_interval=50 2026-09-01T14:50:01+00:00
9

Number of subproblems: 100
Number of neighbors: 10
Number of fixed turbines: 58
Number of mobile turbines: 15
Wind: 5.000000000000
Angle: 90.000000000000
Run id: 4
Stop criteria: 1000000
STN P (num vectors): 100
STN logger interval: 50

Run time:
[done]  instance=510_e-02 algo=nsga2 run_id=7 2026-09-01T14:50:07+00:00
[done]  instance=511_e-03 algo=moead run_id=7 2026-09-01T14:50:07+00:00
[start] instance=511_e-03 algo=nsga2 run_id=5 angle=120.000000000000 wind=15.000000000000 stop_criteria=1000000 stn_p=100 stn_interval=50 2026-09-01T14:50:07+00:00
9

Number of subproblems: 100
Number of neighbors: 10
Number of fixed turbines: 58
Number of mobile turbines: 15
Wind: 15.000000000000
Angle: 120.000000000000
Run id: 5
Stop criteria: 1000000
STN P (num vectors): 100
STN logger interval: 50

Run time:
[start] instance=511_e-03 algo=nsga2 run_id=6 angle=210.000000000000 wind=17.000000000000 stop_criteria=1000000 stn_p=100 stn_interval=50 2026-09-01T14:50:07+00:00
9

Number of subproblems: 100
Number of neighbors: 10
Number of fixed turbines: 58
Number of mobile turbines: 15
Wind: 17.000000000000
Angle: 210.000000000000
Run id: 6
Stop criteria: 1000000
STN P (num vectors): 100
STN logger interval: 50

Run time:
[done]  instance=510_e-02 algo=nsga2 run_id=8 2026-09-01T14:50:08+00:00
[start] instance=511_e-03 algo=nsga2 run_id=7 angle=240.000000000000 wind=11.000000000000 stop_criteria=1000000 stn_p=100 stn_interval=50 2026-09-01T14:50:08+00:00
9

Number of subproblems: 100
Number of neighbors: 10
Number of fixed turbines: 58
Number of mobile turbines: 15
Wind: 11.000000000000
Angle: 240.000000000000
Run id: 7
Stop criteria: 1000000
STN P (num vectors): 100
STN logger interval: 50

Run time:
[done]  instance=510_e-02 algo=nsga2 run_id=6 2026-09-01T14:50:25+00:00
[start] instance=511_e-03 algo=nsga2 run_id=8 angle=240.000000000000 wind=13.000000000000 stop_criteria=1000000 stn_p=100 stn_interval=50 2026-09-01T14:50:25+00:00
9

Number of subproblems: 100
Number of neighbors: 10
Number of fixed turbines: 58
Number of mobile turbines: 15
Wind: 13.000000000000
Angle: 240.000000000000
Run id: 8
Stop criteria: 1000000
STN P (num vectors): 100
STN logger interval: 50

Run time:
[done]  instance=510_e-02 algo=nsga2 run_id=14 2026-09-01T14:50:25+00:00
[start] instance=511_e-03 algo=nsga2 run_id=9 angle=300.000000000000 wind=5.000000000000 stop_criteria=1000000 stn_p=100 stn_interval=50 2026-09-01T14:50:26+00:00
9

Number of subproblems: 100
Number of neighbors: 10
Number of fixed turbines: 58
Number of mobile turbines: 15
Wind: 5.000000000000
Angle: 300.000000000000
Run id: 9
Stop criteria: 1000000
STN P (num vectors): 100
STN logger interval: 50

Run time:
[done]  instance=510_e-02 algo=nsga2 run_id=13 2026-09-01T14:50:37+00:00
[start] instance=511_e-03 algo=nsga2 run_id=10 angle=150.000000000000 wind=17.000000000000 stop_criteria=1000000 stn_p=100 stn_interval=50 2026-09-01T14:50:37+00:00
9

Number of subproblems: 100
Number of neighbors: 10
Number of fixed turbines: 58
Number of mobile turbines: 15
Wind: 17.000000000000
Angle: 150.000000000000
Run id: 10
Stop criteria: 1000000
STN P (num vectors): 100
STN logger interval: 50

Run time:
[done]  instance=510_e-02 algo=nsga2 run_id=12 2026-09-01T14:50:42+00:00
[start] instance=511_e-03 algo=nsga2 run_id=11 angle=300.000000000000 wind=9.000000000000 stop_criteria=1000000 stn_p=100 stn_interval=50 2026-09-01T14:50:42+00:00
9

Number of subproblems: 100
Number of neighbors: 10
Number of fixed turbines: 58
Number of mobile turbines: 15
Wind: 9.000000000000
Angle: 300.000000000000
Run id: 11
Stop criteria: 1000000
STN P (num vectors): 100
STN logger interval: 50

Run time:
[done]  instance=511_e-03 algo=moead run_id=9 2026-09-01T14:50:47+00:00
[start] instance=511_e-03 algo=nsga2 run_id=12 angle=300.000000000000 wind=7.000000000000 stop_criteria=1000000 stn_p=100 stn_interval=50 2026-09-01T14:50:47+00:00
9

Number of subproblems: 100
Number of neighbors: 10
Number of fixed turbines: 58
Number of mobile turbines: 15
Wind: 7.000000000000
Angle: 300.000000000000
Run id: 12
Stop criteria: 1000000
STN P (num vectors): 100
STN logger interval: 50

Run time:
[done]  instance=510_e-02 algo=nsga2 run_id=3 2026-09-01T14:50:57+00:00
[start] instance=511_e-03 algo=nsga2 run_id=13 angle=210.000000000000 wind=19.000000000000 stop_criteria=1000000 stn_p=100 stn_interval=50 2026-09-01T14:50:57+00:00
9

Number of subproblems: 100
Number of neighbors: 10
Number of fixed turbines: 58
Number of mobile turbines: 15
Wind: 19.000000000000
Angle: 210.000000000000
Run id: 13
Stop criteria: 1000000
STN P (num vectors): 100
STN logger interval: 50

Run time:
[done]  instance=510_e-02 algo=nsga2 run_id=10 2026-09-01T14:51:08+00:00
[start] instance=511_e-03 algo=nsga2 run_id=14 angle=330.000000000000 wind=17.000000000000 stop_criteria=1000000 stn_p=100 stn_interval=50 2026-09-01T14:51:08+00:00
9

Number of subproblems: 100
Number of neighbors: 10
Number of fixed turbines: 58
Number of mobile turbines: 15
Wind: 17.000000000000
Angle: 330.000000000000
Run id: 14
Stop criteria: 1000000
STN P (num vectors): 100
STN logger interval: 50

Run time:
[done]  instance=510_e-02 algo=nsga2 run_id=17 2026-09-01T14:51:14+00:00
[start] instance=511_e-03 algo=nsga2 run_id=15 angle=300.000000000000 wind=19.000000000000 stop_criteria=1000000 stn_p=100 stn_interval=50 2026-09-01T14:51:14+00:00
9

Number of subproblems: 100
Number of neighbors: 10
Number of fixed turbines: 58
Number of mobile turbines: 15
Wind: 19.000000000000
Angle: 300.000000000000
Run id: 15
Stop criteria: 1000000
STN P (num vectors): 100
STN logger interval: 50

Run time:
[done]  instance=511_e-03 algo=moead run_id=8 2026-09-01T14:51:14+00:00
[start] instance=511_e-03 algo=nsga2 run_id=16 angle=210.000000000000 wind=15.000000000000 stop_criteria=1000000 stn_p=100 stn_interval=50 2026-09-01T14:51:14+00:00
9

Number of subproblems: 100
Number of neighbors: 10
Number of fixed turbines: 58
Number of mobile turbines: 15
Wind: 15.000000000000
Angle: 210.000000000000
Run id: 16
Stop criteria: 1000000
STN P (num vectors): 100
STN logger interval: 50

Run time:
[done]  instance=508_e-04 algo=nsga2 run_id=17 2026-09-01T14:51:26+00:00
[start] instance=511_e-03 algo=nsga2 run_id=17 angle=150.000000000000 wind=9.000000000000 stop_criteria=1000000 stn_p=100 stn_interval=50 2026-09-01T14:51:26+00:00
9

Number of subproblems: 100
Number of neighbors: 10
Number of fixed turbines: 58
Number of mobile turbines: 15
Wind: 9.000000000000
Angle: 150.000000000000
Run id: 17
Stop criteria: 1000000
STN P (num vectors): 100
STN logger interval: 50

Run time:
[done]  instance=511_e-03 algo=moead run_id=10 2026-09-01T14:51:48+00:00
[start] instance=511_e-03 algo=nsga2 run_id=18 angle=120.000000000000 wind=1.000000000000 stop_criteria=1000000 stn_p=100 stn_interval=50 2026-09-01T14:51:48+00:00
9

Number of subproblems: 100
Number of neighbors: 10
Number of fixed turbines: 58
Number of mobile turbines: 15
Wind: 1.000000000000
Angle: 120.000000000000
Run id: 18
Stop criteria: 1000000
STN P (num vectors): 100
STN logger interval: 50

Run time:
[done]  instance=511_e-03 algo=moead run_id=11 2026-09-01T14:52:03+00:00
[start] instance=511_e-03 algo=nsga2 run_id=19 angle=240.000000000000 wind=9.000000000000 stop_criteria=1000000 stn_p=100 stn_interval=50 2026-09-01T14:52:03+00:00
9

Number of subproblems: 100
Number of neighbors: 10
Number of fixed turbines: 58
Number of mobile turbines: 15
Wind: 9.000000000000
Angle: 240.000000000000
Run id: 19
Stop criteria: 1000000
STN P (num vectors): 100
STN logger interval: 50

Run time:
[done]  instance=510_e-02 algo=nsga2 run_id=18 2026-09-01T14:52:16+00:00
[setup] criado ../instances/site/512_e-04 -> ../../wflop_instances/sparse_instances/single_site_sweep/512_e-04
[start] instance=512_e-04 algo=moead run_id=0 angle=300.000000000000 wind=9.000000000000 stop_criteria=1000000 stn_p=100 stn_interval=50 2026-09-01T14:52:16+00:00
9

Number of subproblems: 100
Number of neighbors: 10
Number of fixed turbines: 58
Number of mobile turbines: 15
Wind: 9.000000000000
Angle: 300.000000000000
Run id: 0
Stop criteria: 1000000
STN P (num vectors): 100
STN logger interval: 50

Run time:
[done]  instance=510_e-02 algo=nsga2 run_id=19 2026-09-01T14:52:20+00:00
[start] instance=512_e-04 algo=moead run_id=1 angle=120.000000000000 wind=9.000000000000 stop_criteria=1000000 stn_p=100 stn_interval=50 2026-09-01T14:52:20+00:00
9

Number of subproblems: 100
Number of neighbors: 10
Number of fixed turbines: 58
Number of mobile turbines: 15
Wind: 9.000000000000
Angle: 120.000000000000
Run id: 1
Stop criteria: 1000000
STN P (num vectors): 100
STN logger interval: 50

Run time:
[done]  instance=511_e-03 algo=moead run_id=14 2026-09-01T14:53:07+00:00
[start] instance=512_e-04 algo=moead run_id=2 angle=270.000000000000 wind=13.000000000000 stop_criteria=1000000 stn_p=100 stn_interval=50 2026-09-01T14:53:07+00:00
9

Number of subproblems: 100
Number of neighbors: 10
Number of fixed turbines: 58
Number of mobile turbines: 15
Wind: 13.000000000000
Angle: 270.000000000000
Run id: 2
Stop criteria: 1000000
STN P (num vectors): 100
STN logger interval: 50

Run time:
[done]  instance=510_e-02 algo=nsga2 run_id=11 2026-09-01T14:53:11+00:00
[start] instance=512_e-04 algo=moead run_id=3 angle=180.000000000000 wind=7.000000000000 stop_criteria=1000000 stn_p=100 stn_interval=50 2026-09-01T14:53:11+00:00
9

Number of subproblems: 100
Number of neighbors: 10
Number of fixed turbines: 58
Number of mobile turbines: 15
Wind: 7.000000000000
Angle: 180.000000000000
Run id: 3
Stop criteria: 1000000
STN P (num vectors): 100
STN logger interval: 50

Run time:
[done]  instance=511_e-03 algo=moead run_id=19 2026-09-01T14:53:24+00:00
[start] instance=512_e-04 algo=moead run_id=4 angle=330.000000000000 wind=11.000000000000 stop_criteria=1000000 stn_p=100 stn_interval=50 2026-09-01T14:53:24+00:00
9
[done]  instance=510_e-02 algo=nsga2 run_id=16 2026-09-01T14:53:24+00:00

Number of subproblems: 100
Number of neighbors: 10
Number of fixed turbines: 58
Number of mobile turbines: 15
Wind: 11.000000000000
Angle: 330.000000000000
Run id: 4
Stop criteria: 1000000
STN P (num vectors): 100
STN logger interval: 50

Run time:
[start] instance=512_e-04 algo=moead run_id=5 angle=330.000000000000 wind=3.000000000000 stop_criteria=1000000 stn_p=100 stn_interval=50 2026-09-01T14:53:24+00:00
9

Number of subproblems: 100
Number of neighbors: 10
Number of fixed turbines: 58
Number of mobile turbines: 15
Wind: 3.000000000000
Angle: 330.000000000000
Run id: 5
Stop criteria: 1000000
STN P (num vectors): 100
STN logger interval: 50

Run time:
[done]  instance=510_e-02 algo=nsga2 run_id=15 2026-09-01T14:53:45+00:00
[start] instance=512_e-04 algo=moead run_id=6 angle=30.000000000000 wind=7.000000000000 stop_criteria=1000000 stn_p=100 stn_interval=50 2026-09-01T14:53:45+00:00
9

Number of subproblems: 100
Number of neighbors: 10
Number of fixed turbines: 58
Number of mobile turbines: 15
Wind: 7.000000000000
Angle: 30.000000000000
Run id: 6
Stop criteria: 1000000
STN P (num vectors): 100
STN logger interval: 50

Run time:
[done]  instance=511_e-03 algo=moead run_id=12 2026-09-01T14:53:46+00:00
[start] instance=512_e-04 algo=moead run_id=7 angle=90.000000000000 wind=7.000000000000 stop_criteria=1000000 stn_p=100 stn_interval=50 2026-09-01T14:53:46+00:00
9

Number of subproblems: 100
Number of neighbors: 10
Number of fixed turbines: 58
Number of mobile turbines: 15
Wind: 7.000000000000
Angle: 90.000000000000
Run id: 7
Stop criteria: 1000000
STN P (num vectors): 100
STN logger interval: 50

Run time:
[done]  instance=511_e-03 algo=moead run_id=13 2026-09-01T14:53:56+00:00
[start] instance=512_e-04 algo=moead run_id=8 angle=120.000000000000 wind=15.000000000000 stop_criteria=1000000 stn_p=100 stn_interval=50 2026-09-01T14:53:57+00:00
9

Number of subproblems: 100
Number of neighbors: 10
Number of fixed turbines: 58
Number of mobile turbines: 15
Wind: 15.000000000000
Angle: 120.000000000000
Run id: 8
Stop criteria: 1000000
STN P (num vectors): 100
STN logger interval: 50

Run time:
[done]  instance=511_e-03 algo=moead run_id=18 2026-09-01T14:54:17+00:00
[start] instance=512_e-04 algo=moead run_id=9 angle=270.000000000000 wind=5.000000000000 stop_criteria=1000000 stn_p=100 stn_interval=50 2026-09-01T14:54:17+00:00
9

Number of subproblems: 100
Number of neighbors: 10
Number of fixed turbines: 58
Number of mobile turbines: 15
Wind: 5.000000000000
Angle: 270.000000000000
Run id: 9
Stop criteria: 1000000
STN P (num vectors): 100
STN logger interval: 50

Run time:
[done]  instance=511_e-03 algo=moead run_id=15 2026-09-01T14:54:39+00:00
[start] instance=512_e-04 algo=moead run_id=10 angle=270.000000000000 wind=5.000000000000 stop_criteria=1000000 stn_p=100 stn_interval=50 2026-09-01T14:54:39+00:00
9

Number of subproblems: 100
Number of neighbors: 10
Number of fixed turbines: 58
Number of mobile turbines: 15
Wind: 5.000000000000
Angle: 270.000000000000
Run id: 10
Stop criteria: 1000000
STN P (num vectors): 100
STN logger interval: 50

Run time:
[done]  instance=508_e-04 algo=nsga2 run_id=9 2026-09-01T14:54:39+00:00
[start] instance=512_e-04 algo=moead run_id=11 angle=90.000000000000 wind=15.000000000000 stop_criteria=1000000 stn_p=100 stn_interval=50 2026-09-01T14:54:39+00:00
9

Number of subproblems: 100
Number of neighbors: 10
Number of fixed turbines: 58
Number of mobile turbines: 15
Wind: 15.000000000000
Angle: 90.000000000000
Run id: 11
Stop criteria: 1000000
STN P (num vectors): 100
STN logger interval: 50

Run time:
[done]  instance=511_e-03 algo=moead run_id=16 2026-09-01T14:54:41+00:00
[start] instance=512_e-04 algo=moead run_id=12 angle=90.000000000000 wind=13.000000000000 stop_criteria=1000000 stn_p=100 stn_interval=50 2026-09-01T14:54:41+00:00
9

Number of subproblems: 100
Number of neighbors: 10
Number of fixed turbines: 58
Number of mobile turbines: 15
Wind: 13.000000000000
Angle: 90.000000000000
Run id: 12
Stop criteria: 1000000
STN P (num vectors): 100
STN logger interval: 50

Run time:
[done]  instance=511_e-03 algo=moead run_id=17 2026-09-01T14:54:44+00:00
[start] instance=512_e-04 algo=moead run_id=13 angle=330.000000000000 wind=9.000000000000 stop_criteria=1000000 stn_p=100 stn_interval=50 2026-09-01T14:54:44+00:00
9

Number of subproblems: 100
Number of neighbors: 10
Number of fixed turbines: 58
Number of mobile turbines: 15
Wind: 9.000000000000
Angle: 330.000000000000
Run id: 13
Stop criteria: 1000000
STN P (num vectors): 100
STN logger interval: 50

Run time:
[done]  instance=508_e-04 algo=nsga2 run_id=3 2026-09-01T14:55:53+00:00
[start] instance=512_e-04 algo=moead run_id=14 angle=330.000000000000 wind=19.000000000000 stop_criteria=1000000 stn_p=100 stn_interval=50 2026-09-01T14:55:53+00:00
9

Number of subproblems: 100
Number of neighbors: 10
Number of fixed turbines: 58
Number of mobile turbines: 15
Wind: 19.000000000000
Angle: 330.000000000000
Run id: 14
Stop criteria: 1000000
STN P (num vectors): 100
STN logger interval: 50

Run time:
[done]  instance=512_e-04 algo=moead run_id=1 2026-09-01T15:00:02+00:00
[start] instance=512_e-04 algo=moead run_id=15 angle=0.000000000000 wind=13.000000000000 stop_criteria=1000000 stn_p=100 stn_interval=50 2026-09-01T15:00:02+00:00
9

Number of subproblems: 100
Number of neighbors: 10
Number of fixed turbines: 58
Number of mobile turbines: 15
Wind: 13.000000000000
Angle: 0.000000000000
Run id: 15
Stop criteria: 1000000
STN P (num vectors): 100
STN logger interval: 50

Run time:
[done]  instance=512_e-04 algo=moead run_id=2 2026-09-01T15:00:24+00:00
[start] instance=512_e-04 algo=moead run_id=16 angle=180.000000000000 wind=13.000000000000 stop_criteria=1000000 stn_p=100 stn_interval=50 2026-09-01T15:00:24+00:00
9

Number of subproblems: 100
Number of neighbors: 10
Number of fixed turbines: 58
Number of mobile turbines: 15
Wind: 13.000000000000
Angle: 180.000000000000
Run id: 16
Stop criteria: 1000000
STN P (num vectors): 100
STN logger interval: 50

Run time:
[done]  instance=512_e-04 algo=moead run_id=0 2026-09-01T15:00:42+00:00
[start] instance=512_e-04 algo=moead run_id=17 angle=270.000000000000 wind=9.000000000000 stop_criteria=1000000 stn_p=100 stn_interval=50 2026-09-01T15:00:42+00:00
9

Number of subproblems: 100
Number of neighbors: 10
Number of fixed turbines: 58
Number of mobile turbines: 15
Wind: 9.000000000000
Angle: 270.000000000000
Run id: 17
Stop criteria: 1000000
STN P (num vectors): 100
STN logger interval: 50

Run time:
[done]  instance=512_e-04 algo=moead run_id=12 2026-09-01T15:00:44+00:00
[start] instance=512_e-04 algo=moead run_id=18 angle=270.000000000000 wind=5.000000000000 stop_criteria=1000000 stn_p=100 stn_interval=50 2026-09-01T15:00:44+00:00
9

Number of subproblems: 100
Number of neighbors: 10
Number of fixed turbines: 58
Number of mobile turbines: 15
Wind: 5.000000000000
Angle: 270.000000000000
Run id: 18
Stop criteria: 1000000
STN P (num vectors): 100
STN logger interval: 50

Run time:
[done]  instance=512_e-04 algo=moead run_id=6 2026-09-01T15:01:18+00:00
[start] instance=512_e-04 algo=moead run_id=19 angle=180.000000000000 wind=3.000000000000 stop_criteria=1000000 stn_p=100 stn_interval=50 2026-09-01T15:01:18+00:00
9

Number of subproblems: 100
Number of neighbors: 10
Number of fixed turbines: 58
Number of mobile turbines: 15
Wind: 3.000000000000
Angle: 180.000000000000
Run id: 19
Stop criteria: 1000000
STN P (num vectors): 100
STN logger interval: 50

Run time:
[done]  instance=512_e-04 algo=moead run_id=8 2026-09-01T15:01:46+00:00
[start] instance=512_e-04 algo=nsga2 run_id=0 angle=330.000000000000 wind=15.000000000000 stop_criteria=1000000 stn_p=100 stn_interval=50 2026-09-01T15:01:46+00:00
9

Number of subproblems: 100
Number of neighbors: 10
Number of fixed turbines: 58
Number of mobile turbines: 15
Wind: 15.000000000000
Angle: 330.000000000000
Run id: 0
Stop criteria: 1000000
STN P (num vectors): 100
STN logger interval: 50

Run time:
[done]  instance=512_e-04 algo=moead run_id=7 2026-09-01T15:02:06+00:00
[start] instance=512_e-04 algo=nsga2 run_id=1 angle=300.000000000000 wind=21.000000000000 stop_criteria=1000000 stn_p=100 stn_interval=50 2026-09-01T15:02:06+00:00
9

Number of subproblems: 100
Number of neighbors: 10
Number of fixed turbines: 58
Number of mobile turbines: 15
Wind: 21.000000000000
Angle: 300.000000000000
Run id: 1
Stop criteria: 1000000
STN P (num vectors): 100
STN logger interval: 50

Run time:
[done]  instance=512_e-04 algo=moead run_id=3 2026-09-01T15:02:18+00:00
[start] instance=512_e-04 algo=nsga2 run_id=2 angle=30.000000000000 wind=11.000000000000 stop_criteria=1000000 stn_p=100 stn_interval=50 2026-09-01T15:02:18+00:00
9

Number of subproblems: 100
Number of neighbors: 10
Number of fixed turbines: 58
Number of mobile turbines: 15
Wind: 11.000000000000
Angle: 30.000000000000
Run id: 2
Stop criteria: 1000000
STN P (num vectors): 100
STN logger interval: 50

Run time:
[done]  instance=512_e-04 algo=moead run_id=9 2026-09-01T15:02:19+00:00
[start] instance=512_e-04 algo=nsga2 run_id=3 angle=270.000000000000 wind=7.000000000000 stop_criteria=1000000 stn_p=100 stn_interval=50 2026-09-01T15:02:20+00:00
9

Number of subproblems: 100
Number of neighbors: 10
Number of fixed turbines: 58
Number of mobile turbines: 15
Wind: 7.000000000000
Angle: 270.000000000000
Run id: 3
Stop criteria: 1000000
STN P (num vectors): 100
STN logger interval: 50

Run time:
[done]  instance=512_e-04 algo=moead run_id=4 2026-09-01T15:02:26+00:00
[start] instance=512_e-04 algo=nsga2 run_id=4 angle=0.000000000000 wind=15.000000000000 stop_criteria=1000000 stn_p=100 stn_interval=50 2026-09-01T15:02:26+00:00
9

Number of subproblems: 100
Number of neighbors: 10
Number of fixed turbines: 58
Number of mobile turbines: 15
Wind: 15.000000000000
Angle: 0.000000000000
Run id: 4
Stop criteria: 1000000
STN P (num vectors): 100
STN logger interval: 50

Run time:
[done]  instance=512_e-04 algo=moead run_id=11 2026-09-01T15:02:42+00:00
[start] instance=512_e-04 algo=nsga2 run_id=5 angle=0.000000000000 wind=7.000000000000 stop_criteria=1000000 stn_p=100 stn_interval=50 2026-09-01T15:02:42+00:00
9

Number of subproblems: 100
Number of neighbors: 10
Number of fixed turbines: 58
Number of mobile turbines: 15
Wind: 7.000000000000
Angle: 0.000000000000
Run id: 5
Stop criteria: 1000000
STN P (num vectors): 100
STN logger interval: 50

Run time:
[done]  instance=512_e-04 algo=moead run_id=10 2026-09-01T15:02:44+00:00
[start] instance=512_e-04 algo=nsga2 run_id=6 angle=240.000000000000 wind=7.000000000000 stop_criteria=1000000 stn_p=100 stn_interval=50 2026-09-01T15:02:44+00:00
9

Number of subproblems: 100
Number of neighbors: 10
Number of fixed turbines: 58
Number of mobile turbines: 15
Wind: 7.000000000000
Angle: 240.000000000000
Run id: 6
Stop criteria: 1000000
STN P (num vectors): 100
STN logger interval: 50

Run time:
[done]  instance=512_e-04 algo=moead run_id=13 2026-09-01T15:03:44+00:00
[start] instance=512_e-04 algo=nsga2 run_id=7 angle=180.000000000000 wind=7.000000000000 stop_criteria=1000000 stn_p=100 stn_interval=50 2026-09-01T15:03:44+00:00
9

Number of subproblems: 100
Number of neighbors: 10
Number of fixed turbines: 58
Number of mobile turbines: 15
Wind: 7.000000000000
Angle: 180.000000000000
Run id: 7
Stop criteria: 1000000
STN P (num vectors): 100
STN logger interval: 50

Run time:
[done]  instance=512_e-04 algo=moead run_id=14 2026-09-01T15:04:40+00:00
[start] instance=512_e-04 algo=nsga2 run_id=8 angle=90.000000000000 wind=13.000000000000 stop_criteria=1000000 stn_p=100 stn_interval=50 2026-09-01T15:04:40+00:00
9

Number of subproblems: 100
Number of neighbors: 10
Number of fixed turbines: 58
Number of mobile turbines: 15
Wind: 13.000000000000
Angle: 90.000000000000
Run id: 8
Stop criteria: 1000000
STN P (num vectors): 100
STN logger interval: 50

Run time:
[done]  instance=512_e-04 algo=moead run_id=5 2026-09-01T15:04:52+00:00
[start] instance=512_e-04 algo=nsga2 run_id=9 angle=210.000000000000 wind=15.000000000000 stop_criteria=1000000 stn_p=100 stn_interval=50 2026-09-01T15:04:52+00:00
9

Number of subproblems: 100
Number of neighbors: 10
Number of fixed turbines: 58
Number of mobile turbines: 15
Wind: 15.000000000000
Angle: 210.000000000000
Run id: 9
Stop criteria: 1000000
STN P (num vectors): 100
STN logger interval: 50

Run time:
[done]  instance=512_e-04 algo=moead run_id=15 2026-09-01T15:07:34+00:00
[start] instance=512_e-04 algo=nsga2 run_id=10 angle=0.000000000000 wind=1.000000000000 stop_criteria=1000000 stn_p=100 stn_interval=50 2026-09-01T15:07:34+00:00
9

Number of subproblems: 100
Number of neighbors: 10
Number of fixed turbines: 58
Number of mobile turbines: 15
Wind: 1.000000000000
Angle: 0.000000000000
Run id: 10
Stop criteria: 1000000
STN P (num vectors): 100
STN logger interval: 50

Run time:
[done]  instance=512_e-04 algo=moead run_id=16 2026-09-01T15:07:39+00:00
[start] instance=512_e-04 algo=nsga2 run_id=11 angle=240.000000000000 wind=17.000000000000 stop_criteria=1000000 stn_p=100 stn_interval=50 2026-09-01T15:07:39+00:00
9

Number of subproblems: 100
Number of neighbors: 10
Number of fixed turbines: 58
Number of mobile turbines: 15
Wind: 17.000000000000
Angle: 240.000000000000
Run id: 11
Stop criteria: 1000000
STN P (num vectors): 100
STN logger interval: 50

Run time:
[done]  instance=512_e-04 algo=moead run_id=17 2026-09-01T15:08:24+00:00
[start] instance=512_e-04 algo=nsga2 run_id=12 angle=330.000000000000 wind=11.000000000000 stop_criteria=1000000 stn_p=100 stn_interval=50 2026-09-01T15:08:24+00:00
9

Number of subproblems: 100
Number of neighbors: 10
Number of fixed turbines: 58
Number of mobile turbines: 15
Wind: 11.000000000000
Angle: 330.000000000000
Run id: 12
Stop criteria: 1000000
STN P (num vectors): 100
STN logger interval: 50

Run time:
[done]  instance=511_e-03 algo=nsga2 run_id=3 2026-09-01T15:08:41+00:00
[start] instance=512_e-04 algo=nsga2 run_id=13 angle=240.000000000000 wind=5.000000000000 stop_criteria=1000000 stn_p=100 stn_interval=50 2026-09-01T15:08:41+00:00
9

Number of subproblems: 100
Number of neighbors: 10
Number of fixed turbines: 58
Number of mobile turbines: 15
Wind: 5.000000000000
Angle: 240.000000000000
Run id: 13
Stop criteria: 1000000
STN P (num vectors): 100
STN logger interval: 50

Run time:
[done]  instance=511_e-03 algo=nsga2 run_id=12 2026-09-01T15:10:02+00:00
[start] instance=512_e-04 algo=nsga2 run_id=14 angle=330.000000000000 wind=5.000000000000 stop_criteria=1000000 stn_p=100 stn_interval=50 2026-09-01T15:10:02+00:00
9

Number of subproblems: 100
Number of neighbors: 10
Number of fixed turbines: 58
Number of mobile turbines: 15
Wind: 5.000000000000
Angle: 330.000000000000
Run id: 14
Stop criteria: 1000000
STN P (num vectors): 100
STN logger interval: 50

Run time:
[done]  instance=511_e-03 algo=nsga2 run_id=15 2026-09-01T15:10:07+00:00
[start] instance=512_e-04 algo=nsga2 run_id=15 angle=300.000000000000 wind=7.000000000000 stop_criteria=1000000 stn_p=100 stn_interval=50 2026-09-01T15:10:07+00:00
9

Number of subproblems: 100
Number of neighbors: 10
Number of fixed turbines: 58
Number of mobile turbines: 15
Wind: 7.000000000000
Angle: 300.000000000000
Run id: 15
Stop criteria: 1000000
STN P (num vectors): 100
STN logger interval: 50

Run time:
[done]  instance=512_e-04 algo=moead run_id=18 2026-09-01T15:10:18+00:00
[start] instance=512_e-04 algo=nsga2 run_id=16 angle=270.000000000000 wind=9.000000000000 stop_criteria=1000000 stn_p=100 stn_interval=50 2026-09-01T15:10:18+00:00
9

Number of subproblems: 100
Number of neighbors: 10
Number of fixed turbines: 58
Number of mobile turbines: 15
Wind: 9.000000000000
Angle: 270.000000000000
Run id: 16
Stop criteria: 1000000
STN P (num vectors): 100
STN logger interval: 50

Run time:
[done]  instance=511_e-03 algo=nsga2 run_id=8 2026-09-01T15:10:27+00:00
[start] instance=512_e-04 algo=nsga2 run_id=17 angle=90.000000000000 wind=11.000000000000 stop_criteria=1000000 stn_p=100 stn_interval=50 2026-09-01T15:10:27+00:00
9

Number of subproblems: 100
Number of neighbors: 10
Number of fixed turbines: 58
Number of mobile turbines: 15
Wind: 11.000000000000
Angle: 90.000000000000
Run id: 17
Stop criteria: 1000000
STN P (num vectors): 100
STN logger interval: 50

Run time:
[done]  instance=511_e-03 algo=nsga2 run_id=2 2026-09-01T15:10:28+00:00
[start] instance=512_e-04 algo=nsga2 run_id=18 angle=150.000000000000 wind=13.000000000000 stop_criteria=1000000 stn_p=100 stn_interval=50 2026-09-01T15:10:28+00:00
9

Number of subproblems: 100
Number of neighbors: 10
Number of fixed turbines: 58
Number of mobile turbines: 15
Wind: 13.000000000000
Angle: 150.000000000000
Run id: 18
Stop criteria: 1000000
STN P (num vectors): 100
STN logger interval: 50

Run time:
[done]  instance=511_e-03 algo=nsga2 run_id=7 2026-09-01T15:10:50+00:00
[start] instance=512_e-04 algo=nsga2 run_id=19 angle=270.000000000000 wind=13.000000000000 stop_criteria=1000000 stn_p=100 stn_interval=50 2026-09-01T15:10:50+00:00
9

Number of subproblems: 100
Number of neighbors: 10
Number of fixed turbines: 58
Number of mobile turbines: 15
Wind: 13.000000000000
Angle: 270.000000000000
Run id: 19
Stop criteria: 1000000
STN P (num vectors): 100
STN logger interval: 50

Run time:
[done]  instance=512_e-04 algo=moead run_id=19 2026-09-01T15:10:55+00:00
[start] instance=513_e-05 algo=moead run_id=0 angle=240.000000000000 wind=19.000000000000 stop_criteria=1000000 stn_p=100 stn_interval=50 2026-09-01T15:10:55+00:00
9

Number of subproblems: 100
Number of neighbors: 10
Number of fixed turbines: 58
Number of mobile turbines: 15
Wind: 19.000000000000
Angle: 240.000000000000
Run id: 0
Stop criteria: 1000000
STN P (num vectors): 100
STN logger interval: 50

Run time:
[done]  instance=511_e-03 algo=nsga2 run_id=16 2026-09-01T15:11:47+00:00
[start] instance=513_e-05 algo=moead run_id=1 angle=180.000000000000 wind=9.000000000000 stop_criteria=1000000 stn_p=100 stn_interval=50 2026-09-01T15:11:47+00:00
9

Number of subproblems: 100
Number of neighbors: 10
Number of fixed turbines: 58
Number of mobile turbines: 15
Wind: 9.000000000000
Angle: 180.000000000000
Run id: 1
Stop criteria: 1000000
STN P (num vectors): 100
STN logger interval: 50

Run time:
[done]  instance=511_e-03 algo=nsga2 run_id=4 2026-09-01T15:12:01+00:00
[start] instance=513_e-05 algo=moead run_id=2 angle=0.000000000000 wind=11.000000000000 stop_criteria=1000000 stn_p=100 stn_interval=50 2026-09-01T15:12:01+00:00
9

Number of subproblems: 100
Number of neighbors: 10
Number of fixed turbines: 58
Number of mobile turbines: 15
Wind: 11.000000000000
Angle: 0.000000000000
Run id: 2
Stop criteria: 1000000
STN P (num vectors): 100
STN logger interval: 50

Run time:
[done]  instance=511_e-03 algo=nsga2 run_id=5 2026-09-01T15:13:53+00:00
[start] instance=513_e-05 algo=moead run_id=3 angle=270.000000000000 wind=9.000000000000 stop_criteria=1000000 stn_p=100 stn_interval=50 2026-09-01T15:13:53+00:00
9

Number of subproblems: 100
Number of neighbors: 10
Number of fixed turbines: 58
Number of mobile turbines: 15
Wind: 9.000000000000
Angle: 270.000000000000
Run id: 3
Stop criteria: 1000000
STN P (num vectors): 100
STN logger interval: 50

Run time:
[done]  instance=511_e-03 algo=nsga2 run_id=11 2026-09-01T15:14:53+00:00
[start] instance=513_e-05 algo=moead run_id=4 angle=180.000000000000 wind=13.000000000000 stop_criteria=1000000 stn_p=100 stn_interval=50 2026-09-01T15:14:53+00:00
9

Number of subproblems: 100
Number of neighbors: 10
Number of fixed turbines: 58
Number of mobile turbines: 15
Wind: 13.000000000000
Angle: 180.000000000000
Run id: 4
Stop criteria: 1000000
STN P (num vectors): 100
STN logger interval: 50

Run time:
[done]  instance=511_e-03 algo=nsga2 run_id=13 2026-09-01T15:16:06+00:00
[start] instance=513_e-05 algo=moead run_id=5 angle=270.000000000000 wind=17.000000000000 stop_criteria=1000000 stn_p=100 stn_interval=50 2026-09-01T15:16:06+00:00
9

Number of subproblems: 100
Number of neighbors: 10
Number of fixed turbines: 58
Number of mobile turbines: 15
Wind: 17.000000000000
Angle: 270.000000000000
Run id: 5
Stop criteria: 1000000
STN P (num vectors): 100
STN logger interval: 50

Run time:
[done]  instance=511_e-03 algo=nsga2 run_id=9 2026-09-01T15:16:44+00:00
[start] instance=513_e-05 algo=moead run_id=6 angle=150.000000000000 wind=5.000000000000 stop_criteria=1000000 stn_p=100 stn_interval=50 2026-09-01T15:16:44+00:00
9

Number of subproblems: 100
Number of neighbors: 10
Number of fixed turbines: 58
Number of mobile turbines: 15
Wind: 5.000000000000
Angle: 150.000000000000
Run id: 6
Stop criteria: 1000000
STN P (num vectors): 100
STN logger interval: 50

Run time:
[done]  instance=511_e-03 algo=nsga2 run_id=0 2026-09-01T15:17:14+00:00
[start] instance=513_e-05 algo=moead run_id=7 angle=120.000000000000 wind=9.000000000000 stop_criteria=1000000 stn_p=100 stn_interval=50 2026-09-01T15:17:14+00:00
9

Number of subproblems: 100
Number of neighbors: 10
Number of fixed turbines: 58
Number of mobile turbines: 15
Wind: 9.000000000000
Angle: 120.000000000000
Run id: 7
Stop criteria: 1000000
STN P (num vectors): 100
STN logger interval: 50

Run time:
[done]  instance=511_e-03 algo=nsga2 run_id=6 2026-09-01T15:19:29+00:00
[start] instance=513_e-05 algo=moead run_id=8 angle=90.000000000000 wind=7.000000000000 stop_criteria=1000000 stn_p=100 stn_interval=50 2026-09-01T15:19:29+00:00
9

Number of subproblems: 100
Number of neighbors: 10
Number of fixed turbines: 58
Number of mobile turbines: 15
Wind: 7.000000000000
Angle: 90.000000000000
Run id: 8
Stop criteria: 1000000
STN P (num vectors): 100
STN logger interval: 50

Run time:
[done]  instance=511_e-03 algo=nsga2 run_id=19 2026-09-01T15:20:02+00:00
[start] instance=513_e-05 algo=moead run_id=9 angle=60.000000000000 wind=21.000000000000 stop_criteria=1000000 stn_p=100 stn_interval=50 2026-09-01T15:20:02+00:00
9

Number of subproblems: 100
Number of neighbors: 10
Number of fixed turbines: 58
Number of mobile turbines: 15
Wind: 21.000000000000
Angle: 60.000000000000
Run id: 9
Stop criteria: 1000000
STN P (num vectors): 100
STN logger interval: 50

Run time:
[done]  instance=511_e-03 algo=nsga2 run_id=1 2026-09-01T15:20:22+00:00
[start] instance=513_e-05 algo=moead run_id=10 angle=120.000000000000 wind=15.000000000000 stop_criteria=1000000 stn_p=100 stn_interval=50 2026-09-01T15:20:22+00:00
9

Number of subproblems: 100
Number of neighbors: 10
Number of fixed turbines: 58
Number of mobile turbines: 15
Wind: 15.000000000000
Angle: 120.000000000000
Run id: 10
Stop criteria: 1000000
STN P (num vectors): 100
STN logger interval: 50

Run time:
[done]  instance=511_e-03 algo=nsga2 run_id=17 2026-09-01T15:20:42+00:00
[start] instance=513_e-05 algo=moead run_id=11 angle=0.000000000000 wind=3.000000000000 stop_criteria=1000000 stn_p=100 stn_interval=50 2026-09-01T15:20:42+00:00
9

Number of subproblems: 100
Number of neighbors: 10
Number of fixed turbines: 58
Number of mobile turbines: 15
Wind: 3.000000000000
Angle: 0.000000000000
Run id: 11
Stop criteria: 1000000
STN P (num vectors): 100
STN logger interval: 50

Run time:
[done]  instance=511_e-03 algo=nsga2 run_id=14 2026-09-01T15:21:07+00:00
[start] instance=513_e-05 algo=moead run_id=12 angle=60.000000000000 wind=7.000000000000 stop_criteria=1000000 stn_p=100 stn_interval=50 2026-09-01T15:21:07+00:00
9

Number of subproblems: 100
Number of neighbors: 10
Number of fixed turbines: 58
Number of mobile turbines: 15
Wind: 7.000000000000
Angle: 60.000000000000
Run id: 12
Stop criteria: 1000000
STN P (num vectors): 100
STN logger interval: 50

Run time:
[done]  instance=511_e-03 algo=nsga2 run_id=18 2026-09-01T15:22:02+00:00
[start] instance=513_e-05 algo=moead run_id=13 angle=0.000000000000 wind=11.000000000000 stop_criteria=1000000 stn_p=100 stn_interval=50 2026-09-01T15:22:02+00:00
9

Number of subproblems: 100
Number of neighbors: 10
Number of fixed turbines: 58
Number of mobile turbines: 15
Wind: 11.000000000000
Angle: 0.000000000000
Run id: 13
Stop criteria: 1000000
STN P (num vectors): 100
STN logger interval: 50

Run time:
[done]  instance=511_e-03 algo=nsga2 run_id=10 2026-09-01T15:30:04+00:00
[start] instance=513_e-05 algo=moead run_id=14 angle=210.000000000000 wind=9.000000000000 stop_criteria=1000000 stn_p=100 stn_interval=50 2026-09-01T15:30:04+00:00
9

Number of subproblems: 100
Number of neighbors: 10
Number of fixed turbines: 58
Number of mobile turbines: 15
Wind: 9.000000000000
Angle: 210.000000000000
Run id: 14
Stop criteria: 1000000
STN P (num vectors): 100
STN logger interval: 50

Run time:
[done]  instance=513_e-05 algo=moead run_id=0 2026-09-01T18:05:31+00:00
[start] instance=513_e-05 algo=moead run_id=15 angle=330.000000000000 wind=7.000000000000 stop_criteria=1000000 stn_p=100 stn_interval=50 2026-09-01T18:05:31+00:00
9

Number of subproblems: 100
Number of neighbors: 10
Number of fixed turbines: 58
Number of mobile turbines: 15
Wind: 7.000000000000
Angle: 330.000000000000
Run id: 15
Stop criteria: 1000000
STN P (num vectors): 100
STN logger interval: 50

Run time:
[done]  instance=513_e-05 algo=moead run_id=5 2026-09-01T18:14:21+00:00
[start] instance=513_e-05 algo=moead run_id=16 angle=60.000000000000 wind=15.000000000000 stop_criteria=1000000 stn_p=100 stn_interval=50 2026-09-01T18:14:21+00:00
9

Number of subproblems: 100
Number of neighbors: 10
Number of fixed turbines: 58
Number of mobile turbines: 15
Wind: 15.000000000000
Angle: 60.000000000000
Run id: 16
Stop criteria: 1000000
STN P (num vectors): 100
STN logger interval: 50

Run time:
[done]  instance=513_e-05 algo=moead run_id=2 2026-09-01T18:16:13+00:00
[start] instance=513_e-05 algo=moead run_id=17 angle=0.000000000000 wind=3.000000000000 stop_criteria=1000000 stn_p=100 stn_interval=50 2026-09-01T18:16:13+00:00
9

Number of subproblems: 100
Number of neighbors: 10
Number of fixed turbines: 58
Number of mobile turbines: 15
Wind: 3.000000000000
Angle: 0.000000000000
Run id: 17
Stop criteria: 1000000
STN P (num vectors): 100
STN logger interval: 50

Run time:
[done]  instance=513_e-05 algo=moead run_id=1 2026-09-01T18:16:53+00:00
[start] instance=513_e-05 algo=moead run_id=18 angle=210.000000000000 wind=7.000000000000 stop_criteria=1000000 stn_p=100 stn_interval=50 2026-09-01T18:16:53+00:00
9

Number of subproblems: 100
Number of neighbors: 10
Number of fixed turbines: 58
Number of mobile turbines: 15
Wind: 7.000000000000
Angle: 210.000000000000
Run id: 18
Stop criteria: 1000000
STN P (num vectors): 100
STN logger interval: 50

Run time:
[done]  instance=513_e-05 algo=moead run_id=4 2026-09-01T18:17:42+00:00
[start] instance=513_e-05 algo=moead run_id=19 angle=90.000000000000 wind=13.000000000000 stop_criteria=1000000 stn_p=100 stn_interval=50 2026-09-01T18:17:42+00:00
9

Number of subproblems: 100
Number of neighbors: 10
Number of fixed turbines: 58
Number of mobile turbines: 15
Wind: 13.000000000000
Angle: 90.000000000000
Run id: 19
Stop criteria: 1000000
STN P (num vectors): 100
STN logger interval: 50

Run time:
[done]  instance=513_e-05 algo=moead run_id=3 2026-09-01T18:20:13+00:00
[start] instance=513_e-05 algo=nsga2 run_id=0 angle=300.000000000000 wind=13.000000000000 stop_criteria=1000000 stn_p=100 stn_interval=50 2026-09-01T18:20:13+00:00
9

Number of subproblems: 100
Number of neighbors: 10
Number of fixed turbines: 58
Number of mobile turbines: 15
Wind: 13.000000000000
Angle: 300.000000000000
Run id: 0
Stop criteria: 1000000
STN P (num vectors): 100
STN logger interval: 50

Run time:
[done]  instance=513_e-05 algo=moead run_id=9 2026-09-01T18:24:39+00:00
[start] instance=513_e-05 algo=nsga2 run_id=1 angle=330.000000000000 wind=5.000000000000 stop_criteria=1000000 stn_p=100 stn_interval=50 2026-09-01T18:24:39+00:00
9

Number of subproblems: 100
Number of neighbors: 10
Number of fixed turbines: 58
Number of mobile turbines: 15
Wind: 5.000000000000
Angle: 330.000000000000
Run id: 1
Stop criteria: 1000000
STN P (num vectors): 100
STN logger interval: 50

Run time:
[done]  instance=513_e-05 algo=moead run_id=10 2026-09-01T18:31:02+00:00
[start] instance=513_e-05 algo=nsga2 run_id=2 angle=300.000000000000 wind=13.000000000000 stop_criteria=1000000 stn_p=100 stn_interval=50 2026-09-01T18:31:02+00:00
9

Number of subproblems: 100
Number of neighbors: 10
Number of fixed turbines: 58
Number of mobile turbines: 15
Wind: 13.000000000000
Angle: 300.000000000000
Run id: 2
Stop criteria: 1000000
STN P (num vectors): 100
STN logger interval: 50

Run time:
[done]  instance=513_e-05 algo=moead run_id=7 2026-09-01T18:32:57+00:00
[start] instance=513_e-05 algo=nsga2 run_id=3 angle=30.000000000000 wind=3.000000000000 stop_criteria=1000000 stn_p=100 stn_interval=50 2026-09-01T18:32:57+00:00
9

Number of subproblems: 100
Number of neighbors: 10
Number of fixed turbines: 58
Number of mobile turbines: 15
Wind: 3.000000000000
Angle: 30.000000000000
Run id: 3
Stop criteria: 1000000
STN P (num vectors): 100
STN logger interval: 50

Run time:
[done]  instance=513_e-05 algo=moead run_id=13 2026-09-01T18:37:40+00:00
[start] instance=513_e-05 algo=nsga2 run_id=4 angle=300.000000000000 wind=9.000000000000 stop_criteria=1000000 stn_p=100 stn_interval=50 2026-09-01T18:37:40+00:00
9

Number of subproblems: 100
Number of neighbors: 10
Number of fixed turbines: 58
Number of mobile turbines: 15
Wind: 9.000000000000
Angle: 300.000000000000
Run id: 4
Stop criteria: 1000000
STN P (num vectors): 100
STN logger interval: 50

Run time:
[done]  instance=513_e-05 algo=moead run_id=14 2026-09-01T18:44:43+00:00
[start] instance=513_e-05 algo=nsga2 run_id=5 angle=60.000000000000 wind=11.000000000000 stop_criteria=1000000 stn_p=100 stn_interval=50 2026-09-01T18:44:43+00:00
9

Number of subproblems: 100
Number of neighbors: 10
Number of fixed turbines: 58
Number of mobile turbines: 15
Wind: 11.000000000000
Angle: 60.000000000000
Run id: 5
Stop criteria: 1000000
STN P (num vectors): 100
STN logger interval: 50

Run time:
[done]  instance=513_e-05 algo=moead run_id=8 2026-09-01T18:48:16+00:00
[start] instance=513_e-05 algo=nsga2 run_id=6 angle=60.000000000000 wind=9.000000000000 stop_criteria=1000000 stn_p=100 stn_interval=50 2026-09-01T18:48:16+00:00
9

Number of subproblems: 100
Number of neighbors: 10
Number of fixed turbines: 58
Number of mobile turbines: 15
Wind: 9.000000000000
Angle: 60.000000000000
Run id: 6
Stop criteria: 1000000
STN P (num vectors): 100
STN logger interval: 50

Run time:
[done]  instance=513_e-05 algo=moead run_id=12 2026-09-01T18:50:30+00:00
[start] instance=513_e-05 algo=nsga2 run_id=7 angle=30.000000000000 wind=11.000000000000 stop_criteria=1000000 stn_p=100 stn_interval=50 2026-09-01T18:50:30+00:00
9

Number of subproblems: 100
Number of neighbors: 10
Number of fixed turbines: 58
Number of mobile turbines: 15
Wind: 11.000000000000
Angle: 30.000000000000
Run id: 7
Stop criteria: 1000000
STN P (num vectors): 100
STN logger interval: 50

Run time:
[done]  instance=513_e-05 algo=moead run_id=6 2026-09-01T19:01:21+00:00
[start] instance=513_e-05 algo=nsga2 run_id=8 angle=120.000000000000 wind=19.000000000000 stop_criteria=1000000 stn_p=100 stn_interval=50 2026-09-01T19:01:22+00:00
9

Number of subproblems: 100
Number of neighbors: 10
Number of fixed turbines: 58
Number of mobile turbines: 15
Wind: 19.000000000000
Angle: 120.000000000000
Run id: 8
Stop criteria: 1000000
STN P (num vectors): 100
STN logger interval: 50

Run time:
[done]  instance=513_e-05 algo=moead run_id=11 2026-09-01T19:32:04+00:00
[start] instance=513_e-05 algo=nsga2 run_id=9 angle=0.000000000000 wind=9.000000000000 stop_criteria=1000000 stn_p=100 stn_interval=50 2026-09-01T19:32:04+00:00
9

Number of subproblems: 100
Number of neighbors: 10
Number of fixed turbines: 58
Number of mobile turbines: 15
Wind: 9.000000000000
Angle: 0.000000000000
Run id: 9
Stop criteria: 1000000
STN P (num vectors): 100
STN logger interval: 50

Run time:
[done]  instance=513_e-05 algo=moead run_id=16 2026-09-01T21:51:09+00:00
[start] instance=513_e-05 algo=nsga2 run_id=10 angle=180.000000000000 wind=5.000000000000 stop_criteria=1000000 stn_p=100 stn_interval=50 2026-09-01T21:51:09+00:00
9

Number of subproblems: 100
Number of neighbors: 10
Number of fixed turbines: 58
Number of mobile turbines: 15
Wind: 5.000000000000
Angle: 180.000000000000
Run id: 10
Stop criteria: 1000000
STN P (num vectors): 100
STN logger interval: 50

Run time:
[done]  instance=513_e-05 algo=moead run_id=19 2026-09-01T21:55:16+00:00
[start] instance=513_e-05 algo=nsga2 run_id=11 angle=0.000000000000 wind=13.000000000000 stop_criteria=1000000 stn_p=100 stn_interval=50 2026-09-01T21:55:17+00:00
9

Number of subproblems: 100
Number of neighbors: 10
Number of fixed turbines: 58
Number of mobile turbines: 15
Wind: 13.000000000000
Angle: 0.000000000000
Run id: 11
Stop criteria: 1000000
STN P (num vectors): 100
STN logger interval: 50

Run time:
[done]  instance=513_e-05 algo=moead run_id=15 2026-09-01T21:57:48+00:00
[start] instance=513_e-05 algo=nsga2 run_id=12 angle=300.000000000000 wind=11.000000000000 stop_criteria=1000000 stn_p=100 stn_interval=50 2026-09-01T21:57:48+00:00
9

Number of subproblems: 100
Number of neighbors: 10
Number of fixed turbines: 58
Number of mobile turbines: 15
Wind: 11.000000000000
Angle: 300.000000000000
Run id: 12
Stop criteria: 1000000
STN P (num vectors): 100
STN logger interval: 50

Run time:
[done]  instance=513_e-05 algo=moead run_id=18 2026-09-01T22:16:17+00:00
[start] instance=513_e-05 algo=nsga2 run_id=13 angle=90.000000000000 wind=17.000000000000 stop_criteria=1000000 stn_p=100 stn_interval=50 2026-09-01T22:16:17+00:00
9

Number of subproblems: 100
Number of neighbors: 10
Number of fixed turbines: 58
Number of mobile turbines: 15
Wind: 17.000000000000
Angle: 90.000000000000
Run id: 13
Stop criteria: 1000000
STN P (num vectors): 100
STN logger interval: 50

Run time:
[done]  instance=513_e-05 algo=moead run_id=17 2026-09-01T23:09:31+00:00
[start] instance=513_e-05 algo=nsga2 run_id=14 angle=300.000000000000 wind=11.000000000000 stop_criteria=1000000 stn_p=100 stn_interval=50 2026-09-01T23:09:32+00:00
9

Number of subproblems: 100
Number of neighbors: 10
Number of fixed turbines: 58
Number of mobile turbines: 15
Wind: 11.000000000000
Angle: 300.000000000000
Run id: 14
Stop criteria: 1000000
STN P (num vectors): 100
STN logger interval: 50

Run time:
[done]  instance=512_e-04 algo=nsga2 run_id=8 2026-09-01T23:10:25+00:00
[start] instance=513_e-05 algo=nsga2 run_id=15 angle=270.000000000000 wind=7.000000000000 stop_criteria=1000000 stn_p=100 stn_interval=50 2026-09-01T23:10:25+00:00
9

Number of subproblems: 100
Number of neighbors: 10
Number of fixed turbines: 58
Number of mobile turbines: 15
Wind: 7.000000000000
Angle: 270.000000000000
Run id: 15
Stop criteria: 1000000
STN P (num vectors): 100
STN logger interval: 50

Run time:
[done]  instance=512_e-04 algo=nsga2 run_id=3 2026-09-01T23:10:48+00:00
[start] instance=513_e-05 algo=nsga2 run_id=16 angle=120.000000000000 wind=13.000000000000 stop_criteria=1000000 stn_p=100 stn_interval=50 2026-09-01T23:10:48+00:00
9

Number of subproblems: 100
Number of neighbors: 10
Number of fixed turbines: 58
Number of mobile turbines: 15
Wind: 13.000000000000
Angle: 120.000000000000
Run id: 16
Stop criteria: 1000000
STN P (num vectors): 100
STN logger interval: 50

Run time:
[done]  instance=512_e-04 algo=nsga2 run_id=13 2026-09-01T23:17:34+00:00
[start] instance=513_e-05 algo=nsga2 run_id=17 angle=60.000000000000 wind=9.000000000000 stop_criteria=1000000 stn_p=100 stn_interval=50 2026-09-01T23:17:34+00:00
9

Number of subproblems: 100
Number of neighbors: 10
Number of fixed turbines: 58
Number of mobile turbines: 15
Wind: 9.000000000000
Angle: 60.000000000000
Run id: 17
Stop criteria: 1000000
STN P (num vectors): 100
STN logger interval: 50

Run time:
[done]  instance=512_e-04 algo=nsga2 run_id=16 2026-09-01T23:27:02+00:00
[start] instance=513_e-05 algo=nsga2 run_id=18 angle=90.000000000000 wind=17.000000000000 stop_criteria=1000000 stn_p=100 stn_interval=50 2026-09-01T23:27:02+00:00
9

Number of subproblems: 100
Number of neighbors: 10
Number of fixed turbines: 58
Number of mobile turbines: 15
Wind: 17.000000000000
Angle: 90.000000000000
Run id: 18
Stop criteria: 1000000
STN P (num vectors): 100
STN logger interval: 50

Run time:
[done]  instance=512_e-04 algo=nsga2 run_id=1 2026-09-01T23:28:11+00:00
[start] instance=513_e-05 algo=nsga2 run_id=19 angle=240.000000000000 wind=5.000000000000 stop_criteria=1000000 stn_p=100 stn_interval=50 2026-09-01T23:28:11+00:00
9

Number of subproblems: 100
Number of neighbors: 10
Number of fixed turbines: 58
Number of mobile turbines: 15
Wind: 5.000000000000
Angle: 240.000000000000
Run id: 19
Stop criteria: 1000000
STN P (num vectors): 100
STN logger interval: 50

Run time:
[done]  instance=512_e-04 algo=nsga2 run_id=19 2026-09-01T23:28:18+00:00
[skip] ../raw_results/meta_heuristics_stn_windcorrected/moead/506_e-02/p100_i50/20/506_e-02_moead_stn.csv já existe, run considerada completa
[skip] ../raw_results/meta_heuristics_stn_windcorrected/moead/506_e-02/p100_i50/21/506_e-02_moead_stn.csv já existe, run considerada completa
[skip] ../raw_results/meta_heuristics_stn_windcorrected/moead/506_e-02/p100_i50/22/506_e-02_moead_stn.csv já existe, run considerada completa
[skip] ../raw_results/meta_heuristics_stn_windcorrected/moead/506_e-02/p100_i50/23/506_e-02_moead_stn.csv já existe, run considerada completa
[skip] ../raw_results/meta_heuristics_stn_windcorrected/moead/506_e-02/p100_i50/24/506_e-02_moead_stn.csv já existe, run considerada completa
[skip] ../raw_results/meta_heuristics_stn_windcorrected/moead/506_e-02/p100_i50/25/506_e-02_moead_stn.csv já existe, run considerada completa
[skip] ../raw_results/meta_heuristics_stn_windcorrected/moead/506_e-02/p100_i50/26/506_e-02_moead_stn.csv já existe, run considerada completa
[skip] ../raw_results/meta_heuristics_stn_windcorrected/moead/506_e-02/p100_i50/27/506_e-02_moead_stn.csv já existe, run considerada completa
[skip] ../raw_results/meta_heuristics_stn_windcorrected/moead/506_e-02/p100_i50/28/506_e-02_moead_stn.csv já existe, run considerada completa
[skip] ../raw_results/meta_heuristics_stn_windcorrected/moead/506_e-02/p100_i50/29/506_e-02_moead_stn.csv já existe, run considerada completa
[skip] ../raw_results/meta_heuristics_stn_windcorrected/nsga2/506_e-02/p100_i50/20/506_e-02_nsga2_stn.csv já existe, run considerada completa
[skip] ../raw_results/meta_heuristics_stn_windcorrected/nsga2/506_e-02/p100_i50/21/506_e-02_nsga2_stn.csv já existe, run considerada completa
[skip] ../raw_results/meta_heuristics_stn_windcorrected/nsga2/506_e-02/p100_i50/22/506_e-02_nsga2_stn.csv já existe, run considerada completa
[skip] ../raw_results/meta_heuristics_stn_windcorrected/nsga2/506_e-02/p100_i50/23/506_e-02_nsga2_stn.csv já existe, run considerada completa
[skip] ../raw_results/meta_heuristics_stn_windcorrected/nsga2/506_e-02/p100_i50/24/506_e-02_nsga2_stn.csv já existe, run considerada completa
[skip] ../raw_results/meta_heuristics_stn_windcorrected/nsga2/506_e-02/p100_i50/25/506_e-02_nsga2_stn.csv já existe, run considerada completa
[skip] ../raw_results/meta_heuristics_stn_windcorrected/nsga2/506_e-02/p100_i50/26/506_e-02_nsga2_stn.csv já existe, run considerada completa
[skip] ../raw_results/meta_heuristics_stn_windcorrected/nsga2/506_e-02/p100_i50/27/506_e-02_nsga2_stn.csv já existe, run considerada completa
[skip] ../raw_results/meta_heuristics_stn_windcorrected/nsga2/506_e-02/p100_i50/28/506_e-02_nsga2_stn.csv já existe, run considerada completa
[skip] ../raw_results/meta_heuristics_stn_windcorrected/nsga2/506_e-02/p100_i50/29/506_e-02_nsga2_stn.csv já existe, run considerada completa
[skip] ../raw_results/meta_heuristics_stn_windcorrected/moead/507_e-03/p100_i50/20/507_e-03_moead_stn.csv já existe, run considerada completa
[skip] ../raw_results/meta_heuristics_stn_windcorrected/moead/507_e-03/p100_i50/21/507_e-03_moead_stn.csv já existe, run considerada completa
[skip] ../raw_results/meta_heuristics_stn_windcorrected/moead/507_e-03/p100_i50/22/507_e-03_moead_stn.csv já existe, run considerada completa
[skip] ../raw_results/meta_heuristics_stn_windcorrected/moead/507_e-03/p100_i50/23/507_e-03_moead_stn.csv já existe, run considerada completa
[skip] ../raw_results/meta_heuristics_stn_windcorrected/moead/507_e-03/p100_i50/24/507_e-03_moead_stn.csv já existe, run considerada completa
[skip] ../raw_results/meta_heuristics_stn_windcorrected/moead/507_e-03/p100_i50/25/507_e-03_moead_stn.csv já existe, run considerada completa
[skip] ../raw_results/meta_heuristics_stn_windcorrected/moead/507_e-03/p100_i50/26/507_e-03_moead_stn.csv já existe, run considerada completa
[skip] ../raw_results/meta_heuristics_stn_windcorrected/moead/507_e-03/p100_i50/27/507_e-03_moead_stn.csv já existe, run considerada completa
[skip] ../raw_results/meta_heuristics_stn_windcorrected/moead/507_e-03/p100_i50/28/507_e-03_moead_stn.csv já existe, run considerada completa
[skip] ../raw_results/meta_heuristics_stn_windcorrected/moead/507_e-03/p100_i50/29/507_e-03_moead_stn.csv já existe, run considerada completa
[skip] ../raw_results/meta_heuristics_stn_windcorrected/nsga2/507_e-03/p100_i50/20/507_e-03_nsga2_stn.csv já existe, run considerada completa
[skip] ../raw_results/meta_heuristics_stn_windcorrected/nsga2/507_e-03/p100_i50/21/507_e-03_nsga2_stn.csv já existe, run considerada completa
[skip] ../raw_results/meta_heuristics_stn_windcorrected/nsga2/507_e-03/p100_i50/22/507_e-03_nsga2_stn.csv já existe, run considerada completa
[skip] ../raw_results/meta_heuristics_stn_windcorrected/nsga2/507_e-03/p100_i50/23/507_e-03_nsga2_stn.csv já existe, run considerada completa
[skip] ../raw_results/meta_heuristics_stn_windcorrected/nsga2/507_e-03/p100_i50/24/507_e-03_nsga2_stn.csv já existe, run considerada completa
[skip] ../raw_results/meta_heuristics_stn_windcorrected/nsga2/507_e-03/p100_i50/25/507_e-03_nsga2_stn.csv já existe, run considerada completa
[skip] ../raw_results/meta_heuristics_stn_windcorrected/nsga2/507_e-03/p100_i50/26/507_e-03_nsga2_stn.csv já existe, run considerada completa
[skip] ../raw_results/meta_heuristics_stn_windcorrected/nsga2/507_e-03/p100_i50/27/507_e-03_nsga2_stn.csv já existe, run considerada completa
[skip] ../raw_results/meta_heuristics_stn_windcorrected/nsga2/507_e-03/p100_i50/28/507_e-03_nsga2_stn.csv já existe, run considerada completa
[skip] ../raw_results/meta_heuristics_stn_windcorrected/nsga2/507_e-03/p100_i50/29/507_e-03_nsga2_stn.csv já existe, run considerada completa
[skip] ../raw_results/meta_heuristics_stn_windcorrected/moead/508_e-04/p100_i50/20/508_e-04_moead_stn.csv já existe, run considerada completa
[skip] ../raw_results/meta_heuristics_stn_windcorrected/moead/508_e-04/p100_i50/21/508_e-04_moead_stn.csv já existe, run considerada completa
[skip] ../raw_results/meta_heuristics_stn_windcorrected/moead/508_e-04/p100_i50/22/508_e-04_moead_stn.csv já existe, run considerada completa
[skip] ../raw_results/meta_heuristics_stn_windcorrected/moead/508_e-04/p100_i50/23/508_e-04_moead_stn.csv já existe, run considerada completa
[skip] ../raw_results/meta_heuristics_stn_windcorrected/moead/508_e-04/p100_i50/24/508_e-04_moead_stn.csv já existe, run considerada completa
[skip] ../raw_results/meta_heuristics_stn_windcorrected/moead/508_e-04/p100_i50/25/508_e-04_moead_stn.csv já existe, run considerada completa
[skip] ../raw_results/meta_heuristics_stn_windcorrected/moead/508_e-04/p100_i50/26/508_e-04_moead_stn.csv já existe, run considerada completa
[skip] ../raw_results/meta_heuristics_stn_windcorrected/moead/508_e-04/p100_i50/27/508_e-04_moead_stn.csv já existe, run considerada completa
[skip] ../raw_results/meta_heuristics_stn_windcorrected/moead/508_e-04/p100_i50/28/508_e-04_moead_stn.csv já existe, run considerada completa
[skip] ../raw_results/meta_heuristics_stn_windcorrected/moead/508_e-04/p100_i50/29/508_e-04_moead_stn.csv já existe, run considerada completa
[skip] ../raw_results/meta_heuristics_stn_windcorrected/nsga2/508_e-04/p100_i50/20/508_e-04_nsga2_stn.csv já existe, run considerada completa
[skip] ../raw_results/meta_heuristics_stn_windcorrected/nsga2/508_e-04/p100_i50/21/508_e-04_nsga2_stn.csv já existe, run considerada completa
[skip] ../raw_results/meta_heuristics_stn_windcorrected/nsga2/508_e-04/p100_i50/22/508_e-04_nsga2_stn.csv já existe, run considerada completa
[skip] ../raw_results/meta_heuristics_stn_windcorrected/nsga2/508_e-04/p100_i50/23/508_e-04_nsga2_stn.csv já existe, run considerada completa
[skip] ../raw_results/meta_heuristics_stn_windcorrected/nsga2/508_e-04/p100_i50/24/508_e-04_nsga2_stn.csv já existe, run considerada completa
[skip] ../raw_results/meta_heuristics_stn_windcorrected/nsga2/508_e-04/p100_i50/25/508_e-04_nsga2_stn.csv já existe, run considerada completa
[skip] ../raw_results/meta_heuristics_stn_windcorrected/nsga2/508_e-04/p100_i50/26/508_e-04_nsga2_stn.csv já existe, run considerada completa
[skip] ../raw_results/meta_heuristics_stn_windcorrected/nsga2/508_e-04/p100_i50/27/508_e-04_nsga2_stn.csv já existe, run considerada completa
[skip] ../raw_results/meta_heuristics_stn_windcorrected/nsga2/508_e-04/p100_i50/28/508_e-04_nsga2_stn.csv já existe, run considerada completa
[skip] ../raw_results/meta_heuristics_stn_windcorrected/nsga2/508_e-04/p100_i50/29/508_e-04_nsga2_stn.csv já existe, run considerada completa
[skip] ../raw_results/meta_heuristics_stn_windcorrected/moead/509_e-05/p100_i50/20/509_e-05_moead_stn.csv já existe, run considerada completa
[skip] ../raw_results/meta_heuristics_stn_windcorrected/moead/509_e-05/p100_i50/21/509_e-05_moead_stn.csv já existe, run considerada completa
[skip] ../raw_results/meta_heuristics_stn_windcorrected/moead/509_e-05/p100_i50/22/509_e-05_moead_stn.csv já existe, run considerada completa
[skip] ../raw_results/meta_heuristics_stn_windcorrected/moead/509_e-05/p100_i50/23/509_e-05_moead_stn.csv já existe, run considerada completa
[skip] ../raw_results/meta_heuristics_stn_windcorrected/moead/509_e-05/p100_i50/24/509_e-05_moead_stn.csv já existe, run considerada completa
[skip] ../raw_results/meta_heuristics_stn_windcorrected/moead/509_e-05/p100_i50/25/509_e-05_moead_stn.csv já existe, run considerada completa
[skip] ../raw_results/meta_heuristics_stn_windcorrected/moead/509_e-05/p100_i50/26/509_e-05_moead_stn.csv já existe, run considerada completa
[skip] ../raw_results/meta_heuristics_stn_windcorrected/moead/509_e-05/p100_i50/27/509_e-05_moead_stn.csv já existe, run considerada completa
[skip] ../raw_results/meta_heuristics_stn_windcorrected/moead/509_e-05/p100_i50/28/509_e-05_moead_stn.csv já existe, run considerada completa
[skip] ../raw_results/meta_heuristics_stn_windcorrected/moead/509_e-05/p100_i50/29/509_e-05_moead_stn.csv já existe, run considerada completa
[skip] ../raw_results/meta_heuristics_stn_windcorrected/nsga2/509_e-05/p100_i50/20/509_e-05_nsga2_stn.csv já existe, run considerada completa
[skip] ../raw_results/meta_heuristics_stn_windcorrected/nsga2/509_e-05/p100_i50/21/509_e-05_nsga2_stn.csv já existe, run considerada completa
[skip] ../raw_results/meta_heuristics_stn_windcorrected/nsga2/509_e-05/p100_i50/22/509_e-05_nsga2_stn.csv já existe, run considerada completa
[skip] ../raw_results/meta_heuristics_stn_windcorrected/nsga2/509_e-05/p100_i50/23/509_e-05_nsga2_stn.csv já existe, run considerada completa
[skip] ../raw_results/meta_heuristics_stn_windcorrected/nsga2/509_e-05/p100_i50/24/509_e-05_nsga2_stn.csv já existe, run considerada completa
[skip] ../raw_results/meta_heuristics_stn_windcorrected/nsga2/509_e-05/p100_i50/25/509_e-05_nsga2_stn.csv já existe, run considerada completa
[skip] ../raw_results/meta_heuristics_stn_windcorrected/nsga2/509_e-05/p100_i50/26/509_e-05_nsga2_stn.csv já existe, run considerada completa
[skip] ../raw_results/meta_heuristics_stn_windcorrected/nsga2/509_e-05/p100_i50/27/509_e-05_nsga2_stn.csv já existe, run considerada completa
[skip] ../raw_results/meta_heuristics_stn_windcorrected/nsga2/509_e-05/p100_i50/28/509_e-05_nsga2_stn.csv já existe, run considerada completa
[skip] ../raw_results/meta_heuristics_stn_windcorrected/nsga2/509_e-05/p100_i50/29/509_e-05_nsga2_stn.csv já existe, run considerada completa
[start] instance=510_e-02 algo=moead run_id=20 angle=240.000000000000 wind=9.000000000000 stop_criteria=1000000 stn_p=100 stn_interval=50 2026-09-01T23:28:27+00:00
9

Number of subproblems: 100
Number of neighbors: 10
Number of fixed turbines: 58
Number of mobile turbines: 15
Wind: 9.000000000000
Angle: 240.000000000000
Run id: 20
Stop criteria: 1000000
STN P (num vectors): 100
STN logger interval: 50

Run time:
[done]  instance=512_e-04 algo=nsga2 run_id=6 2026-09-01T23:31:43+00:00
[start] instance=510_e-02 algo=moead run_id=21 angle=330.000000000000 wind=7.000000000000 stop_criteria=1000000 stn_p=100 stn_interval=50 2026-09-01T23:31:43+00:00
9

Number of subproblems: 100
Number of neighbors: 10
Number of fixed turbines: 58
Number of mobile turbines: 15
Wind: 7.000000000000
Angle: 330.000000000000
Run id: 21
Stop criteria: 1000000
STN P (num vectors): 100
STN logger interval: 50

Run time:
[done]  instance=512_e-04 algo=nsga2 run_id=11 2026-09-01T23:34:12+00:00
[start] instance=510_e-02 algo=moead run_id=22 angle=270.000000000000 wind=13.000000000000 stop_criteria=1000000 stn_p=100 stn_interval=50 2026-09-01T23:34:12+00:00
9

Number of subproblems: 100
Number of neighbors: 10
Number of fixed turbines: 58
Number of mobile turbines: 15
Wind: 13.000000000000
Angle: 270.000000000000
Run id: 22
Stop criteria: 1000000
STN P (num vectors): 100
STN logger interval: 50

Run time:
[done]  instance=510_e-02 algo=moead run_id=20 2026-09-01T23:35:17+00:00
[start] instance=510_e-02 algo=moead run_id=23 angle=120.000000000000 wind=13.000000000000 stop_criteria=1000000 stn_p=100 stn_interval=50 2026-09-01T23:35:17+00:00
9

Number of subproblems: 100
Number of neighbors: 10
Number of fixed turbines: 58
Number of mobile turbines: 15
Wind: 13.000000000000
Angle: 120.000000000000
Run id: 23
Stop criteria: 1000000
STN P (num vectors): 100
STN logger interval: 50

Run time:
[done]  instance=512_e-04 algo=nsga2 run_id=2 2026-09-01T23:37:36+00:00
[start] instance=510_e-02 algo=moead run_id=24 angle=240.000000000000 wind=13.000000000000 stop_criteria=1000000 stn_p=100 stn_interval=50 2026-09-01T23:37:37+00:00
9

Number of subproblems: 100
Number of neighbors: 10
Number of fixed turbines: 58
Number of mobile turbines: 15
Wind: 13.000000000000
Angle: 240.000000000000
Run id: 24
Stop criteria: 1000000
STN P (num vectors): 100
STN logger interval: 50

Run time:
[done]  instance=510_e-02 algo=moead run_id=21 2026-09-01T23:38:52+00:00
[start] instance=510_e-02 algo=moead run_id=25 angle=180.000000000000 wind=11.000000000000 stop_criteria=1000000 stn_p=100 stn_interval=50 2026-09-01T23:38:53+00:00
9

Number of subproblems: 100
Number of neighbors: 10
Number of fixed turbines: 58
Number of mobile turbines: 15
Wind: 11.000000000000
Angle: 180.000000000000
Run id: 25
Stop criteria: 1000000
STN P (num vectors): 100
STN logger interval: 50

Run time:
[done]  instance=510_e-02 algo=moead run_id=22 2026-09-01T23:40:19+00:00
[start] instance=510_e-02 algo=moead run_id=26 angle=330.000000000000 wind=15.000000000000 stop_criteria=1000000 stn_p=100 stn_interval=50 2026-09-01T23:40:19+00:00
9

Number of subproblems: 100
Number of neighbors: 10
Number of fixed turbines: 58
Number of mobile turbines: 15
Wind: 15.000000000000
Angle: 330.000000000000
Run id: 26
Stop criteria: 1000000
STN P (num vectors): 100
STN logger interval: 50

Run time:
[done]  instance=510_e-02 algo=moead run_id=23 2026-09-01T23:41:26+00:00
[start] instance=510_e-02 algo=moead run_id=27 angle=60.000000000000 wind=7.000000000000 stop_criteria=1000000 stn_p=100 stn_interval=50 2026-09-01T23:41:26+00:00
9

Number of subproblems: 100
Number of neighbors: 10
Number of fixed turbines: 58
Number of mobile turbines: 15
Wind: 7.000000000000
Angle: 60.000000000000
Run id: 27
Stop criteria: 1000000
STN P (num vectors): 100
STN logger interval: 50

Run time:
[done]  instance=510_e-02 algo=moead run_id=24 2026-09-01T23:44:09+00:00
[start] instance=510_e-02 algo=moead run_id=28 angle=90.000000000000 wind=13.000000000000 stop_criteria=1000000 stn_p=100 stn_interval=50 2026-09-01T23:44:10+00:00
9

Number of subproblems: 100
Number of neighbors: 10
Number of fixed turbines: 58
Number of mobile turbines: 15
Wind: 13.000000000000
Angle: 90.000000000000
Run id: 28
Stop criteria: 1000000
STN P (num vectors): 100
STN logger interval: 50

Run time:
[done]  instance=510_e-02 algo=moead run_id=25 2026-09-01T23:45:44+00:00
[start] instance=510_e-02 algo=moead run_id=29 angle=330.000000000000 wind=9.000000000000 stop_criteria=1000000 stn_p=100 stn_interval=50 2026-09-01T23:45:44+00:00
9

Number of subproblems: 100
Number of neighbors: 10
Number of fixed turbines: 58
Number of mobile turbines: 15
Wind: 9.000000000000
Angle: 330.000000000000
Run id: 29
Stop criteria: 1000000
STN P (num vectors): 100
STN logger interval: 50

Run time:
[done]  instance=512_e-04 algo=nsga2 run_id=17 2026-09-01T23:45:48+00:00
[start] instance=510_e-02 algo=nsga2 run_id=20 angle=240.000000000000 wind=5.000000000000 stop_criteria=1000000 stn_p=100 stn_interval=50 2026-09-01T23:45:48+00:00
9

Number of subproblems: 100
Number of neighbors: 10
Number of fixed turbines: 58
Number of mobile turbines: 15
Wind: 5.000000000000
Angle: 240.000000000000
Run id: 20
Stop criteria: 1000000
STN P (num vectors): 100
STN logger interval: 50

Run time:
[done]  instance=510_e-02 algo=moead run_id=26 2026-09-01T23:47:23+00:00
[start] instance=510_e-02 algo=nsga2 run_id=21 angle=210.000000000000 wind=7.000000000000 stop_criteria=1000000 stn_p=100 stn_interval=50 2026-09-01T23:47:23+00:00
9

Number of subproblems: 100
Number of neighbors: 10
Number of fixed turbines: 58
Number of mobile turbines: 15
Wind: 7.000000000000
Angle: 210.000000000000
Run id: 21
Stop criteria: 1000000
STN P (num vectors): 100
STN logger interval: 50

Run time:
[done]  instance=510_e-02 algo=moead run_id=27 2026-09-01T23:47:34+00:00
[start] instance=510_e-02 algo=nsga2 run_id=22 angle=120.000000000000 wind=5.000000000000 stop_criteria=1000000 stn_p=100 stn_interval=50 2026-09-01T23:47:35+00:00
9

Number of subproblems: 100
Number of neighbors: 10
Number of fixed turbines: 58
Number of mobile turbines: 15
Wind: 5.000000000000
Angle: 120.000000000000
Run id: 22
Stop criteria: 1000000
STN P (num vectors): 100
STN logger interval: 50

Run time:
[done]  instance=510_e-02 algo=moead run_id=28 2026-09-01T23:50:08+00:00
[start] instance=510_e-02 algo=nsga2 run_id=23 angle=0.000000000000 wind=5.000000000000 stop_criteria=1000000 stn_p=100 stn_interval=50 2026-09-01T23:50:08+00:00
9

Number of subproblems: 100
Number of neighbors: 10
Number of fixed turbines: 58
Number of mobile turbines: 15
Wind: 5.000000000000
Angle: 0.000000000000
Run id: 23
Stop criteria: 1000000
STN P (num vectors): 100
STN logger interval: 50

Run time:
[done]  instance=510_e-02 algo=moead run_id=29 2026-09-01T23:52:57+00:00
[start] instance=510_e-02 algo=nsga2 run_id=24 angle=30.000000000000 wind=15.000000000000 stop_criteria=1000000 stn_p=100 stn_interval=50 2026-09-01T23:52:57+00:00
9

Number of subproblems: 100
Number of neighbors: 10
Number of fixed turbines: 58
Number of mobile turbines: 15
Wind: 15.000000000000
Angle: 30.000000000000
Run id: 24
Stop criteria: 1000000
STN P (num vectors): 100
STN logger interval: 50

Run time:
[done]  instance=512_e-04 algo=nsga2 run_id=9 2026-09-02T00:00:30+00:00
[start] instance=510_e-02 algo=nsga2 run_id=25 angle=240.000000000000 wind=17.000000000000 stop_criteria=1000000 stn_p=100 stn_interval=50 2026-09-02T00:00:30+00:00
9

Number of subproblems: 100
Number of neighbors: 10
Number of fixed turbines: 58
Number of mobile turbines: 15
Wind: 17.000000000000
Angle: 240.000000000000
Run id: 25
Stop criteria: 1000000
STN P (num vectors): 100
STN logger interval: 50

Run time:
[done]  instance=512_e-04 algo=nsga2 run_id=5 2026-09-02T00:09:38+00:00
[start] instance=510_e-02 algo=nsga2 run_id=26 angle=210.000000000000 wind=9.000000000000 stop_criteria=1000000 stn_p=100 stn_interval=50 2026-09-02T00:09:38+00:00
9

Number of subproblems: 100
Number of neighbors: 10
Number of fixed turbines: 58
Number of mobile turbines: 15
Wind: 9.000000000000
Angle: 210.000000000000
Run id: 26
Stop criteria: 1000000
STN P (num vectors): 100
STN logger interval: 50

Run time:
[done]  instance=512_e-04 algo=nsga2 run_id=0 2026-09-02T00:09:51+00:00
[start] instance=510_e-02 algo=nsga2 run_id=27 angle=60.000000000000 wind=11.000000000000 stop_criteria=1000000 stn_p=100 stn_interval=50 2026-09-02T00:09:51+00:00
9

Number of subproblems: 100
Number of neighbors: 10
Number of fixed turbines: 58
Number of mobile turbines: 15
Wind: 11.000000000000
Angle: 60.000000000000
Run id: 27
Stop criteria: 1000000
STN P (num vectors): 100
STN logger interval: 50

Run time:
[done]  instance=510_e-02 algo=nsga2 run_id=20 2026-09-02T00:10:04+00:00
[start] instance=510_e-02 algo=nsga2 run_id=28 angle=240.000000000000 wind=7.000000000000 stop_criteria=1000000 stn_p=100 stn_interval=50 2026-09-02T00:10:04+00:00
9

Number of subproblems: 100
Number of neighbors: 10
Number of fixed turbines: 58
Number of mobile turbines: 15
Wind: 7.000000000000
Angle: 240.000000000000
Run id: 28
Stop criteria: 1000000
STN P (num vectors): 100
STN logger interval: 50

Run time:
[done]  instance=510_e-02 algo=nsga2 run_id=22 2026-09-02T00:14:04+00:00
[start] instance=510_e-02 algo=nsga2 run_id=29 angle=120.000000000000 wind=1.000000000000 stop_criteria=1000000 stn_p=100 stn_interval=50 2026-09-02T00:14:04+00:00
9

Number of subproblems: 100
Number of neighbors: 10
Number of fixed turbines: 58
Number of mobile turbines: 15
Wind: 1.000000000000
Angle: 120.000000000000
Run id: 29
Stop criteria: 1000000
STN P (num vectors): 100
STN logger interval: 50

Run time:
[done]  instance=512_e-04 algo=nsga2 run_id=4 2026-09-02T00:14:40+00:00
[start] instance=511_e-03 algo=moead run_id=20 angle=180.000000000000 wind=19.000000000000 stop_criteria=1000000 stn_p=100 stn_interval=50 2026-09-02T00:14:40+00:00
9

Number of subproblems: 100
Number of neighbors: 10
Number of fixed turbines: 58
Number of mobile turbines: 15
Wind: 19.000000000000
Angle: 180.000000000000
Run id: 20
Stop criteria: 1000000
STN P (num vectors): 100
STN logger interval: 50

Run time:
[done]  instance=510_e-02 algo=nsga2 run_id=21 2026-09-02T00:15:58+00:00
[start] instance=511_e-03 algo=moead run_id=21 angle=90.000000000000 wind=3.000000000000 stop_criteria=1000000 stn_p=100 stn_interval=50 2026-09-02T00:15:58+00:00
9

Number of subproblems: 100
Number of neighbors: 10
Number of fixed turbines: 58
Number of mobile turbines: 15
Wind: 3.000000000000
Angle: 90.000000000000
Run id: 21
Stop criteria: 1000000
STN P (num vectors): 100
STN logger interval: 50

Run time:
[done]  instance=510_e-02 algo=nsga2 run_id=24 2026-09-02T00:19:33+00:00
[start] instance=511_e-03 algo=moead run_id=22 angle=270.000000000000 wind=13.000000000000 stop_criteria=1000000 stn_p=100 stn_interval=50 2026-09-02T00:19:33+00:00
9

Number of subproblems: 100
Number of neighbors: 10
Number of fixed turbines: 58
Number of mobile turbines: 15
Wind: 13.000000000000
Angle: 270.000000000000
Run id: 22
Stop criteria: 1000000
STN P (num vectors): 100
STN logger interval: 50

Run time:
[done]  instance=510_e-02 algo=nsga2 run_id=23 2026-09-02T00:20:13+00:00
[start] instance=511_e-03 algo=moead run_id=23 angle=60.000000000000 wind=9.000000000000 stop_criteria=1000000 stn_p=100 stn_interval=50 2026-09-02T00:20:13+00:00
9

Number of subproblems: 100
Number of neighbors: 10
Number of fixed turbines: 58
Number of mobile turbines: 15
Wind: 9.000000000000
Angle: 60.000000000000
Run id: 23
Stop criteria: 1000000
STN P (num vectors): 100
STN logger interval: 50

Run time:
[done]  instance=512_e-04 algo=nsga2 run_id=18 2026-09-02T00:21:50+00:00
[start] instance=511_e-03 algo=moead run_id=24 angle=210.000000000000 wind=19.000000000000 stop_criteria=1000000 stn_p=100 stn_interval=50 2026-09-02T00:21:50+00:00
9

Number of subproblems: 100
Number of neighbors: 10
Number of fixed turbines: 58
Number of mobile turbines: 15
Wind: 19.000000000000
Angle: 210.000000000000
Run id: 24
Stop criteria: 1000000
STN P (num vectors): 100
STN logger interval: 50

Run time:
[done]  instance=511_e-03 algo=moead run_id=20 2026-09-02T00:22:15+00:00
[start] instance=511_e-03 algo=moead run_id=25 angle=30.000000000000 wind=9.000000000000 stop_criteria=1000000 stn_p=100 stn_interval=50 2026-09-02T00:22:15+00:00
9

Number of subproblems: 100
Number of neighbors: 10
Number of fixed turbines: 58
Number of mobile turbines: 15
Wind: 9.000000000000
Angle: 30.000000000000
Run id: 25
Stop criteria: 1000000
STN P (num vectors): 100
STN logger interval: 50

Run time:
[done]  instance=511_e-03 algo=moead run_id=21 2026-09-02T00:22:33+00:00
[start] instance=511_e-03 algo=moead run_id=26 angle=240.000000000000 wind=9.000000000000 stop_criteria=1000000 stn_p=100 stn_interval=50 2026-09-02T00:22:33+00:00
9

Number of subproblems: 100
Number of neighbors: 10
Number of fixed turbines: 58
Number of mobile turbines: 15
Wind: 9.000000000000
Angle: 240.000000000000
Run id: 26
Stop criteria: 1000000
STN P (num vectors): 100
STN logger interval: 50

Run time:
[done]  instance=512_e-04 algo=nsga2 run_id=15 2026-09-02T00:24:37+00:00
[start] instance=511_e-03 algo=moead run_id=27 angle=150.000000000000 wind=9.000000000000 stop_criteria=1000000 stn_p=100 stn_interval=50 2026-09-02T00:24:37+00:00
9

Number of subproblems: 100
Number of neighbors: 10
Number of fixed turbines: 58
Number of mobile turbines: 15
Wind: 9.000000000000
Angle: 150.000000000000
Run id: 27
Stop criteria: 1000000
STN P (num vectors): 100
STN logger interval: 50

Run time:
[done]  instance=510_e-02 algo=nsga2 run_id=25 2026-09-02T00:25:22+00:00
[start] instance=511_e-03 algo=moead run_id=28 angle=90.000000000000 wind=9.000000000000 stop_criteria=1000000 stn_p=100 stn_interval=50 2026-09-02T00:25:22+00:00
9

Number of subproblems: 100
Number of neighbors: 10
Number of fixed turbines: 58
Number of mobile turbines: 15
Wind: 9.000000000000
Angle: 90.000000000000
Run id: 28
Stop criteria: 1000000
STN P (num vectors): 100
STN logger interval: 50

Run time:
[done]  instance=512_e-04 algo=nsga2 run_id=7 2026-09-02T00:25:34+00:00
[start] instance=511_e-03 algo=moead run_id=29 angle=330.000000000000 wind=9.000000000000 stop_criteria=1000000 stn_p=100 stn_interval=50 2026-09-02T00:25:34+00:00
9

Number of subproblems: 100
Number of neighbors: 10
Number of fixed turbines: 58
Number of mobile turbines: 15
Wind: 9.000000000000
Angle: 330.000000000000
Run id: 29
Stop criteria: 1000000
STN P (num vectors): 100
STN logger interval: 50

Run time:
[done]  instance=511_e-03 algo=moead run_id=22 2026-09-02T00:26:24+00:00
[start] instance=511_e-03 algo=nsga2 run_id=20 angle=60.000000000000 wind=9.000000000000 stop_criteria=1000000 stn_p=100 stn_interval=50 2026-09-02T00:26:24+00:00
9

Number of subproblems: 100
Number of neighbors: 10
Number of fixed turbines: 58
Number of mobile turbines: 15
Wind: 9.000000000000
Angle: 60.000000000000
Run id: 20
Stop criteria: 1000000
STN P (num vectors): 100
STN logger interval: 50

Run time:
[done]  instance=511_e-03 algo=moead run_id=23 2026-09-02T00:26:53+00:00
[start] instance=511_e-03 algo=nsga2 run_id=21 angle=270.000000000000 wind=15.000000000000 stop_criteria=1000000 stn_p=100 stn_interval=50 2026-09-02T00:26:53+00:00
9

Number of subproblems: 100
Number of neighbors: 10
Number of fixed turbines: 58
Number of mobile turbines: 15
Wind: 15.000000000000
Angle: 270.000000000000
Run id: 21
Stop criteria: 1000000
STN P (num vectors): 100
STN logger interval: 50

Run time:
[done]  instance=511_e-03 algo=moead run_id=25 2026-09-02T00:28:31+00:00
[start] instance=511_e-03 algo=nsga2 run_id=22 angle=90.000000000000 wind=9.000000000000 stop_criteria=1000000 stn_p=100 stn_interval=50 2026-09-02T00:28:31+00:00
9

Number of subproblems: 100
Number of neighbors: 10
Number of fixed turbines: 58
Number of mobile turbines: 15
Wind: 9.000000000000
Angle: 90.000000000000
Run id: 22
Stop criteria: 1000000
STN P (num vectors): 100
STN logger interval: 50

Run time:
[done]  instance=511_e-03 algo=moead run_id=24 2026-09-02T00:29:16+00:00
[start] instance=511_e-03 algo=nsga2 run_id=23 angle=150.000000000000 wind=11.000000000000 stop_criteria=1000000 stn_p=100 stn_interval=50 2026-09-02T00:29:16+00:00
9

Number of subproblems: 100
Number of neighbors: 10
Number of fixed turbines: 58
Number of mobile turbines: 15
Wind: 11.000000000000
Angle: 150.000000000000
Run id: 23
Stop criteria: 1000000
STN P (num vectors): 100
STN logger interval: 50

Run time:
[done]  instance=511_e-03 algo=moead run_id=26 2026-09-02T00:29:41+00:00
[start] instance=511_e-03 algo=nsga2 run_id=24 angle=270.000000000000 wind=7.000000000000 stop_criteria=1000000 stn_p=100 stn_interval=50 2026-09-02T00:29:41+00:00
9

Number of subproblems: 100
Number of neighbors: 10
Number of fixed turbines: 58
Number of mobile turbines: 15
Wind: 7.000000000000
Angle: 270.000000000000
Run id: 24
Stop criteria: 1000000
STN P (num vectors): 100
STN logger interval: 50

Run time:
[done]  instance=510_e-02 algo=nsga2 run_id=27 2026-09-02T00:30:53+00:00
[start] instance=511_e-03 algo=nsga2 run_id=25 angle=120.000000000000 wind=5.000000000000 stop_criteria=1000000 stn_p=100 stn_interval=50 2026-09-02T00:30:54+00:00
9

Number of subproblems: 100
Number of neighbors: 10
Number of fixed turbines: 58
Number of mobile turbines: 15
Wind: 5.000000000000
Angle: 120.000000000000
Run id: 25
Stop criteria: 1000000
STN P (num vectors): 100
STN logger interval: 50

Run time:
[done]  instance=511_e-03 algo=moead run_id=27 2026-09-02T00:31:57+00:00
[start] instance=511_e-03 algo=nsga2 run_id=26 angle=270.000000000000 wind=9.000000000000 stop_criteria=1000000 stn_p=100 stn_interval=50 2026-09-02T00:31:57+00:00
9

Number of subproblems: 100
Number of neighbors: 10
Number of fixed turbines: 58
Number of mobile turbines: 15
Wind: 9.000000000000
Angle: 270.000000000000
Run id: 26
Stop criteria: 1000000
STN P (num vectors): 100
STN logger interval: 50

Run time:
[done]  instance=511_e-03 algo=moead run_id=28 2026-09-02T00:32:00+00:00
[start] instance=511_e-03 algo=nsga2 run_id=27 angle=240.000000000000 wind=7.000000000000 stop_criteria=1000000 stn_p=100 stn_interval=50 2026-09-02T00:32:00+00:00
9

Number of subproblems: 100
Number of neighbors: 10
Number of fixed turbines: 58
Number of mobile turbines: 15
Wind: 7.000000000000
Angle: 240.000000000000
Run id: 27
Stop criteria: 1000000
STN P (num vectors): 100
STN logger interval: 50

Run time:
[done]  instance=511_e-03 algo=moead run_id=29 2026-09-02T00:33:06+00:00
[start] instance=511_e-03 algo=nsga2 run_id=28 angle=210.000000000000 wind=13.000000000000 stop_criteria=1000000 stn_p=100 stn_interval=50 2026-09-02T00:33:06+00:00
9

Number of subproblems: 100
Number of neighbors: 10
Number of fixed turbines: 58
Number of mobile turbines: 15
Wind: 13.000000000000
Angle: 210.000000000000
Run id: 28
Stop criteria: 1000000
STN P (num vectors): 100
STN logger interval: 50

Run time:
[done]  instance=510_e-02 algo=nsga2 run_id=28 2026-09-02T00:33:54+00:00
[start] instance=511_e-03 algo=nsga2 run_id=29 angle=120.000000000000 wind=5.000000000000 stop_criteria=1000000 stn_p=100 stn_interval=50 2026-09-02T00:33:54+00:00
9

Number of subproblems: 100
Number of neighbors: 10
Number of fixed turbines: 58
Number of mobile turbines: 15
Wind: 5.000000000000
Angle: 120.000000000000
Run id: 29
Stop criteria: 1000000
STN P (num vectors): 100
STN logger interval: 50

Run time:
[done]  instance=512_e-04 algo=nsga2 run_id=10 2026-09-02T00:36:02+00:00
[start] instance=512_e-04 algo=moead run_id=20 angle=240.000000000000 wind=1.000000000000 stop_criteria=1000000 stn_p=100 stn_interval=50 2026-09-02T00:36:02+00:00
9

Number of subproblems: 100
Number of neighbors: 10
Number of fixed turbines: 58
Number of mobile turbines: 15
Wind: 1.000000000000
Angle: 240.000000000000
Run id: 20
Stop criteria: 1000000
STN P (num vectors): 100
STN logger interval: 50

Run time:
[done]  instance=510_e-02 algo=nsga2 run_id=26 2026-09-02T00:36:05+00:00
[start] instance=512_e-04 algo=moead run_id=21 angle=150.000000000000 wind=9.000000000000 stop_criteria=1000000 stn_p=100 stn_interval=50 2026-09-02T00:36:05+00:00
9

Number of subproblems: 100
Number of neighbors: 10
Number of fixed turbines: 58
Number of mobile turbines: 15
Wind: 9.000000000000
Angle: 150.000000000000
Run id: 21
Stop criteria: 1000000
STN P (num vectors): 100
STN logger interval: 50

Run time:
[done]  instance=510_e-02 algo=nsga2 run_id=29 2026-09-02T00:37:49+00:00
[start] instance=512_e-04 algo=moead run_id=22 angle=60.000000000000 wind=1.000000000000 stop_criteria=1000000 stn_p=100 stn_interval=50 2026-09-02T00:37:49+00:00
9

Number of subproblems: 100
Number of neighbors: 10
Number of fixed turbines: 58
Number of mobile turbines: 15
Wind: 1.000000000000
Angle: 60.000000000000
Run id: 22
Stop criteria: 1000000
STN P (num vectors): 100
STN logger interval: 50

Run time:
[done]  instance=512_e-04 algo=moead run_id=21 2026-09-02T00:52:47+00:00
[start] instance=512_e-04 algo=moead run_id=23 angle=90.000000000000 wind=7.000000000000 stop_criteria=1000000 stn_p=100 stn_interval=50 2026-09-02T00:52:47+00:00
9

Number of subproblems: 100
Number of neighbors: 10
Number of fixed turbines: 58
Number of mobile turbines: 15
Wind: 7.000000000000
Angle: 90.000000000000
Run id: 23
Stop criteria: 1000000
STN P (num vectors): 100
STN logger interval: 50

Run time:
[done]  instance=512_e-04 algo=moead run_id=20 2026-09-02T00:53:58+00:00
[start] instance=512_e-04 algo=moead run_id=24 angle=240.000000000000 wind=13.000000000000 stop_criteria=1000000 stn_p=100 stn_interval=50 2026-09-02T00:53:58+00:00
9

Number of subproblems: 100
Number of neighbors: 10
Number of fixed turbines: 58
Number of mobile turbines: 15
Wind: 13.000000000000
Angle: 240.000000000000
Run id: 24
Stop criteria: 1000000
STN P (num vectors): 100
STN logger interval: 50

Run time:
[done]  instance=512_e-04 algo=nsga2 run_id=12 2026-09-02T00:54:51+00:00
[start] instance=512_e-04 algo=moead run_id=25 angle=240.000000000000 wind=21.000000000000 stop_criteria=1000000 stn_p=100 stn_interval=50 2026-09-02T00:54:52+00:00
9

Number of subproblems: 100
Number of neighbors: 10
Number of fixed turbines: 58
Number of mobile turbines: 15
Wind: 21.000000000000
Angle: 240.000000000000
Run id: 25
Stop criteria: 1000000
STN P (num vectors): 100
STN logger interval: 50

Run time:
[done]  instance=512_e-04 algo=moead run_id=22 2026-09-02T00:55:10+00:00
[start] instance=512_e-04 algo=moead run_id=26 angle=150.000000000000 wind=13.000000000000 stop_criteria=1000000 stn_p=100 stn_interval=50 2026-09-02T00:55:10+00:00
9

Number of subproblems: 100
Number of neighbors: 10
Number of fixed turbines: 58
Number of mobile turbines: 15
Wind: 13.000000000000
Angle: 150.000000000000
Run id: 26
Stop criteria: 1000000
STN P (num vectors): 100
STN logger interval: 50

Run time:
[done]  instance=512_e-04 algo=moead run_id=23 2026-09-02T01:08:10+00:00
[start] instance=512_e-04 algo=moead run_id=27 angle=150.000000000000 wind=9.000000000000 stop_criteria=1000000 stn_p=100 stn_interval=50 2026-09-02T01:08:11+00:00
9

Number of subproblems: 100
Number of neighbors: 10
Number of fixed turbines: 58
Number of mobile turbines: 15
Wind: 9.000000000000
Angle: 150.000000000000
Run id: 27
Stop criteria: 1000000
STN P (num vectors): 100
STN logger interval: 50

Run time:
[done]  instance=512_e-04 algo=nsga2 run_id=14 2026-09-02T01:08:26+00:00
[start] instance=512_e-04 algo=moead run_id=28 angle=240.000000000000 wind=9.000000000000 stop_criteria=1000000 stn_p=100 stn_interval=50 2026-09-02T01:08:26+00:00
9

Number of subproblems: 100
Number of neighbors: 10
Number of fixed turbines: 58
Number of mobile turbines: 15
Wind: 9.000000000000
Angle: 240.000000000000
Run id: 28
Stop criteria: 1000000
STN P (num vectors): 100
STN logger interval: 50

Run time:
[done]  instance=512_e-04 algo=moead run_id=24 2026-09-02T01:09:39+00:00
[start] instance=512_e-04 algo=moead run_id=29 angle=300.000000000000 wind=13.000000000000 stop_criteria=1000000 stn_p=100 stn_interval=50 2026-09-02T01:09:39+00:00
9

Number of subproblems: 100
Number of neighbors: 10
Number of fixed turbines: 58
Number of mobile turbines: 15
Wind: 13.000000000000
Angle: 300.000000000000
Run id: 29
Stop criteria: 1000000
STN P (num vectors): 100
STN logger interval: 50

Run time:
[done]  instance=512_e-04 algo=moead run_id=25 2026-09-02T01:10:21+00:00
[start] instance=512_e-04 algo=nsga2 run_id=20 angle=150.000000000000 wind=13.000000000000 stop_criteria=1000000 stn_p=100 stn_interval=50 2026-09-02T01:10:21+00:00
9

Number of subproblems: 100
Number of neighbors: 10
Number of fixed turbines: 58
Number of mobile turbines: 15
Wind: 13.000000000000
Angle: 150.000000000000
Run id: 20
Stop criteria: 1000000
STN P (num vectors): 100
STN logger interval: 50

Run time:
[done]  instance=512_e-04 algo=moead run_id=26 2026-09-02T01:11:19+00:00
[start] instance=512_e-04 algo=nsga2 run_id=21 angle=150.000000000000 wind=9.000000000000 stop_criteria=1000000 stn_p=100 stn_interval=50 2026-09-02T01:11:20+00:00
9

Number of subproblems: 100
Number of neighbors: 10
Number of fixed turbines: 58
Number of mobile turbines: 15
Wind: 9.000000000000
Angle: 150.000000000000
Run id: 21
Stop criteria: 1000000
STN P (num vectors): 100
STN logger interval: 50

Run time:
[done]  instance=512_e-04 algo=moead run_id=28 2026-09-02T01:24:03+00:00
[start] instance=512_e-04 algo=nsga2 run_id=22 angle=270.000000000000 wind=13.000000000000 stop_criteria=1000000 stn_p=100 stn_interval=50 2026-09-02T01:24:03+00:00
9

Number of subproblems: 100
Number of neighbors: 10
Number of fixed turbines: 58
Number of mobile turbines: 15
Wind: 13.000000000000
Angle: 270.000000000000
Run id: 22
Stop criteria: 1000000
STN P (num vectors): 100
STN logger interval: 50

Run time:
[done]  instance=512_e-04 algo=moead run_id=27 2026-09-02T01:24:27+00:00
[start] instance=512_e-04 algo=nsga2 run_id=23 angle=0.000000000000 wind=15.000000000000 stop_criteria=1000000 stn_p=100 stn_interval=50 2026-09-02T01:24:28+00:00
9

Number of subproblems: 100
Number of neighbors: 10
Number of fixed turbines: 58
Number of mobile turbines: 15
Wind: 15.000000000000
Angle: 0.000000000000
Run id: 23
Stop criteria: 1000000
STN P (num vectors): 100
STN logger interval: 50

Run time:
[done]  instance=512_e-04 algo=moead run_id=29 2026-09-02T01:25:54+00:00
[start] instance=512_e-04 algo=nsga2 run_id=24 angle=150.000000000000 wind=15.000000000000 stop_criteria=1000000 stn_p=100 stn_interval=50 2026-09-02T01:25:54+00:00
9

Number of subproblems: 100
Number of neighbors: 10
Number of fixed turbines: 58
Number of mobile turbines: 15
Wind: 15.000000000000
Angle: 150.000000000000
Run id: 24
Stop criteria: 1000000
STN P (num vectors): 100
STN logger interval: 50

Run time:
[done]  instance=511_e-03 algo=nsga2 run_id=20 2026-09-02T01:36:58+00:00
[start] instance=512_e-04 algo=nsga2 run_id=25 angle=180.000000000000 wind=11.000000000000 stop_criteria=1000000 stn_p=100 stn_interval=50 2026-09-02T01:36:58+00:00
9

Number of subproblems: 100
Number of neighbors: 10
Number of fixed turbines: 58
Number of mobile turbines: 15
Wind: 11.000000000000
Angle: 180.000000000000
Run id: 25
Stop criteria: 1000000
STN P (num vectors): 100
STN logger interval: 50

Run time:
[done]  instance=511_e-03 algo=nsga2 run_id=21 2026-09-02T01:43:16+00:00
[start] instance=512_e-04 algo=nsga2 run_id=26 angle=90.000000000000 wind=17.000000000000 stop_criteria=1000000 stn_p=100 stn_interval=50 2026-09-02T01:43:17+00:00
9

Number of subproblems: 100
Number of neighbors: 10
Number of fixed turbines: 58
Number of mobile turbines: 15
Wind: 17.000000000000
Angle: 90.000000000000
Run id: 26
Stop criteria: 1000000
STN P (num vectors): 100
STN logger interval: 50

Run time:
[done]  instance=511_e-03 algo=nsga2 run_id=24 2026-09-02T01:47:26+00:00
[start] instance=512_e-04 algo=nsga2 run_id=27 angle=300.000000000000 wind=5.000000000000 stop_criteria=1000000 stn_p=100 stn_interval=50 2026-09-02T01:47:26+00:00
9

Number of subproblems: 100
Number of neighbors: 10
Number of fixed turbines: 58
Number of mobile turbines: 15
Wind: 5.000000000000
Angle: 300.000000000000
Run id: 27
Stop criteria: 1000000
STN P (num vectors): 100
STN logger interval: 50

Run time:
[done]  instance=511_e-03 algo=nsga2 run_id=22 2026-09-02T01:47:56+00:00
[start] instance=512_e-04 algo=nsga2 run_id=28 angle=90.000000000000 wind=5.000000000000 stop_criteria=1000000 stn_p=100 stn_interval=50 2026-09-02T01:47:56+00:00
9

Number of subproblems: 100
Number of neighbors: 10
Number of fixed turbines: 58
Number of mobile turbines: 15
Wind: 5.000000000000
Angle: 90.000000000000
Run id: 28
Stop criteria: 1000000
STN P (num vectors): 100
STN logger interval: 50

Run time:
[done]  instance=511_e-03 algo=nsga2 run_id=26 2026-09-02T01:49:06+00:00
[start] instance=512_e-04 algo=nsga2 run_id=29 angle=210.000000000000 wind=13.000000000000 stop_criteria=1000000 stn_p=100 stn_interval=50 2026-09-02T01:49:06+00:00
9

Number of subproblems: 100
Number of neighbors: 10
Number of fixed turbines: 58
Number of mobile turbines: 15
Wind: 13.000000000000
Angle: 210.000000000000
Run id: 29
Stop criteria: 1000000
STN P (num vectors): 100
STN logger interval: 50

Run time:
[done]  instance=511_e-03 algo=nsga2 run_id=25 2026-09-02T01:50:09+00:00
[start] instance=513_e-05 algo=moead run_id=20 angle=210.000000000000 wind=15.000000000000 stop_criteria=1000000 stn_p=100 stn_interval=50 2026-09-02T01:50:09+00:00
9

Number of subproblems: 100
Number of neighbors: 10
Number of fixed turbines: 58
Number of mobile turbines: 15
Wind: 15.000000000000
Angle: 210.000000000000
Run id: 20
Stop criteria: 1000000
STN P (num vectors): 100
STN logger interval: 50

Run time:
[done]  instance=511_e-03 algo=nsga2 run_id=27 2026-09-02T01:51:30+00:00
[start] instance=513_e-05 algo=moead run_id=21 angle=120.000000000000 wind=7.000000000000 stop_criteria=1000000 stn_p=100 stn_interval=50 2026-09-02T01:51:30+00:00
9

Number of subproblems: 100
Number of neighbors: 10
Number of fixed turbines: 58
Number of mobile turbines: 15
Wind: 7.000000000000
Angle: 120.000000000000
Run id: 21
Stop criteria: 1000000
STN P (num vectors): 100
STN logger interval: 50

Run time:
[done]  instance=511_e-03 algo=nsga2 run_id=28 2026-09-02T01:52:41+00:00
[start] instance=513_e-05 algo=moead run_id=22 angle=30.000000000000 wind=13.000000000000 stop_criteria=1000000 stn_p=100 stn_interval=50 2026-09-02T01:52:41+00:00
9

Number of subproblems: 100
Number of neighbors: 10
Number of fixed turbines: 58
Number of mobile turbines: 15
Wind: 13.000000000000
Angle: 30.000000000000
Run id: 22
Stop criteria: 1000000
STN P (num vectors): 100
STN logger interval: 50

Run time:
[done]  instance=511_e-03 algo=nsga2 run_id=29 2026-09-02T01:54:55+00:00
[start] instance=513_e-05 algo=moead run_id=23 angle=270.000000000000 wind=13.000000000000 stop_criteria=1000000 stn_p=100 stn_interval=50 2026-09-02T01:54:55+00:00
9

Number of subproblems: 100
Number of neighbors: 10
Number of fixed turbines: 58
Number of mobile turbines: 15
Wind: 13.000000000000
Angle: 270.000000000000
Run id: 23
Stop criteria: 1000000
STN P (num vectors): 100
STN logger interval: 50

Run time:
[done]  instance=511_e-03 algo=nsga2 run_id=23 2026-09-02T01:58:07+00:00
[start] instance=513_e-05 algo=moead run_id=24 angle=210.000000000000 wind=7.000000000000 stop_criteria=1000000 stn_p=100 stn_interval=50 2026-09-02T01:58:08+00:00
9

Number of subproblems: 100
Number of neighbors: 10
Number of fixed turbines: 58
Number of mobile turbines: 15
Wind: 7.000000000000
Angle: 210.000000000000
Run id: 24
Stop criteria: 1000000
STN P (num vectors): 100
STN logger interval: 50

Run time:
[done]  instance=513_e-05 algo=moead run_id=22 2026-09-02T05:54:54+00:00
[start] instance=513_e-05 algo=moead run_id=25 angle=0.000000000000 wind=3.000000000000 stop_criteria=1000000 stn_p=100 stn_interval=50 2026-09-02T05:54:55+00:00
9

Number of subproblems: 100
Number of neighbors: 10
Number of fixed turbines: 58
Number of mobile turbines: 15
Wind: 3.000000000000
Angle: 0.000000000000
Run id: 25
Stop criteria: 1000000
STN P (num vectors): 100
STN logger interval: 50

Run time:
[done]  instance=513_e-05 algo=moead run_id=20 2026-09-02T06:00:02+00:00
[start] instance=513_e-05 algo=moead run_id=26 angle=0.000000000000 wind=13.000000000000 stop_criteria=1000000 stn_p=100 stn_interval=50 2026-09-02T06:00:02+00:00
9

Number of subproblems: 100
Number of neighbors: 10
Number of fixed turbines: 58
Number of mobile turbines: 15
Wind: 13.000000000000
Angle: 0.000000000000
Run id: 26
Stop criteria: 1000000
STN P (num vectors): 100
STN logger interval: 50

Run time:
[done]  instance=513_e-05 algo=moead run_id=23 2026-09-02T06:03:53+00:00
[start] instance=513_e-05 algo=moead run_id=27 angle=240.000000000000 wind=15.000000000000 stop_criteria=1000000 stn_p=100 stn_interval=50 2026-09-02T06:03:53+00:00
9

Number of subproblems: 100
Number of neighbors: 10
Number of fixed turbines: 58
Number of mobile turbines: 15
Wind: 15.000000000000
Angle: 240.000000000000
Run id: 27
Stop criteria: 1000000
STN P (num vectors): 100
STN logger interval: 50

Run time:
[done]  instance=513_e-05 algo=moead run_id=21 2026-09-02T06:24:26+00:00
[start] instance=513_e-05 algo=moead run_id=28 angle=330.000000000000 wind=11.000000000000 stop_criteria=1000000 stn_p=100 stn_interval=50 2026-09-02T06:24:26+00:00
9

Number of subproblems: 100
Number of neighbors: 10
Number of fixed turbines: 58
Number of mobile turbines: 15
Wind: 11.000000000000
Angle: 330.000000000000
Run id: 28
Stop criteria: 1000000
STN P (num vectors): 100
STN logger interval: 50

Run time:
[done]  instance=513_e-05 algo=moead run_id=24 2026-09-02T06:28:52+00:00
[start] instance=513_e-05 algo=moead run_id=29 angle=180.000000000000 wind=11.000000000000 stop_criteria=1000000 stn_p=100 stn_interval=50 2026-09-02T06:28:53+00:00
9

Number of subproblems: 100
Number of neighbors: 10
Number of fixed turbines: 58
Number of mobile turbines: 15
Wind: 11.000000000000
Angle: 180.000000000000
Run id: 29
Stop criteria: 1000000
STN P (num vectors): 100
STN logger interval: 50

Run time:
[done]  instance=513_e-05 algo=moead run_id=26 2026-09-02T10:05:30+00:00
[start] instance=513_e-05 algo=nsga2 run_id=20 angle=0.000000000000 wind=9.000000000000 stop_criteria=1000000 stn_p=100 stn_interval=50 2026-09-02T10:05:30+00:00
9

Number of subproblems: 100
Number of neighbors: 10
Number of fixed turbines: 58
Number of mobile turbines: 15
Wind: 9.000000000000
Angle: 0.000000000000
Run id: 20
Stop criteria: 1000000
STN P (num vectors): 100
STN logger interval: 50

Run time:
[done]  instance=513_e-05 algo=moead run_id=27 2026-09-02T10:13:57+00:00
[start] instance=513_e-05 algo=nsga2 run_id=21 angle=240.000000000000 wind=11.000000000000 stop_criteria=1000000 stn_p=100 stn_interval=50 2026-09-02T10:13:57+00:00
9

Number of subproblems: 100
Number of neighbors: 10
Number of fixed turbines: 58
Number of mobile turbines: 15
Wind: 11.000000000000
Angle: 240.000000000000
Run id: 21
Stop criteria: 1000000
STN P (num vectors): 100
STN logger interval: 50

Run time:
[done]  instance=513_e-05 algo=moead run_id=29 2026-09-02T10:33:19+00:00
[start] instance=513_e-05 algo=nsga2 run_id=22 angle=150.000000000000 wind=21.000000000000 stop_criteria=1000000 stn_p=100 stn_interval=50 2026-09-02T10:33:19+00:00
9

Number of subproblems: 100
Number of neighbors: 10
Number of fixed turbines: 58
Number of mobile turbines: 15
Wind: 21.000000000000
Angle: 150.000000000000
Run id: 22
Stop criteria: 1000000
STN P (num vectors): 100
STN logger interval: 50

Run time:
[done]  instance=513_e-05 algo=moead run_id=28 2026-09-02T10:37:25+00:00
[start] instance=513_e-05 algo=nsga2 run_id=23 angle=30.000000000000 wind=3.000000000000 stop_criteria=1000000 stn_p=100 stn_interval=50 2026-09-02T10:37:25+00:00
9

Number of subproblems: 100
Number of neighbors: 10
Number of fixed turbines: 58
Number of mobile turbines: 15
Wind: 3.000000000000
Angle: 30.000000000000
Run id: 23
Stop criteria: 1000000
STN P (num vectors): 100
STN logger interval: 50

Run time:
[done]  instance=512_e-04 algo=nsga2 run_id=22 2026-09-02T11:22:59+00:00
[start] instance=513_e-05 algo=nsga2 run_id=24 angle=270.000000000000 wind=17.000000000000 stop_criteria=1000000 stn_p=100 stn_interval=50 2026-09-02T11:23:00+00:00
9

Number of subproblems: 100
Number of neighbors: 10
Number of fixed turbines: 58
Number of mobile turbines: 15
Wind: 17.000000000000
Angle: 270.000000000000
Run id: 24
Stop criteria: 1000000
STN P (num vectors): 100
STN logger interval: 50

Run time:
[done]  instance=513_e-05 algo=moead run_id=25 2026-09-02T11:32:25+00:00
[start] instance=513_e-05 algo=nsga2 run_id=25 angle=60.000000000000 wind=7.000000000000 stop_criteria=1000000 stn_p=100 stn_interval=50 2026-09-02T11:32:25+00:00
9

Number of subproblems: 100
Number of neighbors: 10
Number of fixed turbines: 58
Number of mobile turbines: 15
Wind: 7.000000000000
Angle: 60.000000000000
Run id: 25
Stop criteria: 1000000
STN P (num vectors): 100
STN logger interval: 50

Run time:
[done]  instance=512_e-04 algo=nsga2 run_id=28 2026-09-02T11:46:48+00:00
[start] instance=513_e-05 algo=nsga2 run_id=26 angle=60.000000000000 wind=7.000000000000 stop_criteria=1000000 stn_p=100 stn_interval=50 2026-09-02T11:46:48+00:00
9

Number of subproblems: 100
Number of neighbors: 10
Number of fixed turbines: 58
Number of mobile turbines: 15
Wind: 7.000000000000
Angle: 60.000000000000
Run id: 26
Stop criteria: 1000000
STN P (num vectors): 100
STN logger interval: 50

Run time:
[done]  instance=512_e-04 algo=nsga2 run_id=26 2026-09-02T12:21:10+00:00
[start] instance=513_e-05 algo=nsga2 run_id=27 angle=30.000000000000 wind=5.000000000000 stop_criteria=1000000 stn_p=100 stn_interval=50 2026-09-02T12:21:10+00:00
9

Number of subproblems: 100
Number of neighbors: 10
Number of fixed turbines: 58
Number of mobile turbines: 15
Wind: 5.000000000000
Angle: 30.000000000000
Run id: 27
Stop criteria: 1000000
STN P (num vectors): 100
STN logger interval: 50

Run time:
[done]  instance=512_e-04 algo=nsga2 run_id=23 2026-09-02T12:37:57+00:00
[start] instance=513_e-05 algo=nsga2 run_id=28 angle=90.000000000000 wind=9.000000000000 stop_criteria=1000000 stn_p=100 stn_interval=50 2026-09-02T12:37:58+00:00
9

Number of subproblems: 100
Number of neighbors: 10
Number of fixed turbines: 58
Number of mobile turbines: 15
Wind: 9.000000000000
Angle: 90.000000000000
Run id: 28
Stop criteria: 1000000
STN P (num vectors): 100
STN logger interval: 50

Run time:
[done]  instance=512_e-04 algo=nsga2 run_id=24 2026-09-02T12:38:11+00:00
[start] instance=513_e-05 algo=nsga2 run_id=29 angle=60.000000000000 wind=11.000000000000 stop_criteria=1000000 stn_p=100 stn_interval=50 2026-09-02T12:38:12+00:00
9

Number of subproblems: 100
Number of neighbors: 10
Number of fixed turbines: 58
Number of mobile turbines: 15
Wind: 11.000000000000
Angle: 60.000000000000
Run id: 29
Stop criteria: 1000000
STN P (num vectors): 100
STN logger interval: 50

Run time:
[done]  instance=512_e-04 algo=nsga2 run_id=27 2026-09-02T12:40:56+00:00
[done]  instance=512_e-04 algo=nsga2 run_id=29 2026-09-02T12:43:46+00:00
[done]  instance=512_e-04 algo=nsga2 run_id=20 2026-09-02T12:46:07+00:00
[done]  instance=512_e-04 algo=nsga2 run_id=21 2026-09-02T12:55:10+00:00
[done]  instance=512_e-04 algo=nsga2 run_id=25 2026-09-02T13:23:51+00:00
[done]  instance=509_e-05 algo=nsga2 run_id=18 2026-09-02T22:06:16+00:00
[done]  instance=509_e-05 algo=nsga2 run_id=8 2026-09-02T23:04:18+00:00
[done]  instance=509_e-05 algo=nsga2 run_id=3 2026-09-02T23:49:52+00:00
[done]  instance=509_e-05 algo=nsga2 run_id=10 2026-09-03T00:03:21+00:00
[done]  instance=509_e-05 algo=nsga2 run_id=12 2026-09-03T00:12:22+00:00
[done]  instance=509_e-05 algo=nsga2 run_id=11 2026-09-03T00:15:30+00:00
[done]  instance=509_e-05 algo=nsga2 run_id=4 2026-09-03T00:30:49+00:00
[done]  instance=509_e-05 algo=nsga2 run_id=13 2026-09-03T01:10:01+00:00
[done]  instance=509_e-05 algo=nsga2 run_id=17 2026-09-03T01:29:15+00:00
[done]  instance=509_e-05 algo=nsga2 run_id=15 2026-09-03T01:41:31+00:00
[done]  instance=509_e-05 algo=nsga2 run_id=7 2026-09-03T02:07:37+00:00
[done]  instance=509_e-05 algo=nsga2 run_id=5 2026-09-03T02:30:33+00:00
[done]  instance=509_e-05 algo=nsga2 run_id=0 2026-09-03T03:07:54+00:00
[done]  instance=509_e-05 algo=nsga2 run_id=19 2026-09-03T03:13:40+00:00
[done]  instance=509_e-05 algo=nsga2 run_id=9 2026-09-03T04:05:01+00:00
[done]  instance=509_e-05 algo=nsga2 run_id=14 2026-09-03T04:20:59+00:00
[done]  instance=509_e-05 algo=nsga2 run_id=2 2026-09-03T04:21:27+00:00
[done]  instance=509_e-05 algo=nsga2 run_id=16 2026-09-03T06:07:26+00:00
[done]  instance=509_e-05 algo=nsga2 run_id=1 2026-09-03T06:08:15+00:00
[done]  instance=509_e-05 algo=nsga2 run_id=6 2026-09-03T06:48:31+00:00
[done]  instance=513_e-05 algo=nsga2 run_id=6 2026-09-06T03:33:50+00:00
[done]  instance=513_e-05 algo=nsga2 run_id=15 2026-09-06T04:32:44+00:00
[done]  instance=513_e-05 algo=nsga2 run_id=18 2026-09-06T05:41:24+00:00
[done]  instance=513_e-05 algo=nsga2 run_id=2 2026-09-06T05:57:27+00:00
[done]  instance=513_e-05 algo=nsga2 run_id=4 2026-09-06T06:19:28+00:00
[done]  instance=513_e-05 algo=nsga2 run_id=19 2026-09-06T06:30:59+00:00
[done]  instance=513_e-05 algo=nsga2 run_id=12 2026-09-06T06:46:19+00:00
[done]  instance=513_e-05 algo=nsga2 run_id=17 2026-09-06T07:15:07+00:00
[done]  instance=513_e-05 algo=nsga2 run_id=14 2026-09-06T07:17:37+00:00
[done]  instance=513_e-05 algo=nsga2 run_id=16 2026-09-06T07:38:22+00:00
[done]  instance=513_e-05 algo=nsga2 run_id=3 2026-09-06T07:40:02+00:00
[done]  instance=513_e-05 algo=nsga2 run_id=9 2026-09-06T08:01:10+00:00
[done]  instance=513_e-05 algo=nsga2 run_id=21 2026-09-06T08:13:39+00:00
[done]  instance=513_e-05 algo=nsga2 run_id=5 2026-09-06T08:32:30+00:00
[done]  instance=513_e-05 algo=nsga2 run_id=13 2026-09-06T08:47:13+00:00
[done]  instance=513_e-05 algo=nsga2 run_id=7 2026-09-06T08:49:49+00:00
[done]  instance=513_e-05 algo=nsga2 run_id=0 2026-09-06T08:58:00+00:00
[done]  instance=513_e-05 algo=nsga2 run_id=23 2026-09-06T09:10:56+00:00
[done]  instance=513_e-05 algo=nsga2 run_id=26 2026-09-06T09:11:53+00:00
[done]  instance=513_e-05 algo=nsga2 run_id=8 2026-09-06T09:16:03+00:00
[done]  instance=513_e-05 algo=nsga2 run_id=11 2026-09-06T09:23:12+00:00
[done]  instance=513_e-05 algo=nsga2 run_id=24 2026-09-06T09:48:08+00:00
[done]  instance=513_e-05 algo=nsga2 run_id=28 2026-09-06T09:50:36+00:00
[done]  instance=513_e-05 algo=nsga2 run_id=27 2026-09-06T09:51:24+00:00
[done]  instance=513_e-05 algo=nsga2 run_id=25 2026-09-06T09:53:18+00:00
[done]  instance=513_e-05 algo=nsga2 run_id=29 2026-09-06T09:54:24+00:00
[done]  instance=513_e-05 algo=nsga2 run_id=1 2026-09-06T10:10:14+00:00
[done]  instance=513_e-05 algo=nsga2 run_id=10 2026-09-06T10:16:13+00:00
[done]  instance=513_e-05 algo=nsga2 run_id=20 2026-09-06T10:34:34+00:00
[done]  instance=513_e-05 algo=nsga2 run_id=22 2026-09-06T10:49:17+00:00
