[start] instance=ns41 algo=moead run_id=1 angle=0.000000000000 wind=2.000000000000 stop_criteria=1000000 stn_p=10 stn_interval=50 2026-08-26T00:04:43+00:00
[start] instance=ns41 algo=moead run_id=4 angle=150.000000000000 wind=12.000000000000 stop_criteria=1000000 stn_p=10 stn_interval=50 2026-08-26T00:04:43+00:00
[start] instance=ns41 algo=moead run_id=0 angle=330.000000000000 wind=13.000000000000 stop_criteria=1000000 stn_p=10 stn_interval=50 2026-08-26T00:04:43+00:00
9
[start] instance=ns41 algo=moead run_id=2 angle=330.000000000000 wind=3.000000000000 stop_criteria=1000000 stn_p=10 stn_interval=50 2026-08-26T00:04:43+00:00
[start] instance=ns41 algo=moead run_id=3 angle=150.000000000000 wind=7.000000000000 stop_criteria=1000000 stn_p=10 stn_interval=50 2026-08-26T00:04:43+00:00

Number of subproblems: 100
Number of neighbors: 10
Number of fixed turbines: 36
Number of mobile turbines: 123
Wind: 2.000000000000
Angle: 0.000000000000
Run id: 1
Stop criteria: 1000000
STN P (num vectors): 10
STN logger interval: 50

Run time:
[start] instance=ns41 algo=moead run_id=5 angle=150.000000000000 wind=7.000000000000 stop_criteria=1000000 stn_p=10 stn_interval=50 2026-08-26T00:04:43+00:00
9
9

Number of subproblems: 100
Number of neighbors: 10
Number of fixed turbines: 36
Number of mobile turbines: 123
Wind: 13.000000000000
Angle: 330.000000000000
Run id: 0
Stop criteria: 1000000
STN P (num vectors): 10
STN logger interval: 50

Run time:
9

Number of subproblems: 100
Number of neighbors: 10
Number of fixed turbines: 36
Number of mobile turbines: 123
Wind: 12.000000000000
Angle: 150.000000000000
Run id: 4
Stop criteria: 1000000
STN P (num vectors): 10
STN logger interval: 50

Run time:
[start] instance=ns41 algo=moead run_id=6 angle=60.000000000000 wind=6.000000000000 stop_criteria=1000000 stn_p=10 stn_interval=50 2026-08-26T00:04:43+00:00

Number of subproblems: 100
Number of neighbors: 10
Number of fixed turbines: 36
Number of mobile turbines: 123
Wind: 7.000000000000
Angle: 150.000000000000
Run id: 3
Stop criteria: 1000000
STN P (num vectors): 10
STN logger interval: 50

Run time:
9
9
[start] instance=ns41 algo=moead run_id=9 angle=180.000000000000 wind=9.000000000000 stop_criteria=1000000 stn_p=10 stn_interval=50 2026-08-26T00:04:43+00:00
[start] instance=ns41 algo=moead run_id=7 angle=240.000000000000 wind=11.000000000000 stop_criteria=1000000 stn_p=10 stn_interval=50 2026-08-26T00:04:43+00:00
[start] instance=ns41 algo=nsga2 run_id=2 angle=330.000000000000 wind=3.000000000000 stop_criteria=1000000 stn_p=10 stn_interval=50 2026-08-26T00:04:43+00:00

Number of subproblems: 100
Number of neighbors: 10
Number of fixed turbines: 36
Number of mobile turbines: 123
Wind: 3.000000000000
Angle: 330.000000000000
Run id: 2
Stop criteria: 1000000
STN P (num vectors): 10
STN logger interval: 50

Run time:
[start] instance=ns41 algo=nsga2 run_id=0 angle=330.000000000000 wind=13.000000000000 stop_criteria=1000000 stn_p=10 stn_interval=50 2026-08-26T00:04:43+00:00
9
[start] instance=ns41 algo=nsga2 run_id=1 angle=0.000000000000 wind=2.000000000000 stop_criteria=1000000 stn_p=10 stn_interval=50 2026-08-26T00:04:43+00:00
[start] instance=ns41 algo=moead run_id=8 angle=210.000000000000 wind=15.000000000000 stop_criteria=1000000 stn_p=10 stn_interval=50 2026-08-26T00:04:43+00:00
9

Number of subproblems: 100
Number of neighbors: 10
Number of fixed turbines: 36
Number of mobile turbines: 123
Wind: 7.000000000000
Angle: 150.000000000000
Run id: 5
Stop criteria: 1000000
STN P (num vectors): 10
STN logger interval: 50

Run time:
9
9

Number of subproblems: 100
Number of neighbors: 10
Number of fixed turbines: 36
Number of mobile turbines: 123
Wind: 6.000000000000
Angle: 60.000000000000
Run id: 6
Stop criteria: 1000000
STN P (num vectors): 10
STN logger interval: 50

Run time:
9

Number of subproblems: 100
Number of neighbors: 10
Number of fixed turbines: 36
Number of mobile turbines: 123
Wind: 9.000000000000
Angle: 180.000000000000
Run id: 9
Stop criteria: 1000000
STN P (num vectors): 10
STN logger interval: 50

Run time:
9

Number of subproblems: 100
Number of neighbors: 10
Number of fixed turbines: 36
Number of mobile turbines: 123
Wind: 11.000000000000
Angle: 240.000000000000
Run id: 7
Stop criteria: 1000000
STN P (num vectors): 10
STN logger interval: 50

Run time:

Number of subproblems: 100
Number of neighbors: 10
Number of fixed turbines: 36
Number of mobile turbines: 123
Wind: 2.000000000000
Angle: 0.000000000000
Run id: 1
Stop criteria: 1000000
STN P (num vectors): 10
STN logger interval: 50

Run time:
[start] instance=ns41 algo=nsga2 run_id=5 angle=150.000000000000 wind=7.000000000000 stop_criteria=1000000 stn_p=10 stn_interval=50 2026-08-26T00:04:43+00:00

Number of subproblems: 100
Number of neighbors: 10
Number of fixed turbines: 36
Number of mobile turbines: 123
Wind: 3.000000000000
Angle: 330.000000000000
Run id: 2
Stop criteria: 1000000
STN P (num vectors): 10
STN logger interval: 50

Run time:

Number of subproblems: 100
Number of neighbors: 10
Number of fixed turbines: 36
Number of mobile turbines: 123
Wind: 13.000000000000
Angle: 330.000000000000
Run id: 0
Stop criteria: 1000000
STN P (num vectors): 10
STN logger interval: 50

Run time:
[start] instance=ns41 algo=nsga2 run_id=4 angle=150.000000000000 wind=12.000000000000 stop_criteria=1000000 stn_p=10 stn_interval=50 2026-08-26T00:04:43+00:00
9

Number of subproblems: 100
Number of neighbors: 10
Number of fixed turbines: 36
Number of mobile turbines: 123
Wind: 7.000000000000
Angle: 150.000000000000
Run id: 5
Stop criteria: 1000000
STN P (num vectors): 10
STN logger interval: 50

Run time:
[start] instance=ns41 algo=nsga2 run_id=3 angle=150.000000000000 wind=7.000000000000 stop_criteria=1000000 stn_p=10 stn_interval=50 2026-08-26T00:04:43+00:00
9
9
[start] instance=ns41 algo=nsga2 run_id=6 angle=60.000000000000 wind=6.000000000000 stop_criteria=1000000 stn_p=10 stn_interval=50 2026-08-26T00:04:43+00:00

Number of subproblems: 100
Number of neighbors: 10
Number of fixed turbines: 36
Number of mobile turbines: 123
Wind: 12.000000000000
Angle: 150.000000000000
Run id: 4
Stop criteria: 1000000
STN P (num vectors): 10
STN logger interval: 50

Run time:
[start] instance=ns41 algo=nsga2 run_id=7 angle=240.000000000000 wind=11.000000000000 stop_criteria=1000000 stn_p=10 stn_interval=50 2026-08-26T00:04:43+00:00
[start] instance=ns41 algo=nsga2 run_id=8 angle=210.000000000000 wind=15.000000000000 stop_criteria=1000000 stn_p=10 stn_interval=50 2026-08-26T00:04:43+00:00

Number of subproblems: 100
Number of neighbors: 10
Number of fixed turbines: 36
Number of mobile turbines: 123
Wind: 7.000000000000
Angle: 150.000000000000
Run id: 3
Stop criteria: 1000000
STN P (num vectors): 10
STN logger interval: 50

Run time:
9

Number of subproblems: 100
Number of neighbors: 10
Number of fixed turbines: 36
Number of mobile turbines: 123
Wind: 6.000000000000
Angle: 60.000000000000
Run id: 6
Stop criteria: 1000000
STN P (num vectors): 10
STN logger interval: 50

Run time:
[start] instance=ns48 algo=moead run_id=0 angle=240.000000000000 wind=12.000000000000 stop_criteria=1000000 stn_p=10 stn_interval=50 2026-08-26T00:04:43+00:00
9
9
[start] instance=ns41 algo=nsga2 run_id=9 angle=180.000000000000 wind=9.000000000000 stop_criteria=1000000 stn_p=10 stn_interval=50 2026-08-26T00:04:43+00:00
9

Number of subproblems: 100
Number of neighbors: 10
Number of fixed turbines: 36
Number of mobile turbines: 123
Wind: 15.000000000000
Angle: 210.000000000000
Run id: 8
Stop criteria: 1000000
STN P (num vectors): 10
STN logger interval: 50

Run time:
[start] instance=ns48 algo=moead run_id=2 angle=270.000000000000 wind=6.000000000000 stop_criteria=1000000 stn_p=10 stn_interval=50 2026-08-26T00:04:43+00:00
9
[start] instance=ns48 algo=moead run_id=3 angle=120.000000000000 wind=8.000000000000 stop_criteria=1000000 stn_p=10 stn_interval=50 2026-08-26T00:04:43+00:00
9

Number of subproblems: 100
Number of neighbors: 10
Number of fixed turbines: 36
Number of mobile turbines: 123
Wind: 9.000000000000
Angle: 180.000000000000
Run id: 9
Stop criteria: 1000000
STN P (num vectors): 10
STN logger interval: 50

Run time:

Number of subproblems: 100
Number of neighbors: 10
Number of fixed turbines: 36
Number of mobile turbines: 123
Wind: 11.000000000000
Angle: 240.000000000000
Run id: 7
Stop criteria: 1000000
STN P (num vectors): 10
STN logger interval: 50

Run time:

Number of subproblems: 100
Number of neighbors: 10
Number of fixed turbines: 36
Number of mobile turbines: 123
Wind: 15.000000000000
Angle: 210.000000000000
Run id: 8
Stop criteria: 1000000
STN P (num vectors): 10
STN logger interval: 50

Run time:
[start] instance=ns48 algo=moead run_id=4 angle=90.000000000000 wind=10.000000000000 stop_criteria=1000000 stn_p=10 stn_interval=50 2026-08-26T00:04:43+00:00
9
9

Number of subproblems: 100
Number of neighbors: 10
Number of fixed turbines: 32
Number of mobile turbines: 21
Wind: 12.000000000000
Angle: 240.000000000000
Run id: 0
Stop criteria: 1000000
STN P (num vectors): 10
STN logger interval: 50

Run time:
[start] instance=ns48 algo=moead run_id=1 angle=60.000000000000 wind=6.000000000000 stop_criteria=1000000 stn_p=10 stn_interval=50 2026-08-26T00:04:43+00:00

Number of subproblems: 100
Number of neighbors: 10
Number of fixed turbines: 32
Number of mobile turbines: 21
Wind: 8.000000000000
Angle: 120.000000000000
Run id: 3
Stop criteria: 1000000
STN P (num vectors): 10
STN logger interval: 50

Run time:

Number of subproblems: 100
Number of neighbors: 10
Number of fixed turbines: 32
Number of mobile turbines: 21
Wind: 6.000000000000
Angle: 270.000000000000
Run id: 2
Stop criteria: 1000000
STN P (num vectors): 10
STN logger interval: 50

Run time:
9

Number of subproblems: 100
Number of neighbors: 10
Number of fixed turbines: 32
Number of mobile turbines: 21
Wind: 10.000000000000
Angle: 90.000000000000
Run id: 4
Stop criteria: 1000000
STN P (num vectors): 10
STN logger interval: 50

Run time:
[start] instance=ns48 algo=moead run_id=7 angle=0.000000000000 wind=11.000000000000 stop_criteria=1000000 stn_p=10 stn_interval=50 2026-08-26T00:04:43+00:00
9

Number of subproblems: 100
Number of neighbors: 10
Number of fixed turbines: 32
Number of mobile turbines: 21
Wind: 6.000000000000
Angle: 60.000000000000
Run id: 1
Stop criteria: 1000000
STN P (num vectors): 10
STN logger interval: 50

Run time:
[start] instance=ns48 algo=moead run_id=5 angle=300.000000000000 wind=11.000000000000 stop_criteria=1000000 stn_p=10 stn_interval=50 2026-08-26T00:04:43+00:00
9

Number of subproblems: 100
Number of neighbors: 10
Number of fixed turbines: 32
Number of mobile turbines: 21
Wind: 11.000000000000
Angle: 0.000000000000
Run id: 7
Stop criteria: 1000000
STN P (num vectors): 10
STN logger interval: 50

Run time:
9

Number of subproblems: 100
Number of neighbors: 10
Number of fixed turbines: 32
Number of mobile turbines: 21
Wind: 11.000000000000
Angle: 300.000000000000
Run id: 5
Stop criteria: 1000000
STN P (num vectors): 10
STN logger interval: 50

Run time:
[start] instance=ns48 algo=moead run_id=6 angle=180.000000000000 wind=5.000000000000 stop_criteria=1000000 stn_p=10 stn_interval=50 2026-08-26T00:04:43+00:00
[start] instance=ns48 algo=moead run_id=8 angle=0.000000000000 wind=2.000000000000 stop_criteria=1000000 stn_p=10 stn_interval=50 2026-08-26T00:04:43+00:00
9

Number of subproblems: 100
Number of neighbors: 10
Number of fixed turbines: 32
Number of mobile turbines: 21
Wind: 5.000000000000
Angle: 180.000000000000
Run id: 6
Stop criteria: 1000000
STN P (num vectors): 10
STN logger interval: 50

Run time:
9

Number of subproblems: 100
Number of neighbors: 10
Number of fixed turbines: 32
Number of mobile turbines: 21
Wind: 2.000000000000
Angle: 0.000000000000
Run id: 8
Stop criteria: 1000000
STN P (num vectors): 10
STN logger interval: 50

Run time:
[start] instance=ns48 algo=moead run_id=9 angle=240.000000000000 wind=18.000000000000 stop_criteria=1000000 stn_p=10 stn_interval=50 2026-08-26T00:04:43+00:00
9

Number of subproblems: 100
Number of neighbors: 10
Number of fixed turbines: 32
Number of mobile turbines: 21
Wind: 18.000000000000
Angle: 240.000000000000
Run id: 9
Stop criteria: 1000000
STN P (num vectors): 10
STN logger interval: 50

Run time:
[done]  instance=ns48 algo=moead run_id=7 2026-08-26T00:06:05+00:00
[start] instance=ns48 algo=nsga2 run_id=0 angle=240.000000000000 wind=12.000000000000 stop_criteria=1000000 stn_p=10 stn_interval=50 2026-08-26T00:06:05+00:00
9

Number of subproblems: 100
Number of neighbors: 10
Number of fixed turbines: 32
Number of mobile turbines: 21
Wind: 12.000000000000
Angle: 240.000000000000
Run id: 0
Stop criteria: 1000000
STN P (num vectors): 10
STN logger interval: 50

Run time:
[done]  instance=ns48 algo=moead run_id=8 2026-08-26T00:06:11+00:00
[start] instance=ns48 algo=nsga2 run_id=1 angle=60.000000000000 wind=6.000000000000 stop_criteria=1000000 stn_p=10 stn_interval=50 2026-08-26T00:06:11+00:00
9

Number of subproblems: 100
Number of neighbors: 10
Number of fixed turbines: 32
Number of mobile turbines: 21
Wind: 6.000000000000
Angle: 60.000000000000
Run id: 1
Stop criteria: 1000000
STN P (num vectors): 10
STN logger interval: 50

Run time:
[done]  instance=ns48 algo=moead run_id=4 2026-08-26T00:06:41+00:00
[start] instance=ns48 algo=nsga2 run_id=2 angle=270.000000000000 wind=6.000000000000 stop_criteria=1000000 stn_p=10 stn_interval=50 2026-08-26T00:06:41+00:00
9

Number of subproblems: 100
Number of neighbors: 10
Number of fixed turbines: 32
Number of mobile turbines: 21
Wind: 6.000000000000
Angle: 270.000000000000
Run id: 2
Stop criteria: 1000000
STN P (num vectors): 10
STN logger interval: 50

Run time:
[done]  instance=ns48 algo=moead run_id=1 2026-08-26T00:06:42+00:00
[start] instance=ns48 algo=nsga2 run_id=3 angle=120.000000000000 wind=8.000000000000 stop_criteria=1000000 stn_p=10 stn_interval=50 2026-08-26T00:06:42+00:00
9

Number of subproblems: 100
Number of neighbors: 10
Number of fixed turbines: 32
Number of mobile turbines: 21
Wind: 8.000000000000
Angle: 120.000000000000
Run id: 3
Stop criteria: 1000000
STN P (num vectors): 10
STN logger interval: 50

Run time:
[done]  instance=ns48 algo=moead run_id=2 2026-08-26T00:06:44+00:00
[start] instance=ns48 algo=nsga2 run_id=4 angle=90.000000000000 wind=10.000000000000 stop_criteria=1000000 stn_p=10 stn_interval=50 2026-08-26T00:06:44+00:00
9

Number of subproblems: 100
Number of neighbors: 10
Number of fixed turbines: 32
Number of mobile turbines: 21
Wind: 10.000000000000
Angle: 90.000000000000
Run id: 4
Stop criteria: 1000000
STN P (num vectors): 10
STN logger interval: 50

Run time:
[done]  instance=ns48 algo=moead run_id=3 2026-08-26T00:06:47+00:00
[start] instance=ns48 algo=nsga2 run_id=5 angle=300.000000000000 wind=11.000000000000 stop_criteria=1000000 stn_p=10 stn_interval=50 2026-08-26T00:06:47+00:00
9

Number of subproblems: 100
Number of neighbors: 10
Number of fixed turbines: 32
Number of mobile turbines: 21
Wind: 11.000000000000
Angle: 300.000000000000
Run id: 5
Stop criteria: 1000000
STN P (num vectors): 10
STN logger interval: 50

Run time:
[done]  instance=ns48 algo=moead run_id=5 2026-08-26T00:06:49+00:00
[start] instance=ns48 algo=nsga2 run_id=6 angle=180.000000000000 wind=5.000000000000 stop_criteria=1000000 stn_p=10 stn_interval=50 2026-08-26T00:06:49+00:00
9

Number of subproblems: 100
Number of neighbors: 10
Number of fixed turbines: 32
Number of mobile turbines: 21
Wind: 5.000000000000
Angle: 180.000000000000
Run id: 6
Stop criteria: 1000000
STN P (num vectors): 10
STN logger interval: 50

Run time:
[done]  instance=ns48 algo=moead run_id=9 2026-08-26T00:06:56+00:00
[start] instance=ns48 algo=nsga2 run_id=7 angle=0.000000000000 wind=11.000000000000 stop_criteria=1000000 stn_p=10 stn_interval=50 2026-08-26T00:06:56+00:00
9

Number of subproblems: 100
Number of neighbors: 10
Number of fixed turbines: 32
Number of mobile turbines: 21
Wind: 11.000000000000
Angle: 0.000000000000
Run id: 7
Stop criteria: 1000000
STN P (num vectors): 10
STN logger interval: 50

Run time:
[done]  instance=ns48 algo=moead run_id=0 2026-08-26T00:07:05+00:00
[start] instance=ns48 algo=nsga2 run_id=8 angle=0.000000000000 wind=2.000000000000 stop_criteria=1000000 stn_p=10 stn_interval=50 2026-08-26T00:07:05+00:00
9

Number of subproblems: 100
Number of neighbors: 10
Number of fixed turbines: 32
Number of mobile turbines: 21
Wind: 2.000000000000
Angle: 0.000000000000
Run id: 8
Stop criteria: 1000000
STN P (num vectors): 10
STN logger interval: 50

Run time:
[done]  instance=ns48 algo=moead run_id=6 2026-08-26T00:07:05+00:00
[start] instance=ns48 algo=nsga2 run_id=9 angle=240.000000000000 wind=18.000000000000 stop_criteria=1000000 stn_p=10 stn_interval=50 2026-08-26T00:07:05+00:00
9

Number of subproblems: 100
Number of neighbors: 10
Number of fixed turbines: 32
Number of mobile turbines: 21
Wind: 18.000000000000
Angle: 240.000000000000
Run id: 9
Stop criteria: 1000000
STN P (num vectors): 10
STN logger interval: 50

Run time:
[done]  instance=ns48 algo=nsga2 run_id=8 2026-08-26T00:14:55+00:00
[start] instance=ns101 algo=moead run_id=0 angle=330.000000000000 wind=13.000000000000 stop_criteria=1000000 stn_p=10 stn_interval=50 2026-08-26T00:14:55+00:00
9

Number of subproblems: 100
Number of neighbors: 10
Number of fixed turbines: 26
Number of mobile turbines: 63
Wind: 13.000000000000
Angle: 330.000000000000
Run id: 0
Stop criteria: 1000000
STN P (num vectors): 10
STN logger interval: 50

Run time:
[done]  instance=ns48 algo=nsga2 run_id=7 2026-08-26T00:15:13+00:00
[start] instance=ns101 algo=moead run_id=1 angle=30.000000000000 wind=4.000000000000 stop_criteria=1000000 stn_p=10 stn_interval=50 2026-08-26T00:15:14+00:00
9

Number of subproblems: 100
Number of neighbors: 10
Number of fixed turbines: 26
Number of mobile turbines: 63
Wind: 4.000000000000
Angle: 30.000000000000
Run id: 1
Stop criteria: 1000000
STN P (num vectors): 10
STN logger interval: 50

Run time:
[done]  instance=ns48 algo=nsga2 run_id=0 2026-08-26T00:15:17+00:00
[start] instance=ns101 algo=moead run_id=2 angle=240.000000000000 wind=8.000000000000 stop_criteria=1000000 stn_p=10 stn_interval=50 2026-08-26T00:15:18+00:00
9

Number of subproblems: 100
Number of neighbors: 10
Number of fixed turbines: 26
Number of mobile turbines: 63
Wind: 8.000000000000
Angle: 240.000000000000
Run id: 2
Stop criteria: 1000000
STN P (num vectors): 10
STN logger interval: 50

Run time:
[done]  instance=ns48 algo=nsga2 run_id=1 2026-08-26T00:15:58+00:00
[start] instance=ns101 algo=moead run_id=3 angle=210.000000000000 wind=4.000000000000 stop_criteria=1000000 stn_p=10 stn_interval=50 2026-08-26T00:15:58+00:00
9

Number of subproblems: 100
Number of neighbors: 10
Number of fixed turbines: 26
Number of mobile turbines: 63
Wind: 4.000000000000
Angle: 210.000000000000
Run id: 3
Stop criteria: 1000000
STN P (num vectors): 10
STN logger interval: 50

Run time:
[done]  instance=ns41 algo=moead run_id=1 2026-08-26T00:15:58+00:00
[start] instance=ns101 algo=moead run_id=4 angle=90.000000000000 wind=10.000000000000 stop_criteria=1000000 stn_p=10 stn_interval=50 2026-08-26T00:15:58+00:00
9

Number of subproblems: 100
Number of neighbors: 10
Number of fixed turbines: 26
Number of mobile turbines: 63
Wind: 10.000000000000
Angle: 90.000000000000
Run id: 4
Stop criteria: 1000000
STN P (num vectors): 10
STN logger interval: 50

Run time:
[done]  instance=ns48 algo=nsga2 run_id=2 2026-08-26T00:16:34+00:00
[done]  instance=ns48 algo=nsga2 run_id=6 2026-08-26T00:16:34+00:00
[start] instance=ns101 algo=moead run_id=5 angle=120.000000000000 wind=19.000000000000 stop_criteria=1000000 stn_p=10 stn_interval=50 2026-08-26T00:16:34+00:00
[start] instance=ns101 algo=moead run_id=6 angle=30.000000000000 wind=7.000000000000 stop_criteria=1000000 stn_p=10 stn_interval=50 2026-08-26T00:16:34+00:00
9

Number of subproblems: 100
Number of neighbors: 10
Number of fixed turbines: 26
Number of mobile turbines: 63
Wind: 7.000000000000
Angle: 30.000000000000
Run id: 6
Stop criteria: 1000000
STN P (num vectors): 10
STN logger interval: 50

Run time:
9

Number of subproblems: 100
Number of neighbors: 10
Number of fixed turbines: 26
Number of mobile turbines: 63
Wind: 19.000000000000
Angle: 120.000000000000
Run id: 5
Stop criteria: 1000000
STN P (num vectors): 10
STN logger interval: 50

Run time:
[done]  instance=ns48 algo=nsga2 run_id=9 2026-08-26T00:16:46+00:00
[start] instance=ns101 algo=moead run_id=7 angle=30.000000000000 wind=15.000000000000 stop_criteria=1000000 stn_p=10 stn_interval=50 2026-08-26T00:16:46+00:00
9

Number of subproblems: 100
Number of neighbors: 10
Number of fixed turbines: 26
Number of mobile turbines: 63
Wind: 15.000000000000
Angle: 30.000000000000
Run id: 7
Stop criteria: 1000000
STN P (num vectors): 10
STN logger interval: 50

Run time:
[done]  instance=ns48 algo=nsga2 run_id=4 2026-08-26T00:17:05+00:00
[start] instance=ns101 algo=moead run_id=8 angle=180.000000000000 wind=3.000000000000 stop_criteria=1000000 stn_p=10 stn_interval=50 2026-08-26T00:17:06+00:00
9

Number of subproblems: 100
Number of neighbors: 10
Number of fixed turbines: 26
Number of mobile turbines: 63
Wind: 3.000000000000
Angle: 180.000000000000
Run id: 8
Stop criteria: 1000000
STN P (num vectors): 10
STN logger interval: 50

Run time:
[done]  instance=ns48 algo=nsga2 run_id=5 2026-08-26T00:17:28+00:00
[start] instance=ns101 algo=moead run_id=9 angle=270.000000000000 wind=3.000000000000 stop_criteria=1000000 stn_p=10 stn_interval=50 2026-08-26T00:17:28+00:00
9

Number of subproblems: 100
Number of neighbors: 10
Number of fixed turbines: 26
Number of mobile turbines: 63
Wind: 3.000000000000
Angle: 270.000000000000
Run id: 9
Stop criteria: 1000000
STN P (num vectors): 10
STN logger interval: 50

Run time:
[done]  instance=ns48 algo=nsga2 run_id=3 2026-08-26T00:18:11+00:00
[start] instance=ns101 algo=nsga2 run_id=0 angle=330.000000000000 wind=13.000000000000 stop_criteria=1000000 stn_p=10 stn_interval=50 2026-08-26T00:18:11+00:00
9

Number of subproblems: 100
Number of neighbors: 10
Number of fixed turbines: 26
Number of mobile turbines: 63
Wind: 13.000000000000
Angle: 330.000000000000
Run id: 0
Stop criteria: 1000000
STN P (num vectors): 10
STN logger interval: 50

Run time:
[done]  instance=ns101 algo=moead run_id=1 2026-08-26T00:20:33+00:00
[start] instance=ns101 algo=nsga2 run_id=1 angle=30.000000000000 wind=4.000000000000 stop_criteria=1000000 stn_p=10 stn_interval=50 2026-08-26T00:20:34+00:00
9

Number of subproblems: 100
Number of neighbors: 10
Number of fixed turbines: 26
Number of mobile turbines: 63
Wind: 4.000000000000
Angle: 30.000000000000
Run id: 1
Stop criteria: 1000000
STN P (num vectors): 10
STN logger interval: 50

Run time:
[done]  instance=ns101 algo=moead run_id=0 2026-08-26T00:21:29+00:00
[start] instance=ns101 algo=nsga2 run_id=2 angle=240.000000000000 wind=8.000000000000 stop_criteria=1000000 stn_p=10 stn_interval=50 2026-08-26T00:21:30+00:00
9

Number of subproblems: 100
Number of neighbors: 10
Number of fixed turbines: 26
Number of mobile turbines: 63
Wind: 8.000000000000
Angle: 240.000000000000
Run id: 2
Stop criteria: 1000000
STN P (num vectors): 10
STN logger interval: 50

Run time:
[done]  instance=ns101 algo=moead run_id=2 2026-08-26T00:21:30+00:00
[start] instance=ns101 algo=nsga2 run_id=3 angle=210.000000000000 wind=4.000000000000 stop_criteria=1000000 stn_p=10 stn_interval=50 2026-08-26T00:21:30+00:00
9

Number of subproblems: 100
Number of neighbors: 10
Number of fixed turbines: 26
Number of mobile turbines: 63
Wind: 4.000000000000
Angle: 210.000000000000
Run id: 3
Stop criteria: 1000000
STN P (num vectors): 10
STN logger interval: 50

Run time:
[done]  instance=ns101 algo=moead run_id=4 2026-08-26T00:21:45+00:00
[start] instance=ns101 algo=nsga2 run_id=4 angle=90.000000000000 wind=10.000000000000 stop_criteria=1000000 stn_p=10 stn_interval=50 2026-08-26T00:21:45+00:00
9

Number of subproblems: 100
Number of neighbors: 10
Number of fixed turbines: 26
Number of mobile turbines: 63
Wind: 10.000000000000
Angle: 90.000000000000
Run id: 4
Stop criteria: 1000000
STN P (num vectors): 10
STN logger interval: 50

Run time:
[done]  instance=ns101 algo=moead run_id=6 2026-08-26T00:22:02+00:00
[start] instance=ns101 algo=nsga2 run_id=5 angle=120.000000000000 wind=19.000000000000 stop_criteria=1000000 stn_p=10 stn_interval=50 2026-08-26T00:22:02+00:00
9

Number of subproblems: 100
Number of neighbors: 10
Number of fixed turbines: 26
Number of mobile turbines: 63
Wind: 19.000000000000
Angle: 120.000000000000
Run id: 5
Stop criteria: 1000000
STN P (num vectors): 10
STN logger interval: 50

Run time:
[done]  instance=ns101 algo=moead run_id=3 2026-08-26T00:22:13+00:00
[start] instance=ns101 algo=nsga2 run_id=6 angle=30.000000000000 wind=7.000000000000 stop_criteria=1000000 stn_p=10 stn_interval=50 2026-08-26T00:22:13+00:00
9

Number of subproblems: 100
Number of neighbors: 10
Number of fixed turbines: 26
Number of mobile turbines: 63
Wind: 7.000000000000
Angle: 30.000000000000
Run id: 6
Stop criteria: 1000000
STN P (num vectors): 10
STN logger interval: 50

Run time:
[done]  instance=ns101 algo=moead run_id=5 2026-08-26T00:22:20+00:00
[start] instance=ns101 algo=nsga2 run_id=7 angle=30.000000000000 wind=15.000000000000 stop_criteria=1000000 stn_p=10 stn_interval=50 2026-08-26T00:22:20+00:00
9

Number of subproblems: 100
Number of neighbors: 10
Number of fixed turbines: 26
Number of mobile turbines: 63
Wind: 15.000000000000
Angle: 30.000000000000
Run id: 7
Stop criteria: 1000000
STN P (num vectors): 10
STN logger interval: 50

Run time:
[done]  instance=ns101 algo=moead run_id=7 2026-08-26T00:22:20+00:00
[start] instance=ns101 algo=nsga2 run_id=8 angle=180.000000000000 wind=3.000000000000 stop_criteria=1000000 stn_p=10 stn_interval=50 2026-08-26T00:22:21+00:00
9

Number of subproblems: 100
Number of neighbors: 10
Number of fixed turbines: 26
Number of mobile turbines: 63
Wind: 3.000000000000
Angle: 180.000000000000
Run id: 8
Stop criteria: 1000000
STN P (num vectors): 10
STN logger interval: 50

Run time:
[done]  instance=ns41 algo=moead run_id=6 2026-08-26T00:22:38+00:00
[start] instance=ns101 algo=nsga2 run_id=9 angle=270.000000000000 wind=3.000000000000 stop_criteria=1000000 stn_p=10 stn_interval=50 2026-08-26T00:22:38+00:00
9

Number of subproblems: 100
Number of neighbors: 10
Number of fixed turbines: 26
Number of mobile turbines: 63
Wind: 3.000000000000
Angle: 270.000000000000
Run id: 9
Stop criteria: 1000000
STN P (num vectors): 10
STN logger interval: 50

Run time:
[done]  instance=ns41 algo=moead run_id=9 2026-08-26T00:22:43+00:00
[start] instance=ns178 algo=moead run_id=0 angle=120.000000000000 wind=11.000000000000 stop_criteria=1000000 stn_p=10 stn_interval=50 2026-08-26T00:22:44+00:00
9

Number of subproblems: 100
Number of neighbors: 10
Number of fixed turbines: 58
Number of mobile turbines: 23
Wind: 11.000000000000
Angle: 120.000000000000
Run id: 0
Stop criteria: 1000000
STN P (num vectors): 10
STN logger interval: 50

Run time:
[done]  instance=ns101 algo=moead run_id=8 2026-08-26T00:22:48+00:00
[start] instance=ns178 algo=moead run_id=1 angle=240.000000000000 wind=7.000000000000 stop_criteria=1000000 stn_p=10 stn_interval=50 2026-08-26T00:22:48+00:00
9

Number of subproblems: 100
Number of neighbors: 10
Number of fixed turbines: 58
Number of mobile turbines: 23
Wind: 7.000000000000
Angle: 240.000000000000
Run id: 1
Stop criteria: 1000000
STN P (num vectors): 10
STN logger interval: 50

Run time:
[done]  instance=ns101 algo=moead run_id=9 2026-08-26T00:23:37+00:00
[start] instance=ns178 algo=moead run_id=2 angle=270.000000000000 wind=11.000000000000 stop_criteria=1000000 stn_p=10 stn_interval=50 2026-08-26T00:23:38+00:00
9

Number of subproblems: 100
Number of neighbors: 10
Number of fixed turbines: 58
Number of mobile turbines: 23
Wind: 11.000000000000
Angle: 270.000000000000
Run id: 2
Stop criteria: 1000000
STN P (num vectors): 10
STN logger interval: 50

Run time:
[done]  instance=ns41 algo=moead run_id=0 2026-08-26T00:23:41+00:00
[start] instance=ns178 algo=moead run_id=3 angle=60.000000000000 wind=4.000000000000 stop_criteria=1000000 stn_p=10 stn_interval=50 2026-08-26T00:23:41+00:00
9

Number of subproblems: 100
Number of neighbors: 10
Number of fixed turbines: 58
Number of mobile turbines: 23
Wind: 4.000000000000
Angle: 60.000000000000
Run id: 3
Stop criteria: 1000000
STN P (num vectors): 10
STN logger interval: 50

Run time:
[done]  instance=ns41 algo=moead run_id=7 2026-08-26T00:23:42+00:00
[start] instance=ns178 algo=moead run_id=4 angle=270.000000000000 wind=12.000000000000 stop_criteria=1000000 stn_p=10 stn_interval=50 2026-08-26T00:23:42+00:00
9

Number of subproblems: 100
Number of neighbors: 10
Number of fixed turbines: 58
Number of mobile turbines: 23
Wind: 12.000000000000
Angle: 270.000000000000
Run id: 4
Stop criteria: 1000000
STN P (num vectors): 10
STN logger interval: 50

Run time:
[done]  instance=ns41 algo=moead run_id=3 2026-08-26T00:24:11+00:00
[start] instance=ns178 algo=moead run_id=5 angle=210.000000000000 wind=19.000000000000 stop_criteria=1000000 stn_p=10 stn_interval=50 2026-08-26T00:24:11+00:00
9

Number of subproblems: 100
Number of neighbors: 10
Number of fixed turbines: 58
Number of mobile turbines: 23
Wind: 19.000000000000
Angle: 210.000000000000
Run id: 5
Stop criteria: 1000000
STN P (num vectors): 10
STN logger interval: 50

Run time:
[done]  instance=ns41 algo=moead run_id=2 2026-08-26T00:24:40+00:00
[start] instance=ns178 algo=moead run_id=6 angle=210.000000000000 wind=11.000000000000 stop_criteria=1000000 stn_p=10 stn_interval=50 2026-08-26T00:24:40+00:00
9

Number of subproblems: 100
Number of neighbors: 10
Number of fixed turbines: 58
Number of mobile turbines: 23
Wind: 11.000000000000
Angle: 210.000000000000
Run id: 6
Stop criteria: 1000000
STN P (num vectors): 10
STN logger interval: 50

Run time:
[done]  instance=ns41 algo=moead run_id=4 2026-08-26T00:24:48+00:00
[start] instance=ns178 algo=moead run_id=7 angle=0.000000000000 wind=7.000000000000 stop_criteria=1000000 stn_p=10 stn_interval=50 2026-08-26T00:24:48+00:00
9

Number of subproblems: 100
Number of neighbors: 10
Number of fixed turbines: 58
Number of mobile turbines: 23
Wind: 7.000000000000
Angle: 0.000000000000
Run id: 7
Stop criteria: 1000000
STN P (num vectors): 10
STN logger interval: 50

Run time:
[done]  instance=ns41 algo=moead run_id=8 2026-08-26T00:24:49+00:00
[start] instance=ns178 algo=moead run_id=8 angle=30.000000000000 wind=7.000000000000 stop_criteria=1000000 stn_p=10 stn_interval=50 2026-08-26T00:24:49+00:00
9

Number of subproblems: 100
Number of neighbors: 10
Number of fixed turbines: 58
Number of mobile turbines: 23
Wind: 7.000000000000
Angle: 30.000000000000
Run id: 8
Stop criteria: 1000000
STN P (num vectors): 10
STN logger interval: 50

Run time:
[done]  instance=ns41 algo=moead run_id=5 2026-08-26T00:25:30+00:00
[start] instance=ns178 algo=moead run_id=9 angle=150.000000000000 wind=15.000000000000 stop_criteria=1000000 stn_p=10 stn_interval=50 2026-08-26T00:25:30+00:00
9

Number of subproblems: 100
Number of neighbors: 10
Number of fixed turbines: 58
Number of mobile turbines: 23
Wind: 15.000000000000
Angle: 150.000000000000
Run id: 9
Stop criteria: 1000000
STN P (num vectors): 10
STN logger interval: 50

Run time:
[done]  instance=ns178 algo=moead run_id=0 2026-08-26T00:27:23+00:00
[start] instance=ns178 algo=nsga2 run_id=0 angle=120.000000000000 wind=11.000000000000 stop_criteria=1000000 stn_p=10 stn_interval=50 2026-08-26T00:27:24+00:00
9

Number of subproblems: 100
Number of neighbors: 10
Number of fixed turbines: 58
Number of mobile turbines: 23
Wind: 11.000000000000
Angle: 120.000000000000
Run id: 0
Stop criteria: 1000000
STN P (num vectors): 10
STN logger interval: 50

Run time:
[done]  instance=ns178 algo=moead run_id=7 2026-08-26T00:27:27+00:00
[start] instance=ns178 algo=nsga2 run_id=1 angle=240.000000000000 wind=7.000000000000 stop_criteria=1000000 stn_p=10 stn_interval=50 2026-08-26T00:27:27+00:00
9

Number of subproblems: 100
Number of neighbors: 10
Number of fixed turbines: 58
Number of mobile turbines: 23
Wind: 7.000000000000
Angle: 240.000000000000
Run id: 1
Stop criteria: 1000000
STN P (num vectors): 10
STN logger interval: 50

Run time:
[done]  instance=ns178 algo=moead run_id=1 2026-08-26T00:27:44+00:00
[start] instance=ns178 algo=nsga2 run_id=2 angle=270.000000000000 wind=11.000000000000 stop_criteria=1000000 stn_p=10 stn_interval=50 2026-08-26T00:27:44+00:00
9

Number of subproblems: 100
Number of neighbors: 10
Number of fixed turbines: 58
Number of mobile turbines: 23
Wind: 11.000000000000
Angle: 270.000000000000
Run id: 2
Stop criteria: 1000000
STN P (num vectors): 10
STN logger interval: 50

Run time:
[done]  instance=ns178 algo=moead run_id=3 2026-08-26T00:28:12+00:00
[start] instance=ns178 algo=nsga2 run_id=3 angle=60.000000000000 wind=4.000000000000 stop_criteria=1000000 stn_p=10 stn_interval=50 2026-08-26T00:28:12+00:00
9

Number of subproblems: 100
Number of neighbors: 10
Number of fixed turbines: 58
Number of mobile turbines: 23
Wind: 4.000000000000
Angle: 60.000000000000
Run id: 3
Stop criteria: 1000000
STN P (num vectors): 10
STN logger interval: 50

Run time:
[done]  instance=ns178 algo=moead run_id=2 2026-08-26T00:28:23+00:00
[start] instance=ns178 algo=nsga2 run_id=4 angle=270.000000000000 wind=12.000000000000 stop_criteria=1000000 stn_p=10 stn_interval=50 2026-08-26T00:28:24+00:00
9

Number of subproblems: 100
Number of neighbors: 10
Number of fixed turbines: 58
Number of mobile turbines: 23
Wind: 12.000000000000
Angle: 270.000000000000
Run id: 4
Stop criteria: 1000000
STN P (num vectors): 10
STN logger interval: 50

Run time:
[done]  instance=ns178 algo=moead run_id=4 2026-08-26T00:28:39+00:00
[start] instance=ns178 algo=nsga2 run_id=5 angle=210.000000000000 wind=19.000000000000 stop_criteria=1000000 stn_p=10 stn_interval=50 2026-08-26T00:28:39+00:00
9

Number of subproblems: 100
Number of neighbors: 10
Number of fixed turbines: 58
Number of mobile turbines: 23
Wind: 19.000000000000
Angle: 210.000000000000
Run id: 5
Stop criteria: 1000000
STN P (num vectors): 10
STN logger interval: 50

Run time:
[done]  instance=ns178 algo=moead run_id=8 2026-08-26T00:28:46+00:00
[start] instance=ns178 algo=nsga2 run_id=6 angle=210.000000000000 wind=11.000000000000 stop_criteria=1000000 stn_p=10 stn_interval=50 2026-08-26T00:28:46+00:00
9

Number of subproblems: 100
Number of neighbors: 10
Number of fixed turbines: 58
Number of mobile turbines: 23
Wind: 11.000000000000
Angle: 210.000000000000
Run id: 6
Stop criteria: 1000000
STN P (num vectors): 10
STN logger interval: 50

Run time:
[done]  instance=ns178 algo=moead run_id=5 2026-08-26T00:29:16+00:00
[start] instance=ns178 algo=nsga2 run_id=7 angle=0.000000000000 wind=7.000000000000 stop_criteria=1000000 stn_p=10 stn_interval=50 2026-08-26T00:29:16+00:00
9

Number of subproblems: 100
Number of neighbors: 10
Number of fixed turbines: 58
Number of mobile turbines: 23
Wind: 7.000000000000
Angle: 0.000000000000
Run id: 7
Stop criteria: 1000000
STN P (num vectors): 10
STN logger interval: 50

Run time:
[done]  instance=ns178 algo=moead run_id=6 2026-08-26T00:29:35+00:00
[start] instance=ns178 algo=nsga2 run_id=8 angle=30.000000000000 wind=7.000000000000 stop_criteria=1000000 stn_p=10 stn_interval=50 2026-08-26T00:29:35+00:00
9

Number of subproblems: 100
Number of neighbors: 10
Number of fixed turbines: 58
Number of mobile turbines: 23
Wind: 7.000000000000
Angle: 30.000000000000
Run id: 8
Stop criteria: 1000000
STN P (num vectors): 10
STN logger interval: 50

Run time:
[done]  instance=ns178 algo=moead run_id=9 2026-08-26T00:30:18+00:00
[start] instance=ns178 algo=nsga2 run_id=9 angle=150.000000000000 wind=15.000000000000 stop_criteria=1000000 stn_p=10 stn_interval=50 2026-08-26T00:30:18+00:00
9

Number of subproblems: 100
Number of neighbors: 10
Number of fixed turbines: 58
Number of mobile turbines: 23
Wind: 15.000000000000
Angle: 150.000000000000
Run id: 9
Stop criteria: 1000000
STN P (num vectors): 10
STN logger interval: 50

Run time:
[done]  instance=ns101 algo=nsga2 run_id=0 2026-08-26T00:36:02+00:00
[start] instance=ns192 algo=moead run_id=0 angle=120.000000000000 wind=11.000000000000 stop_criteria=1000000 stn_p=10 stn_interval=50 2026-08-26T00:36:02+00:00
9

Number of subproblems: 100
Number of neighbors: 10
Number of fixed turbines: 57
Number of mobile turbines: 31
Wind: 11.000000000000
Angle: 120.000000000000
Run id: 0
Stop criteria: 1000000
STN P (num vectors): 10
STN logger interval: 50

Run time:
[done]  instance=ns101 algo=nsga2 run_id=4 2026-08-26T00:37:33+00:00
[start] instance=ns192 algo=moead run_id=1 angle=180.000000000000 wind=11.000000000000 stop_criteria=1000000 stn_p=10 stn_interval=50 2026-08-26T00:37:33+00:00
9

Number of subproblems: 100
Number of neighbors: 10
Number of fixed turbines: 57
Number of mobile turbines: 31
Wind: 11.000000000000
Angle: 180.000000000000
Run id: 1
Stop criteria: 1000000
STN P (num vectors): 10
STN logger interval: 50

Run time:
[done]  instance=ns101 algo=nsga2 run_id=1 2026-08-26T00:38:15+00:00
[start] instance=ns192 algo=moead run_id=2 angle=240.000000000000 wind=13.000000000000 stop_criteria=1000000 stn_p=10 stn_interval=50 2026-08-26T00:38:15+00:00
9

Number of subproblems: 100
Number of neighbors: 10
Number of fixed turbines: 57
Number of mobile turbines: 31
Wind: 13.000000000000
Angle: 240.000000000000
Run id: 2
Stop criteria: 1000000
STN P (num vectors): 10
STN logger interval: 50

Run time:
[done]  instance=ns101 algo=nsga2 run_id=3 2026-08-26T00:38:44+00:00
[start] instance=ns192 algo=moead run_id=3 angle=210.000000000000 wind=13.000000000000 stop_criteria=1000000 stn_p=10 stn_interval=50 2026-08-26T00:38:44+00:00
9

Number of subproblems: 100
Number of neighbors: 10
Number of fixed turbines: 57
Number of mobile turbines: 31
Wind: 13.000000000000
Angle: 210.000000000000
Run id: 3
Stop criteria: 1000000
STN P (num vectors): 10
STN logger interval: 50

Run time:
[done]  instance=ns101 algo=nsga2 run_id=7 2026-08-26T00:39:18+00:00
[start] instance=ns192 algo=moead run_id=4 angle=120.000000000000 wind=4.000000000000 stop_criteria=1000000 stn_p=10 stn_interval=50 2026-08-26T00:39:18+00:00
9

Number of subproblems: 100
Number of neighbors: 10
Number of fixed turbines: 57
Number of mobile turbines: 31
Wind: 4.000000000000
Angle: 120.000000000000
Run id: 4
Stop criteria: 1000000
STN P (num vectors): 10
STN logger interval: 50

Run time:
[done]  instance=ns101 algo=nsga2 run_id=6 2026-08-26T00:39:20+00:00
[start] instance=ns192 algo=moead run_id=5 angle=180.000000000000 wind=16.000000000000 stop_criteria=1000000 stn_p=10 stn_interval=50 2026-08-26T00:39:20+00:00
9

Number of subproblems: 100
Number of neighbors: 10
Number of fixed turbines: 57
Number of mobile turbines: 31
Wind: 16.000000000000
Angle: 180.000000000000
Run id: 5
Stop criteria: 1000000
STN P (num vectors): 10
STN logger interval: 50

Run time:
[done]  instance=ns101 algo=nsga2 run_id=9 2026-08-26T00:39:35+00:00
[start] instance=ns192 algo=moead run_id=6 angle=60.000000000000 wind=16.000000000000 stop_criteria=1000000 stn_p=10 stn_interval=50 2026-08-26T00:39:35+00:00
9

Number of subproblems: 100
Number of neighbors: 10
Number of fixed turbines: 57
Number of mobile turbines: 31
Wind: 16.000000000000
Angle: 60.000000000000
Run id: 6
Stop criteria: 1000000
STN P (num vectors): 10
STN logger interval: 50

Run time:
[done]  instance=ns101 algo=nsga2 run_id=5 2026-08-26T00:39:53+00:00
[start] instance=ns192 algo=moead run_id=7 angle=90.000000000000 wind=10.000000000000 stop_criteria=1000000 stn_p=10 stn_interval=50 2026-08-26T00:39:54+00:00
9

Number of subproblems: 100
Number of neighbors: 10
Number of fixed turbines: 57
Number of mobile turbines: 31
Wind: 10.000000000000
Angle: 90.000000000000
Run id: 7
Stop criteria: 1000000
STN P (num vectors): 10
STN logger interval: 50

Run time:
[done]  instance=ns178 algo=nsga2 run_id=7 2026-08-26T00:40:12+00:00
[start] instance=ns192 algo=moead run_id=8 angle=60.000000000000 wind=6.000000000000 stop_criteria=1000000 stn_p=10 stn_interval=50 2026-08-26T00:40:12+00:00
9

Number of subproblems: 100
Number of neighbors: 10
Number of fixed turbines: 57
Number of mobile turbines: 31
Wind: 6.000000000000
Angle: 60.000000000000
Run id: 8
Stop criteria: 1000000
STN P (num vectors): 10
STN logger interval: 50

Run time:
[done]  instance=ns178 algo=nsga2 run_id=4 2026-08-26T00:40:17+00:00
[start] instance=ns192 algo=moead run_id=9 angle=0.000000000000 wind=15.000000000000 stop_criteria=1000000 stn_p=10 stn_interval=50 2026-08-26T00:40:17+00:00
9

Number of subproblems: 100
Number of neighbors: 10
Number of fixed turbines: 57
Number of mobile turbines: 31
Wind: 15.000000000000
Angle: 0.000000000000
Run id: 9
Stop criteria: 1000000
STN P (num vectors): 10
STN logger interval: 50

Run time:
[done]  instance=ns101 algo=nsga2 run_id=2 2026-08-26T00:40:45+00:00
[start] instance=ns192 algo=nsga2 run_id=0 angle=120.000000000000 wind=11.000000000000 stop_criteria=1000000 stn_p=10 stn_interval=50 2026-08-26T00:40:45+00:00
9

Number of subproblems: 100
Number of neighbors: 10
Number of fixed turbines: 57
Number of mobile turbines: 31
Wind: 11.000000000000
Angle: 120.000000000000
Run id: 0
Stop criteria: 1000000
STN P (num vectors): 10
STN logger interval: 50

Run time:
[done]  instance=ns101 algo=nsga2 run_id=8 2026-08-26T00:40:53+00:00
[start] instance=ns192 algo=nsga2 run_id=1 angle=180.000000000000 wind=11.000000000000 stop_criteria=1000000 stn_p=10 stn_interval=50 2026-08-26T00:40:53+00:00
9

Number of subproblems: 100
Number of neighbors: 10
Number of fixed turbines: 57
Number of mobile turbines: 31
Wind: 11.000000000000
Angle: 180.000000000000
Run id: 1
Stop criteria: 1000000
STN P (num vectors): 10
STN logger interval: 50

Run time:
[done]  instance=ns178 algo=nsga2 run_id=0 2026-08-26T00:40:53+00:00
[start] instance=ns192 algo=nsga2 run_id=2 angle=240.000000000000 wind=13.000000000000 stop_criteria=1000000 stn_p=10 stn_interval=50 2026-08-26T00:40:53+00:00
9

Number of subproblems: 100
Number of neighbors: 10
Number of fixed turbines: 57
Number of mobile turbines: 31
Wind: 13.000000000000
Angle: 240.000000000000
Run id: 2
Stop criteria: 1000000
STN P (num vectors): 10
STN logger interval: 50

Run time:
[done]  instance=ns178 algo=nsga2 run_id=2 2026-08-26T00:41:02+00:00
[start] instance=ns192 algo=nsga2 run_id=3 angle=210.000000000000 wind=13.000000000000 stop_criteria=1000000 stn_p=10 stn_interval=50 2026-08-26T00:41:02+00:00
9

Number of subproblems: 100
Number of neighbors: 10
Number of fixed turbines: 57
Number of mobile turbines: 31
Wind: 13.000000000000
Angle: 210.000000000000
Run id: 3
Stop criteria: 1000000
STN P (num vectors): 10
STN logger interval: 50

Run time:
[done]  instance=ns192 algo=moead run_id=0 2026-08-26T00:41:13+00:00
[start] instance=ns192 algo=nsga2 run_id=4 angle=120.000000000000 wind=4.000000000000 stop_criteria=1000000 stn_p=10 stn_interval=50 2026-08-26T00:41:14+00:00
9

Number of subproblems: 100
Number of neighbors: 10
Number of fixed turbines: 57
Number of mobile turbines: 31
Wind: 4.000000000000
Angle: 120.000000000000
Run id: 4
Stop criteria: 1000000
STN P (num vectors): 10
STN logger interval: 50

Run time:
[done]  instance=ns178 algo=nsga2 run_id=1 2026-08-26T00:41:20+00:00
[start] instance=ns192 algo=nsga2 run_id=5 angle=180.000000000000 wind=16.000000000000 stop_criteria=1000000 stn_p=10 stn_interval=50 2026-08-26T00:41:20+00:00
9

Number of subproblems: 100
Number of neighbors: 10
Number of fixed turbines: 57
Number of mobile turbines: 31
Wind: 16.000000000000
Angle: 180.000000000000
Run id: 5
Stop criteria: 1000000
STN P (num vectors): 10
STN logger interval: 50

Run time:
[done]  instance=ns178 algo=nsga2 run_id=6 2026-08-26T00:41:31+00:00
[start] instance=ns192 algo=nsga2 run_id=6 angle=60.000000000000 wind=16.000000000000 stop_criteria=1000000 stn_p=10 stn_interval=50 2026-08-26T00:41:31+00:00
9

Number of subproblems: 100
Number of neighbors: 10
Number of fixed turbines: 57
Number of mobile turbines: 31
Wind: 16.000000000000
Angle: 60.000000000000
Run id: 6
Stop criteria: 1000000
STN P (num vectors): 10
STN logger interval: 50

Run time:
[done]  instance=ns178 algo=nsga2 run_id=3 2026-08-26T00:41:41+00:00
[start] instance=ns192 algo=nsga2 run_id=7 angle=90.000000000000 wind=10.000000000000 stop_criteria=1000000 stn_p=10 stn_interval=50 2026-08-26T00:41:41+00:00
9

Number of subproblems: 100
Number of neighbors: 10
Number of fixed turbines: 57
Number of mobile turbines: 31
Wind: 10.000000000000
Angle: 90.000000000000
Run id: 7
Stop criteria: 1000000
STN P (num vectors): 10
STN logger interval: 50

Run time:
[done]  instance=ns178 algo=nsga2 run_id=5 2026-08-26T00:42:01+00:00
[start] instance=ns192 algo=nsga2 run_id=8 angle=60.000000000000 wind=6.000000000000 stop_criteria=1000000 stn_p=10 stn_interval=50 2026-08-26T00:42:01+00:00
9

Number of subproblems: 100
Number of neighbors: 10
Number of fixed turbines: 57
Number of mobile turbines: 31
Wind: 6.000000000000
Angle: 60.000000000000
Run id: 8
Stop criteria: 1000000
STN P (num vectors): 10
STN logger interval: 50

Run time:
[done]  instance=ns178 algo=nsga2 run_id=8 2026-08-26T00:42:58+00:00
[start] instance=ns192 algo=nsga2 run_id=9 angle=0.000000000000 wind=15.000000000000 stop_criteria=1000000 stn_p=10 stn_interval=50 2026-08-26T00:42:58+00:00
9

Number of subproblems: 100
Number of neighbors: 10
Number of fixed turbines: 57
Number of mobile turbines: 31
Wind: 15.000000000000
Angle: 0.000000000000
Run id: 9
Stop criteria: 1000000
STN P (num vectors): 10
STN logger interval: 50

Run time:
[done]  instance=ns178 algo=nsga2 run_id=9 2026-08-26T00:43:00+00:00
[start] instance=ns202 algo=moead run_id=0 angle=270.000000000000 wind=9.000000000000 stop_criteria=1000000 stn_p=10 stn_interval=50 2026-08-26T00:43:00+00:00
9

Number of subproblems: 100
Number of neighbors: 10
Number of fixed turbines: 9
Number of mobile turbines: 47
Wind: 9.000000000000
Angle: 270.000000000000
Run id: 0
Stop criteria: 1000000
STN P (num vectors): 10
STN logger interval: 50

Run time:
[done]  instance=ns192 algo=moead run_id=1 2026-08-26T00:43:15+00:00
[start] instance=ns202 algo=moead run_id=1 angle=150.000000000000 wind=2.000000000000 stop_criteria=1000000 stn_p=10 stn_interval=50 2026-08-26T00:43:16+00:00
9

Number of subproblems: 100
Number of neighbors: 10
Number of fixed turbines: 9
Number of mobile turbines: 47
Wind: 2.000000000000
Angle: 150.000000000000
Run id: 1
Stop criteria: 1000000
STN P (num vectors): 10
STN logger interval: 50

Run time:
[done]  instance=ns192 algo=moead run_id=9 2026-08-26T00:43:21+00:00
[start] instance=ns202 algo=moead run_id=2 angle=300.000000000000 wind=21.000000000000 stop_criteria=1000000 stn_p=10 stn_interval=50 2026-08-26T00:43:21+00:00
9

Number of subproblems: 100
Number of neighbors: 10
Number of fixed turbines: 9
Number of mobile turbines: 47
Wind: 21.000000000000
Angle: 300.000000000000
Run id: 2
Stop criteria: 1000000
STN P (num vectors): 10
STN logger interval: 50

Run time:
[done]  instance=ns192 algo=moead run_id=2 2026-08-26T00:43:51+00:00
[start] instance=ns202 algo=moead run_id=3 angle=270.000000000000 wind=16.000000000000 stop_criteria=1000000 stn_p=10 stn_interval=50 2026-08-26T00:43:51+00:00
9

Number of subproblems: 100
Number of neighbors: 10
Number of fixed turbines: 9
Number of mobile turbines: 47
Wind: 16.000000000000
Angle: 270.000000000000
Run id: 3
Stop criteria: 1000000
STN P (num vectors): 10
STN logger interval: 50

Run time:
[done]  instance=ns192 algo=moead run_id=4 2026-08-26T00:44:18+00:00
[start] instance=ns202 algo=moead run_id=4 angle=240.000000000000 wind=13.000000000000 stop_criteria=1000000 stn_p=10 stn_interval=50 2026-08-26T00:44:18+00:00
9

Number of subproblems: 100
Number of neighbors: 10
Number of fixed turbines: 9
Number of mobile turbines: 47
Wind: 13.000000000000
Angle: 240.000000000000
Run id: 4
Stop criteria: 1000000
STN P (num vectors): 10
STN logger interval: 50

Run time:
[done]  instance=ns192 algo=moead run_id=3 2026-08-26T00:44:38+00:00
[start] instance=ns202 algo=moead run_id=5 angle=240.000000000000 wind=7.000000000000 stop_criteria=1000000 stn_p=10 stn_interval=50 2026-08-26T00:44:38+00:00
9

Number of subproblems: 100
Number of neighbors: 10
Number of fixed turbines: 9
Number of mobile turbines: 47
Wind: 7.000000000000
Angle: 240.000000000000
Run id: 5
Stop criteria: 1000000
STN P (num vectors): 10
STN logger interval: 50

Run time:
[done]  instance=ns192 algo=moead run_id=6 2026-08-26T00:44:54+00:00
[start] instance=ns202 algo=moead run_id=6 angle=180.000000000000 wind=15.000000000000 stop_criteria=1000000 stn_p=10 stn_interval=50 2026-08-26T00:44:54+00:00
9

Number of subproblems: 100
Number of neighbors: 10
Number of fixed turbines: 9
Number of mobile turbines: 47
Wind: 15.000000000000
Angle: 180.000000000000
Run id: 6
Stop criteria: 1000000
STN P (num vectors): 10
STN logger interval: 50

Run time:
[done]  instance=ns192 algo=moead run_id=5 2026-08-26T00:45:02+00:00
[start] instance=ns202 algo=moead run_id=7 angle=300.000000000000 wind=16.000000000000 stop_criteria=1000000 stn_p=10 stn_interval=50 2026-08-26T00:45:02+00:00
9

Number of subproblems: 100
Number of neighbors: 10
Number of fixed turbines: 9
Number of mobile turbines: 47
Wind: 16.000000000000
Angle: 300.000000000000
Run id: 7
Stop criteria: 1000000
STN P (num vectors): 10
STN logger interval: 50

Run time:
[done]  instance=ns192 algo=moead run_id=7 2026-08-26T00:45:04+00:00
[start] instance=ns202 algo=moead run_id=8 angle=150.000000000000 wind=10.000000000000 stop_criteria=1000000 stn_p=10 stn_interval=50 2026-08-26T00:45:04+00:00
9

Number of subproblems: 100
Number of neighbors: 10
Number of fixed turbines: 9
Number of mobile turbines: 47
Wind: 10.000000000000
Angle: 150.000000000000
Run id: 8
Stop criteria: 1000000
STN P (num vectors): 10
STN logger interval: 50

Run time:
[done]  instance=ns202 algo=moead run_id=0 2026-08-26T00:45:48+00:00
[start] instance=ns202 algo=moead run_id=9 angle=210.000000000000 wind=11.000000000000 stop_criteria=1000000 stn_p=10 stn_interval=50 2026-08-26T00:45:48+00:00
9

Number of subproblems: 100
Number of neighbors: 10
Number of fixed turbines: 9
Number of mobile turbines: 47
Wind: 11.000000000000
Angle: 210.000000000000
Run id: 9
Stop criteria: 1000000
STN P (num vectors): 10
STN logger interval: 50

Run time:
[done]  instance=ns192 algo=moead run_id=8 2026-08-26T00:45:49+00:00
[start] instance=ns202 algo=nsga2 run_id=0 angle=270.000000000000 wind=9.000000000000 stop_criteria=1000000 stn_p=10 stn_interval=50 2026-08-26T00:45:49+00:00
9

Number of subproblems: 100
Number of neighbors: 10
Number of fixed turbines: 9
Number of mobile turbines: 47
Wind: 9.000000000000
Angle: 270.000000000000
Run id: 0
Stop criteria: 1000000
STN P (num vectors): 10
STN logger interval: 50

Run time:
[done]  instance=ns202 algo=moead run_id=1 2026-08-26T00:46:25+00:00
[start] instance=ns202 algo=nsga2 run_id=1 angle=150.000000000000 wind=2.000000000000 stop_criteria=1000000 stn_p=10 stn_interval=50 2026-08-26T00:46:26+00:00
9

Number of subproblems: 100
Number of neighbors: 10
Number of fixed turbines: 9
Number of mobile turbines: 47
Wind: 2.000000000000
Angle: 150.000000000000
Run id: 1
Stop criteria: 1000000
STN P (num vectors): 10
STN logger interval: 50

Run time:
[done]  instance=ns202 algo=moead run_id=2 2026-08-26T00:46:34+00:00
[start] instance=ns202 algo=nsga2 run_id=2 angle=300.000000000000 wind=21.000000000000 stop_criteria=1000000 stn_p=10 stn_interval=50 2026-08-26T00:46:34+00:00
9

Number of subproblems: 100
Number of neighbors: 10
Number of fixed turbines: 9
Number of mobile turbines: 47
Wind: 21.000000000000
Angle: 300.000000000000
Run id: 2
Stop criteria: 1000000
STN P (num vectors): 10
STN logger interval: 50

Run time:
[done]  instance=ns202 algo=moead run_id=3 2026-08-26T00:46:37+00:00
[start] instance=ns202 algo=nsga2 run_id=3 angle=270.000000000000 wind=16.000000000000 stop_criteria=1000000 stn_p=10 stn_interval=50 2026-08-26T00:46:37+00:00
9

Number of subproblems: 100
Number of neighbors: 10
Number of fixed turbines: 9
Number of mobile turbines: 47
Wind: 16.000000000000
Angle: 270.000000000000
Run id: 3
Stop criteria: 1000000
STN P (num vectors): 10
STN logger interval: 50

Run time:
[done]  instance=ns202 algo=moead run_id=4 2026-08-26T00:47:18+00:00
[start] instance=ns202 algo=nsga2 run_id=4 angle=240.000000000000 wind=13.000000000000 stop_criteria=1000000 stn_p=10 stn_interval=50 2026-08-26T00:47:18+00:00
9

Number of subproblems: 100
Number of neighbors: 10
Number of fixed turbines: 9
Number of mobile turbines: 47
Wind: 13.000000000000
Angle: 240.000000000000
Run id: 4
Stop criteria: 1000000
STN P (num vectors): 10
STN logger interval: 50

Run time:
[done]  instance=ns202 algo=moead run_id=5 2026-08-26T00:47:33+00:00
[start] instance=ns202 algo=nsga2 run_id=5 angle=240.000000000000 wind=7.000000000000 stop_criteria=1000000 stn_p=10 stn_interval=50 2026-08-26T00:47:33+00:00
9

Number of subproblems: 100
Number of neighbors: 10
Number of fixed turbines: 9
Number of mobile turbines: 47
Wind: 7.000000000000
Angle: 240.000000000000
Run id: 5
Stop criteria: 1000000
STN P (num vectors): 10
STN logger interval: 50

Run time:
[done]  instance=ns202 algo=moead run_id=7 2026-08-26T00:48:03+00:00
[start] instance=ns202 algo=nsga2 run_id=6 angle=180.000000000000 wind=15.000000000000 stop_criteria=1000000 stn_p=10 stn_interval=50 2026-08-26T00:48:04+00:00
9

Number of subproblems: 100
Number of neighbors: 10
Number of fixed turbines: 9
Number of mobile turbines: 47
Wind: 15.000000000000
Angle: 180.000000000000
Run id: 6
Stop criteria: 1000000
STN P (num vectors): 10
STN logger interval: 50

Run time:
[done]  instance=ns202 algo=moead run_id=6 2026-08-26T00:48:09+00:00
[start] instance=ns202 algo=nsga2 run_id=7 angle=300.000000000000 wind=16.000000000000 stop_criteria=1000000 stn_p=10 stn_interval=50 2026-08-26T00:48:09+00:00
9

Number of subproblems: 100
Number of neighbors: 10
Number of fixed turbines: 9
Number of mobile turbines: 47
Wind: 16.000000000000
Angle: 300.000000000000
Run id: 7
Stop criteria: 1000000
STN P (num vectors): 10
STN logger interval: 50

Run time:
[done]  instance=ns202 algo=moead run_id=8 2026-08-26T00:48:14+00:00
[start] instance=ns202 algo=nsga2 run_id=8 angle=150.000000000000 wind=10.000000000000 stop_criteria=1000000 stn_p=10 stn_interval=50 2026-08-26T00:48:14+00:00
9

Number of subproblems: 100
Number of neighbors: 10
Number of fixed turbines: 9
Number of mobile turbines: 47
Wind: 10.000000000000
Angle: 150.000000000000
Run id: 8
Stop criteria: 1000000
STN P (num vectors): 10
STN logger interval: 50

Run time:
[done]  instance=ns202 algo=moead run_id=9 2026-08-26T00:49:03+00:00
[start] instance=ns202 algo=nsga2 run_id=9 angle=210.000000000000 wind=11.000000000000 stop_criteria=1000000 stn_p=10 stn_interval=50 2026-08-26T00:49:03+00:00
9

Number of subproblems: 100
Number of neighbors: 10
Number of fixed turbines: 9
Number of mobile turbines: 47
Wind: 11.000000000000
Angle: 210.000000000000
Run id: 9
Stop criteria: 1000000
STN P (num vectors): 10
STN logger interval: 50

Run time:
[done]  instance=ns192 algo=nsga2 run_id=9 2026-08-26T00:54:32+00:00
[start] instance=ns203 algo=moead run_id=0 angle=240.000000000000 wind=12.000000000000 stop_criteria=1000000 stn_p=10 stn_interval=50 2026-08-26T00:54:32+00:00
9

Number of subproblems: 100
Number of neighbors: 10
Number of fixed turbines: 24
Number of mobile turbines: 41
Wind: 12.000000000000
Angle: 240.000000000000
Run id: 0
Stop criteria: 1000000
STN P (num vectors): 10
STN logger interval: 50

Run time:
[done]  instance=ns192 algo=nsga2 run_id=1 2026-08-26T00:55:10+00:00
[start] instance=ns203 algo=moead run_id=1 angle=300.000000000000 wind=7.000000000000 stop_criteria=1000000 stn_p=10 stn_interval=50 2026-08-26T00:55:10+00:00
9

Number of subproblems: 100
Number of neighbors: 10
Number of fixed turbines: 24
Number of mobile turbines: 41
Wind: 7.000000000000
Angle: 300.000000000000
Run id: 1
Stop criteria: 1000000
STN P (num vectors): 10
STN logger interval: 50

Run time:
[done]  instance=ns192 algo=nsga2 run_id=0 2026-08-26T00:55:35+00:00
[start] instance=ns203 algo=moead run_id=2 angle=150.000000000000 wind=10.000000000000 stop_criteria=1000000 stn_p=10 stn_interval=50 2026-08-26T00:55:35+00:00
9

Number of subproblems: 100
Number of neighbors: 10
Number of fixed turbines: 24
Number of mobile turbines: 41
Wind: 10.000000000000
Angle: 150.000000000000
Run id: 2
Stop criteria: 1000000
STN P (num vectors): 10
STN logger interval: 50

Run time:
[done]  instance=ns192 algo=nsga2 run_id=6 2026-08-26T00:55:43+00:00
[start] instance=ns203 algo=moead run_id=3 angle=240.000000000000 wind=2.000000000000 stop_criteria=1000000 stn_p=10 stn_interval=50 2026-08-26T00:55:43+00:00
9

Number of subproblems: 100
Number of neighbors: 10
Number of fixed turbines: 24
Number of mobile turbines: 41
Wind: 2.000000000000
Angle: 240.000000000000
Run id: 3
Stop criteria: 1000000
STN P (num vectors): 10
STN logger interval: 50

Run time:
[done]  instance=ns192 algo=nsga2 run_id=4 2026-08-26T00:55:52+00:00
[start] instance=ns203 algo=moead run_id=4 angle=120.000000000000 wind=9.000000000000 stop_criteria=1000000 stn_p=10 stn_interval=50 2026-08-26T00:55:52+00:00
9

Number of subproblems: 100
Number of neighbors: 10
Number of fixed turbines: 24
Number of mobile turbines: 41
Wind: 9.000000000000
Angle: 120.000000000000
Run id: 4
Stop criteria: 1000000
STN P (num vectors): 10
STN logger interval: 50

Run time:
[done]  instance=ns192 algo=nsga2 run_id=8 2026-08-26T00:56:03+00:00
[start] instance=ns203 algo=moead run_id=5 angle=330.000000000000 wind=7.000000000000 stop_criteria=1000000 stn_p=10 stn_interval=50 2026-08-26T00:56:03+00:00
9

Number of subproblems: 100
Number of neighbors: 10
Number of fixed turbines: 24
Number of mobile turbines: 41
Wind: 7.000000000000
Angle: 330.000000000000
Run id: 5
Stop criteria: 1000000
STN P (num vectors): 10
STN logger interval: 50

Run time:
[done]  instance=ns192 algo=nsga2 run_id=3 2026-08-26T00:56:18+00:00
[start] instance=ns203 algo=moead run_id=6 angle=240.000000000000 wind=8.000000000000 stop_criteria=1000000 stn_p=10 stn_interval=50 2026-08-26T00:56:18+00:00
9

Number of subproblems: 100
Number of neighbors: 10
Number of fixed turbines: 24
Number of mobile turbines: 41
Wind: 8.000000000000
Angle: 240.000000000000
Run id: 6
Stop criteria: 1000000
STN P (num vectors): 10
STN logger interval: 50

Run time:
[done]  instance=ns192 algo=nsga2 run_id=5 2026-08-26T00:56:18+00:00
[start] instance=ns203 algo=moead run_id=7 angle=270.000000000000 wind=12.000000000000 stop_criteria=1000000 stn_p=10 stn_interval=50 2026-08-26T00:56:18+00:00
9

Number of subproblems: 100
Number of neighbors: 10
Number of fixed turbines: 24
Number of mobile turbines: 41
Wind: 12.000000000000
Angle: 270.000000000000
Run id: 7
Stop criteria: 1000000
STN P (num vectors): 10
STN logger interval: 50

Run time:
[done]  instance=ns192 algo=nsga2 run_id=7 2026-08-26T00:56:34+00:00
[start] instance=ns203 algo=moead run_id=8 angle=30.000000000000 wind=7.000000000000 stop_criteria=1000000 stn_p=10 stn_interval=50 2026-08-26T00:56:35+00:00
9

Number of subproblems: 100
Number of neighbors: 10
Number of fixed turbines: 24
Number of mobile turbines: 41
Wind: 7.000000000000
Angle: 30.000000000000
Run id: 8
Stop criteria: 1000000
STN P (num vectors): 10
STN logger interval: 50

Run time:
[done]  instance=ns192 algo=nsga2 run_id=2 2026-08-26T00:56:52+00:00
[start] instance=ns203 algo=moead run_id=9 angle=150.000000000000 wind=4.000000000000 stop_criteria=1000000 stn_p=10 stn_interval=50 2026-08-26T00:56:52+00:00
9

Number of subproblems: 100
Number of neighbors: 10
Number of fixed turbines: 24
Number of mobile turbines: 41
Wind: 4.000000000000
Angle: 150.000000000000
Run id: 9
Stop criteria: 1000000
STN P (num vectors): 10
STN logger interval: 50

Run time:
[done]  instance=ns203 algo=moead run_id=0 2026-08-26T00:58:08+00:00
[start] instance=ns203 algo=nsga2 run_id=0 angle=240.000000000000 wind=12.000000000000 stop_criteria=1000000 stn_p=10 stn_interval=50 2026-08-26T00:58:09+00:00
9

Number of subproblems: 100
Number of neighbors: 10
Number of fixed turbines: 24
Number of mobile turbines: 41
Wind: 12.000000000000
Angle: 240.000000000000
Run id: 0
Stop criteria: 1000000
STN P (num vectors): 10
STN logger interval: 50

Run time:
[done]  instance=ns203 algo=moead run_id=1 2026-08-26T00:58:56+00:00
[start] instance=ns203 algo=nsga2 run_id=1 angle=300.000000000000 wind=7.000000000000 stop_criteria=1000000 stn_p=10 stn_interval=50 2026-08-26T00:58:56+00:00
9

Number of subproblems: 100
Number of neighbors: 10
Number of fixed turbines: 24
Number of mobile turbines: 41
Wind: 7.000000000000
Angle: 300.000000000000
Run id: 1
Stop criteria: 1000000
STN P (num vectors): 10
STN logger interval: 50

Run time:
[done]  instance=ns203 algo=moead run_id=3 2026-08-26T00:59:08+00:00
[start] instance=ns203 algo=nsga2 run_id=2 angle=150.000000000000 wind=10.000000000000 stop_criteria=1000000 stn_p=10 stn_interval=50 2026-08-26T00:59:08+00:00
9

Number of subproblems: 100
Number of neighbors: 10
Number of fixed turbines: 24
Number of mobile turbines: 41
Wind: 10.000000000000
Angle: 150.000000000000
Run id: 2
Stop criteria: 1000000
STN P (num vectors): 10
STN logger interval: 50

Run time:
[done]  instance=ns203 algo=moead run_id=4 2026-08-26T00:59:09+00:00
[start] instance=ns203 algo=nsga2 run_id=3 angle=240.000000000000 wind=2.000000000000 stop_criteria=1000000 stn_p=10 stn_interval=50 2026-08-26T00:59:09+00:00
9

Number of subproblems: 100
Number of neighbors: 10
Number of fixed turbines: 24
Number of mobile turbines: 41
Wind: 2.000000000000
Angle: 240.000000000000
Run id: 3
Stop criteria: 1000000
STN P (num vectors): 10
STN logger interval: 50

Run time:
[done]  instance=ns203 algo=moead run_id=2 2026-08-26T00:59:24+00:00
[start] instance=ns203 algo=nsga2 run_id=4 angle=120.000000000000 wind=9.000000000000 stop_criteria=1000000 stn_p=10 stn_interval=50 2026-08-26T00:59:24+00:00
9

Number of subproblems: 100
Number of neighbors: 10
Number of fixed turbines: 24
Number of mobile turbines: 41
Wind: 9.000000000000
Angle: 120.000000000000
Run id: 4
Stop criteria: 1000000
STN P (num vectors): 10
STN logger interval: 50

Run time:
[done]  instance=ns203 algo=moead run_id=7 2026-08-26T00:59:43+00:00
[start] instance=ns203 algo=nsga2 run_id=5 angle=330.000000000000 wind=7.000000000000 stop_criteria=1000000 stn_p=10 stn_interval=50 2026-08-26T00:59:43+00:00
9

Number of subproblems: 100
Number of neighbors: 10
Number of fixed turbines: 24
Number of mobile turbines: 41
Wind: 7.000000000000
Angle: 330.000000000000
Run id: 5
Stop criteria: 1000000
STN P (num vectors): 10
STN logger interval: 50

Run time:
[done]  instance=ns203 algo=moead run_id=8 2026-08-26T00:59:45+00:00
[start] instance=ns203 algo=nsga2 run_id=6 angle=240.000000000000 wind=8.000000000000 stop_criteria=1000000 stn_p=10 stn_interval=50 2026-08-26T00:59:45+00:00
9

Number of subproblems: 100
Number of neighbors: 10
Number of fixed turbines: 24
Number of mobile turbines: 41
Wind: 8.000000000000
Angle: 240.000000000000
Run id: 6
Stop criteria: 1000000
STN P (num vectors): 10
STN logger interval: 50

Run time:
[done]  instance=ns203 algo=moead run_id=5 2026-08-26T00:59:53+00:00
[start] instance=ns203 algo=nsga2 run_id=7 angle=270.000000000000 wind=12.000000000000 stop_criteria=1000000 stn_p=10 stn_interval=50 2026-08-26T00:59:53+00:00
9

Number of subproblems: 100
Number of neighbors: 10
Number of fixed turbines: 24
Number of mobile turbines: 41
Wind: 12.000000000000
Angle: 270.000000000000
Run id: 7
Stop criteria: 1000000
STN P (num vectors): 10
STN logger interval: 50

Run time:
[done]  instance=ns41 algo=nsga2 run_id=1 2026-08-26T00:59:55+00:00
[start] instance=ns203 algo=nsga2 run_id=8 angle=30.000000000000 wind=7.000000000000 stop_criteria=1000000 stn_p=10 stn_interval=50 2026-08-26T00:59:55+00:00
9

Number of subproblems: 100
Number of neighbors: 10
Number of fixed turbines: 24
Number of mobile turbines: 41
Wind: 7.000000000000
Angle: 30.000000000000
Run id: 8
Stop criteria: 1000000
STN P (num vectors): 10
STN logger interval: 50

Run time:
[done]  instance=ns203 algo=moead run_id=6 2026-08-26T00:59:59+00:00
[start] instance=ns203 algo=nsga2 run_id=9 angle=150.000000000000 wind=4.000000000000 stop_criteria=1000000 stn_p=10 stn_interval=50 2026-08-26T00:59:59+00:00
9

Number of subproblems: 100
Number of neighbors: 10
Number of fixed turbines: 24
Number of mobile turbines: 41
Wind: 4.000000000000
Angle: 150.000000000000
Run id: 9
Stop criteria: 1000000
STN P (num vectors): 10
STN logger interval: 50

Run time:
[done]  instance=ns203 algo=moead run_id=9 2026-08-26T01:00:11+00:00
[start] instance=ns440 algo=moead run_id=0 angle=240.000000000000 wind=9.000000000000 stop_criteria=1000000 stn_p=10 stn_interval=50 2026-08-26T01:00:11+00:00
9

Number of subproblems: 100
Number of neighbors: 10
Number of fixed turbines: 27
Number of mobile turbines: 140
Wind: 9.000000000000
Angle: 240.000000000000
Run id: 0
Stop criteria: 1000000
STN P (num vectors): 10
STN logger interval: 50

Run time:
[done]  instance=ns202 algo=nsga2 run_id=3 2026-08-26T01:07:40+00:00
[start] instance=ns440 algo=moead run_id=1 angle=240.000000000000 wind=16.000000000000 stop_criteria=1000000 stn_p=10 stn_interval=50 2026-08-26T01:07:40+00:00
9

Number of subproblems: 100
Number of neighbors: 10
Number of fixed turbines: 27
Number of mobile turbines: 140
Wind: 16.000000000000
Angle: 240.000000000000
Run id: 1
Stop criteria: 1000000
STN P (num vectors): 10
STN logger interval: 50

Run time:
[done]  instance=ns202 algo=nsga2 run_id=0 2026-08-26T01:08:57+00:00
[start] instance=ns440 algo=moead run_id=2 angle=240.000000000000 wind=8.000000000000 stop_criteria=1000000 stn_p=10 stn_interval=50 2026-08-26T01:08:57+00:00
9

Number of subproblems: 100
Number of neighbors: 10
Number of fixed turbines: 27
Number of mobile turbines: 140
Wind: 8.000000000000
Angle: 240.000000000000
Run id: 2
Stop criteria: 1000000
STN P (num vectors): 10
STN logger interval: 50

Run time:
[done]  instance=ns202 algo=nsga2 run_id=7 2026-08-26T01:09:53+00:00
[start] instance=ns440 algo=moead run_id=3 angle=300.000000000000 wind=8.000000000000 stop_criteria=1000000 stn_p=10 stn_interval=50 2026-08-26T01:09:53+00:00
9

Number of subproblems: 100
Number of neighbors: 10
Number of fixed turbines: 27
Number of mobile turbines: 140
Wind: 8.000000000000
Angle: 300.000000000000
Run id: 3
Stop criteria: 1000000
STN P (num vectors): 10
STN logger interval: 50

Run time:
[done]  instance=ns202 algo=nsga2 run_id=2 2026-08-26T01:10:39+00:00
[start] instance=ns440 algo=moead run_id=4 angle=210.000000000000 wind=8.000000000000 stop_criteria=1000000 stn_p=10 stn_interval=50 2026-08-26T01:10:39+00:00
9

Number of subproblems: 100
Number of neighbors: 10
Number of fixed turbines: 27
Number of mobile turbines: 140
Wind: 8.000000000000
Angle: 210.000000000000
Run id: 4
Stop criteria: 1000000
STN P (num vectors): 10
STN logger interval: 50

Run time:
[done]  instance=ns202 algo=nsga2 run_id=9 2026-08-26T01:11:01+00:00
[start] instance=ns440 algo=moead run_id=5 angle=60.000000000000 wind=11.000000000000 stop_criteria=1000000 stn_p=10 stn_interval=50 2026-08-26T01:11:01+00:00
9

Number of subproblems: 100
Number of neighbors: 10
Number of fixed turbines: 27
Number of mobile turbines: 140
Wind: 11.000000000000
Angle: 60.000000000000
Run id: 5
Stop criteria: 1000000
STN P (num vectors): 10
STN logger interval: 50

Run time:
[done]  instance=ns202 algo=nsga2 run_id=8 2026-08-26T01:11:40+00:00
[start] instance=ns440 algo=moead run_id=6 angle=150.000000000000 wind=8.000000000000 stop_criteria=1000000 stn_p=10 stn_interval=50 2026-08-26T01:11:40+00:00
9

Number of subproblems: 100
Number of neighbors: 10
Number of fixed turbines: 27
Number of mobile turbines: 140
Wind: 8.000000000000
Angle: 150.000000000000
Run id: 6
Stop criteria: 1000000
STN P (num vectors): 10
STN logger interval: 50

Run time:
[done]  instance=ns202 algo=nsga2 run_id=5 2026-08-26T01:12:11+00:00
[start] instance=ns440 algo=moead run_id=7 angle=0.000000000000 wind=7.000000000000 stop_criteria=1000000 stn_p=10 stn_interval=50 2026-08-26T01:12:12+00:00
9

Number of subproblems: 100
Number of neighbors: 10
Number of fixed turbines: 27
Number of mobile turbines: 140
Wind: 7.000000000000
Angle: 0.000000000000
Run id: 7
Stop criteria: 1000000
STN P (num vectors): 10
STN logger interval: 50

Run time:
[done]  instance=ns202 algo=nsga2 run_id=1 2026-08-26T01:12:15+00:00
[start] instance=ns440 algo=moead run_id=8 angle=30.000000000000 wind=4.000000000000 stop_criteria=1000000 stn_p=10 stn_interval=50 2026-08-26T01:12:15+00:00
9

Number of subproblems: 100
Number of neighbors: 10
Number of fixed turbines: 27
Number of mobile turbines: 140
Wind: 4.000000000000
Angle: 30.000000000000
Run id: 8
Stop criteria: 1000000
STN P (num vectors): 10
STN logger interval: 50

Run time:
[done]  instance=ns202 algo=nsga2 run_id=4 2026-08-26T01:12:29+00:00
[start] instance=ns440 algo=moead run_id=9 angle=210.000000000000 wind=14.000000000000 stop_criteria=1000000 stn_p=10 stn_interval=50 2026-08-26T01:12:29+00:00
9

Number of subproblems: 100
Number of neighbors: 10
Number of fixed turbines: 27
Number of mobile turbines: 140
Wind: 14.000000000000
Angle: 210.000000000000
Run id: 9
Stop criteria: 1000000
STN P (num vectors): 10
STN logger interval: 50

Run time:
[done]  instance=ns202 algo=nsga2 run_id=6 2026-08-26T01:12:38+00:00
[start] instance=ns440 algo=nsga2 run_id=0 angle=240.000000000000 wind=9.000000000000 stop_criteria=1000000 stn_p=10 stn_interval=50 2026-08-26T01:12:38+00:00
9

Number of subproblems: 100
Number of neighbors: 10
Number of fixed turbines: 27
Number of mobile turbines: 140
Wind: 9.000000000000
Angle: 240.000000000000
Run id: 0
Stop criteria: 1000000
STN P (num vectors): 10
STN logger interval: 50

Run time:
[done]  instance=ns41 algo=nsga2 run_id=4 2026-08-26T01:15:07+00:00
[start] instance=ns440 algo=nsga2 run_id=1 angle=240.000000000000 wind=16.000000000000 stop_criteria=1000000 stn_p=10 stn_interval=50 2026-08-26T01:15:07+00:00
9

Number of subproblems: 100
Number of neighbors: 10
Number of fixed turbines: 27
Number of mobile turbines: 140
Wind: 16.000000000000
Angle: 240.000000000000
Run id: 1
Stop criteria: 1000000
STN P (num vectors): 10
STN logger interval: 50

Run time:
[done]  instance=ns41 algo=nsga2 run_id=9 2026-08-26T01:15:19+00:00
[start] instance=ns440 algo=nsga2 run_id=2 angle=240.000000000000 wind=8.000000000000 stop_criteria=1000000 stn_p=10 stn_interval=50 2026-08-26T01:15:19+00:00
9

Number of subproblems: 100
Number of neighbors: 10
Number of fixed turbines: 27
Number of mobile turbines: 140
Wind: 8.000000000000
Angle: 240.000000000000
Run id: 2
Stop criteria: 1000000
STN P (num vectors): 10
STN logger interval: 50

Run time:
[done]  instance=ns41 algo=nsga2 run_id=6 2026-08-26T01:17:30+00:00
[start] instance=ns440 algo=nsga2 run_id=3 angle=300.000000000000 wind=8.000000000000 stop_criteria=1000000 stn_p=10 stn_interval=50 2026-08-26T01:17:30+00:00
9

Number of subproblems: 100
Number of neighbors: 10
Number of fixed turbines: 27
Number of mobile turbines: 140
Wind: 8.000000000000
Angle: 300.000000000000
Run id: 3
Stop criteria: 1000000
STN P (num vectors): 10
STN logger interval: 50

Run time:
[done]  instance=ns203 algo=nsga2 run_id=1 2026-08-26T01:17:32+00:00
[start] instance=ns440 algo=nsga2 run_id=4 angle=210.000000000000 wind=8.000000000000 stop_criteria=1000000 stn_p=10 stn_interval=50 2026-08-26T01:17:32+00:00
9

Number of subproblems: 100
Number of neighbors: 10
Number of fixed turbines: 27
Number of mobile turbines: 140
Wind: 8.000000000000
Angle: 210.000000000000
Run id: 4
Stop criteria: 1000000
STN P (num vectors): 10
STN logger interval: 50

Run time:
[done]  instance=ns203 algo=nsga2 run_id=2 2026-08-26T01:18:37+00:00
[done]  instance=ns203 algo=nsga2 run_id=9 2026-08-26T01:18:37+00:00
[start] instance=ns440 algo=nsga2 run_id=5 angle=60.000000000000 wind=11.000000000000 stop_criteria=1000000 stn_p=10 stn_interval=50 2026-08-26T01:18:38+00:00
9

Number of subproblems: 100
Number of neighbors: 10
Number of fixed turbines: 27
Number of mobile turbines: 140
Wind: 11.000000000000
Angle: 60.000000000000
Run id: 5
Stop criteria: 1000000
STN P (num vectors): 10
STN logger interval: 50

Run time:
[start] instance=ns440 algo=nsga2 run_id=6 angle=150.000000000000 wind=8.000000000000 stop_criteria=1000000 stn_p=10 stn_interval=50 2026-08-26T01:18:38+00:00
9

Number of subproblems: 100
Number of neighbors: 10
Number of fixed turbines: 27
Number of mobile turbines: 140
Wind: 8.000000000000
Angle: 150.000000000000
Run id: 6
Stop criteria: 1000000
STN P (num vectors): 10
STN logger interval: 50

Run time:
[done]  instance=ns203 algo=nsga2 run_id=0 2026-08-26T01:18:49+00:00
[start] instance=ns440 algo=nsga2 run_id=7 angle=0.000000000000 wind=7.000000000000 stop_criteria=1000000 stn_p=10 stn_interval=50 2026-08-26T01:18:49+00:00
9

Number of subproblems: 100
Number of neighbors: 10
Number of fixed turbines: 27
Number of mobile turbines: 140
Wind: 7.000000000000
Angle: 0.000000000000
Run id: 7
Stop criteria: 1000000
STN P (num vectors): 10
STN logger interval: 50

Run time:
[done]  instance=ns203 algo=nsga2 run_id=3 2026-08-26T01:19:01+00:00
[start] instance=ns440 algo=nsga2 run_id=8 angle=30.000000000000 wind=4.000000000000 stop_criteria=1000000 stn_p=10 stn_interval=50 2026-08-26T01:19:01+00:00
9

Number of subproblems: 100
Number of neighbors: 10
Number of fixed turbines: 27
Number of mobile turbines: 140
Wind: 4.000000000000
Angle: 30.000000000000
Run id: 8
Stop criteria: 1000000
STN P (num vectors): 10
STN logger interval: 50

Run time:
[done]  instance=ns203 algo=nsga2 run_id=5 2026-08-26T01:19:04+00:00
[start] instance=ns440 algo=nsga2 run_id=9 angle=210.000000000000 wind=14.000000000000 stop_criteria=1000000 stn_p=10 stn_interval=50 2026-08-26T01:19:04+00:00
9

Number of subproblems: 100
Number of neighbors: 10
Number of fixed turbines: 27
Number of mobile turbines: 140
Wind: 14.000000000000
Angle: 210.000000000000
Run id: 9
Stop criteria: 1000000
STN P (num vectors): 10
STN logger interval: 50

Run time:
[done]  instance=ns203 algo=nsga2 run_id=4 2026-08-26T01:19:21+00:00
[start] instance=ns465 algo=moead run_id=0 angle=120.000000000000 wind=15.000000000000 stop_criteria=1000000 stn_p=10 stn_interval=50 2026-08-26T01:19:21+00:00
9

Number of subproblems: 100
Number of neighbors: 10
Number of fixed turbines: 20
Number of mobile turbines: 79
Wind: 15.000000000000
Angle: 120.000000000000
Run id: 0
Stop criteria: 1000000
STN P (num vectors): 10
STN logger interval: 50

Run time:
[done]  instance=ns203 algo=nsga2 run_id=6 2026-08-26T01:19:54+00:00
[start] instance=ns465 algo=moead run_id=1 angle=30.000000000000 wind=9.000000000000 stop_criteria=1000000 stn_p=10 stn_interval=50 2026-08-26T01:19:54+00:00
9

Number of subproblems: 100
Number of neighbors: 10
Number of fixed turbines: 20
Number of mobile turbines: 79
Wind: 9.000000000000
Angle: 30.000000000000
Run id: 1
Stop criteria: 1000000
STN P (num vectors): 10
STN logger interval: 50

Run time:
[done]  instance=ns203 algo=nsga2 run_id=7 2026-08-26T01:20:23+00:00
[start] instance=ns465 algo=moead run_id=2 angle=210.000000000000 wind=3.000000000000 stop_criteria=1000000 stn_p=10 stn_interval=50 2026-08-26T01:20:23+00:00
9

Number of subproblems: 100
Number of neighbors: 10
Number of fixed turbines: 20
Number of mobile turbines: 79
Wind: 3.000000000000
Angle: 210.000000000000
Run id: 2
Stop criteria: 1000000
STN P (num vectors): 10
STN logger interval: 50

Run time:
[done]  instance=ns41 algo=nsga2 run_id=8 2026-08-26T01:21:02+00:00
[start] instance=ns465 algo=moead run_id=3 angle=210.000000000000 wind=11.000000000000 stop_criteria=1000000 stn_p=10 stn_interval=50 2026-08-26T01:21:02+00:00
9

Number of subproblems: 100
Number of neighbors: 10
Number of fixed turbines: 20
Number of mobile turbines: 79
Wind: 11.000000000000
Angle: 210.000000000000
Run id: 3
Stop criteria: 1000000
STN P (num vectors): 10
STN logger interval: 50

Run time:
[done]  instance=ns41 algo=nsga2 run_id=7 2026-08-26T01:21:02+00:00
[start] instance=ns465 algo=moead run_id=4 angle=180.000000000000 wind=20.000000000000 stop_criteria=1000000 stn_p=10 stn_interval=50 2026-08-26T01:21:02+00:00
9

Number of subproblems: 100
Number of neighbors: 10
Number of fixed turbines: 20
Number of mobile turbines: 79
Wind: 20.000000000000
Angle: 180.000000000000
Run id: 4
Stop criteria: 1000000
STN P (num vectors): 10
STN logger interval: 50

Run time:
[done]  instance=ns203 algo=nsga2 run_id=8 2026-08-26T01:21:10+00:00
[start] instance=ns465 algo=moead run_id=5 angle=60.000000000000 wind=10.000000000000 stop_criteria=1000000 stn_p=10 stn_interval=50 2026-08-26T01:21:10+00:00
9

Number of subproblems: 100
Number of neighbors: 10
Number of fixed turbines: 20
Number of mobile turbines: 79
Wind: 10.000000000000
Angle: 60.000000000000
Run id: 5
Stop criteria: 1000000
STN P (num vectors): 10
STN logger interval: 50

Run time:
[done]  instance=ns41 algo=nsga2 run_id=0 2026-08-26T01:21:53+00:00
[start] instance=ns465 algo=moead run_id=6 angle=60.000000000000 wind=12.000000000000 stop_criteria=1000000 stn_p=10 stn_interval=50 2026-08-26T01:21:53+00:00
9

Number of subproblems: 100
Number of neighbors: 10
Number of fixed turbines: 20
Number of mobile turbines: 79
Wind: 12.000000000000
Angle: 60.000000000000
Run id: 6
Stop criteria: 1000000
STN P (num vectors): 10
STN logger interval: 50

Run time:
[done]  instance=ns41 algo=nsga2 run_id=5 2026-08-26T01:22:23+00:00
[start] instance=ns465 algo=moead run_id=7 angle=30.000000000000 wind=3.000000000000 stop_criteria=1000000 stn_p=10 stn_interval=50 2026-08-26T01:22:23+00:00
9

Number of subproblems: 100
Number of neighbors: 10
Number of fixed turbines: 20
Number of mobile turbines: 79
Wind: 3.000000000000
Angle: 30.000000000000
Run id: 7
Stop criteria: 1000000
STN P (num vectors): 10
STN logger interval: 50

Run time:
[done]  instance=ns440 algo=moead run_id=0 2026-08-26T01:22:55+00:00
[start] instance=ns465 algo=moead run_id=8 angle=210.000000000000 wind=13.000000000000 stop_criteria=1000000 stn_p=10 stn_interval=50 2026-08-26T01:22:55+00:00
9

Number of subproblems: 100
Number of neighbors: 10
Number of fixed turbines: 20
Number of mobile turbines: 79
Wind: 13.000000000000
Angle: 210.000000000000
Run id: 8
Stop criteria: 1000000
STN P (num vectors): 10
STN logger interval: 50

Run time:
[done]  instance=ns41 algo=nsga2 run_id=2 2026-08-26T01:23:40+00:00
[start] instance=ns465 algo=moead run_id=9 angle=120.000000000000 wind=8.000000000000 stop_criteria=1000000 stn_p=10 stn_interval=50 2026-08-26T01:23:40+00:00
9

Number of subproblems: 100
Number of neighbors: 10
Number of fixed turbines: 20
Number of mobile turbines: 79
Wind: 8.000000000000
Angle: 120.000000000000
Run id: 9
Stop criteria: 1000000
STN P (num vectors): 10
STN logger interval: 50

Run time:
[done]  instance=ns440 algo=moead run_id=7 2026-08-26T01:24:33+00:00
[start] instance=ns465 algo=nsga2 run_id=0 angle=120.000000000000 wind=15.000000000000 stop_criteria=1000000 stn_p=10 stn_interval=50 2026-08-26T01:24:33+00:00
9

Number of subproblems: 100
Number of neighbors: 10
Number of fixed turbines: 20
Number of mobile turbines: 79
Wind: 15.000000000000
Angle: 120.000000000000
Run id: 0
Stop criteria: 1000000
STN P (num vectors): 10
STN logger interval: 50

Run time:
[done]  instance=ns41 algo=nsga2 run_id=3 2026-08-26T01:25:02+00:00
[start] instance=ns465 algo=nsga2 run_id=1 angle=30.000000000000 wind=9.000000000000 stop_criteria=1000000 stn_p=10 stn_interval=50 2026-08-26T01:25:03+00:00
9

Number of subproblems: 100
Number of neighbors: 10
Number of fixed turbines: 20
Number of mobile turbines: 79
Wind: 9.000000000000
Angle: 30.000000000000
Run id: 1
Stop criteria: 1000000
STN P (num vectors): 10
STN logger interval: 50

Run time:
[done]  instance=ns465 algo=moead run_id=1 2026-08-26T01:26:42+00:00
[start] instance=ns465 algo=nsga2 run_id=2 angle=210.000000000000 wind=3.000000000000 stop_criteria=1000000 stn_p=10 stn_interval=50 2026-08-26T01:26:42+00:00
9

Number of subproblems: 100
Number of neighbors: 10
Number of fixed turbines: 20
Number of mobile turbines: 79
Wind: 3.000000000000
Angle: 210.000000000000
Run id: 2
Stop criteria: 1000000
STN P (num vectors): 10
STN logger interval: 50

Run time:
[done]  instance=ns465 algo=moead run_id=0 2026-08-26T01:27:00+00:00
[start] instance=ns465 algo=nsga2 run_id=3 angle=210.000000000000 wind=11.000000000000 stop_criteria=1000000 stn_p=10 stn_interval=50 2026-08-26T01:27:00+00:00
9

Number of subproblems: 100
Number of neighbors: 10
Number of fixed turbines: 20
Number of mobile turbines: 79
Wind: 11.000000000000
Angle: 210.000000000000
Run id: 3
Stop criteria: 1000000
STN P (num vectors): 10
STN logger interval: 50

Run time:
[done]  instance=ns465 algo=moead run_id=2 2026-08-26T01:28:57+00:00
[start] instance=ns465 algo=nsga2 run_id=4 angle=180.000000000000 wind=20.000000000000 stop_criteria=1000000 stn_p=10 stn_interval=50 2026-08-26T01:28:57+00:00
9

Number of subproblems: 100
Number of neighbors: 10
Number of fixed turbines: 20
Number of mobile turbines: 79
Wind: 20.000000000000
Angle: 180.000000000000
Run id: 4
Stop criteria: 1000000
STN P (num vectors): 10
STN logger interval: 50

Run time:
[done]  instance=ns465 algo=moead run_id=5 2026-08-26T01:29:01+00:00
[start] instance=ns465 algo=nsga2 run_id=5 angle=60.000000000000 wind=10.000000000000 stop_criteria=1000000 stn_p=10 stn_interval=50 2026-08-26T01:29:01+00:00
9

Number of subproblems: 100
Number of neighbors: 10
Number of fixed turbines: 20
Number of mobile turbines: 79
Wind: 10.000000000000
Angle: 60.000000000000
Run id: 5
Stop criteria: 1000000
STN P (num vectors): 10
STN logger interval: 50

Run time:
[done]  instance=ns465 algo=moead run_id=4 2026-08-26T01:29:10+00:00
[start] instance=ns465 algo=nsga2 run_id=6 angle=60.000000000000 wind=12.000000000000 stop_criteria=1000000 stn_p=10 stn_interval=50 2026-08-26T01:29:11+00:00
9

Number of subproblems: 100
Number of neighbors: 10
Number of fixed turbines: 20
Number of mobile turbines: 79
Wind: 12.000000000000
Angle: 60.000000000000
Run id: 6
Stop criteria: 1000000
STN P (num vectors): 10
STN logger interval: 50

Run time:
[done]  instance=ns465 algo=moead run_id=3 2026-08-26T01:30:07+00:00
[start] instance=ns465 algo=nsga2 run_id=7 angle=30.000000000000 wind=3.000000000000 stop_criteria=1000000 stn_p=10 stn_interval=50 2026-08-26T01:30:07+00:00
9

Number of subproblems: 100
Number of neighbors: 10
Number of fixed turbines: 20
Number of mobile turbines: 79
Wind: 3.000000000000
Angle: 30.000000000000
Run id: 7
Stop criteria: 1000000
STN P (num vectors): 10
STN logger interval: 50

Run time:
[done]  instance=ns465 algo=moead run_id=7 2026-08-26T01:30:25+00:00
[start] instance=ns465 algo=nsga2 run_id=8 angle=210.000000000000 wind=13.000000000000 stop_criteria=1000000 stn_p=10 stn_interval=50 2026-08-26T01:30:25+00:00
9

Number of subproblems: 100
Number of neighbors: 10
Number of fixed turbines: 20
Number of mobile turbines: 79
Wind: 13.000000000000
Angle: 210.000000000000
Run id: 8
Stop criteria: 1000000
STN P (num vectors): 10
STN logger interval: 50

Run time:
[done]  instance=ns465 algo=moead run_id=6 2026-08-26T01:30:33+00:00
[start] instance=ns465 algo=nsga2 run_id=9 angle=120.000000000000 wind=8.000000000000 stop_criteria=1000000 stn_p=10 stn_interval=50 2026-08-26T01:30:33+00:00
9

Number of subproblems: 100
Number of neighbors: 10
Number of fixed turbines: 20
Number of mobile turbines: 79
Wind: 8.000000000000
Angle: 120.000000000000
Run id: 9
Stop criteria: 1000000
STN P (num vectors): 10
STN logger interval: 50

Run time:
[done]  instance=ns440 algo=moead run_id=1 2026-08-26T01:30:45+00:00
[start] instance=ns488 algo=moead run_id=0 angle=240.000000000000 wind=10.000000000000 stop_criteria=1000000 stn_p=10 stn_interval=50 2026-08-26T01:30:45+00:00
9

Number of subproblems: 100
Number of neighbors: 10
Number of fixed turbines: 9
Number of mobile turbines: 40
Wind: 10.000000000000
Angle: 240.000000000000
Run id: 0
Stop criteria: 1000000
STN P (num vectors): 10
STN logger interval: 50

Run time:
[done]  instance=ns440 algo=moead run_id=5 2026-08-26T01:32:18+00:00
[start] instance=ns488 algo=moead run_id=1 angle=330.000000000000 wind=5.000000000000 stop_criteria=1000000 stn_p=10 stn_interval=50 2026-08-26T01:32:18+00:00
9

Number of subproblems: 100
Number of neighbors: 10
Number of fixed turbines: 9
Number of mobile turbines: 40
Wind: 5.000000000000
Angle: 330.000000000000
Run id: 1
Stop criteria: 1000000
STN P (num vectors): 10
STN logger interval: 50

Run time:
[done]  instance=ns465 algo=moead run_id=8 2026-08-26T01:32:25+00:00
[start] instance=ns488 algo=moead run_id=2 angle=150.000000000000 wind=13.000000000000 stop_criteria=1000000 stn_p=10 stn_interval=50 2026-08-26T01:32:26+00:00
9

Number of subproblems: 100
Number of neighbors: 10
Number of fixed turbines: 9
Number of mobile turbines: 40
Wind: 13.000000000000
Angle: 150.000000000000
Run id: 2
Stop criteria: 1000000
STN P (num vectors): 10
STN logger interval: 50

Run time:
[done]  instance=ns440 algo=moead run_id=2 2026-08-26T01:32:42+00:00
[start] instance=ns488 algo=moead run_id=3 angle=240.000000000000 wind=12.000000000000 stop_criteria=1000000 stn_p=10 stn_interval=50 2026-08-26T01:32:42+00:00
9

Number of subproblems: 100
Number of neighbors: 10
Number of fixed turbines: 9
Number of mobile turbines: 40
Wind: 12.000000000000
Angle: 240.000000000000
Run id: 3
Stop criteria: 1000000
STN P (num vectors): 10
STN logger interval: 50

Run time:
[done]  instance=ns465 algo=moead run_id=9 2026-08-26T01:32:53+00:00
[start] instance=ns488 algo=moead run_id=4 angle=30.000000000000 wind=7.000000000000 stop_criteria=1000000 stn_p=10 stn_interval=50 2026-08-26T01:32:53+00:00
9

Number of subproblems: 100
Number of neighbors: 10
Number of fixed turbines: 9
Number of mobile turbines: 40
Wind: 7.000000000000
Angle: 30.000000000000
Run id: 4
Stop criteria: 1000000
STN P (num vectors): 10
STN logger interval: 50

Run time:
[done]  instance=ns488 algo=moead run_id=0 2026-08-26T01:33:19+00:00
[start] instance=ns488 algo=moead run_id=5 angle=180.000000000000 wind=7.000000000000 stop_criteria=1000000 stn_p=10 stn_interval=50 2026-08-26T01:33:19+00:00
9

Number of subproblems: 100
Number of neighbors: 10
Number of fixed turbines: 9
Number of mobile turbines: 40
Wind: 7.000000000000
Angle: 180.000000000000
Run id: 5
Stop criteria: 1000000
STN P (num vectors): 10
STN logger interval: 50

Run time:
[done]  instance=ns440 algo=moead run_id=3 2026-08-26T01:33:28+00:00
[start] instance=ns488 algo=moead run_id=6 angle=60.000000000000 wind=3.000000000000 stop_criteria=1000000 stn_p=10 stn_interval=50 2026-08-26T01:33:28+00:00
9

Number of subproblems: 100
Number of neighbors: 10
Number of fixed turbines: 9
Number of mobile turbines: 40
Wind: 3.000000000000
Angle: 60.000000000000
Run id: 6
Stop criteria: 1000000
STN P (num vectors): 10
STN logger interval: 50

Run time:
[done]  instance=ns440 algo=moead run_id=8 2026-08-26T01:34:09+00:00
[start] instance=ns488 algo=moead run_id=7 angle=0.000000000000 wind=8.000000000000 stop_criteria=1000000 stn_p=10 stn_interval=50 2026-08-26T01:34:09+00:00
9

Number of subproblems: 100
Number of neighbors: 10
Number of fixed turbines: 9
Number of mobile turbines: 40
Wind: 8.000000000000
Angle: 0.000000000000
Run id: 7
Stop criteria: 1000000
STN P (num vectors): 10
STN logger interval: 50

Run time:
[done]  instance=ns440 algo=moead run_id=6 2026-08-26T01:34:31+00:00
[start] instance=ns488 algo=moead run_id=8 angle=120.000000000000 wind=9.000000000000 stop_criteria=1000000 stn_p=10 stn_interval=50 2026-08-26T01:34:32+00:00
9

Number of subproblems: 100
Number of neighbors: 10
Number of fixed turbines: 9
Number of mobile turbines: 40
Wind: 9.000000000000
Angle: 120.000000000000
Run id: 8
Stop criteria: 1000000
STN P (num vectors): 10
STN logger interval: 50

Run time:
[done]  instance=ns488 algo=moead run_id=1 2026-08-26T01:34:52+00:00
[start] instance=ns488 algo=moead run_id=9 angle=120.000000000000 wind=15.000000000000 stop_criteria=1000000 stn_p=10 stn_interval=50 2026-08-26T01:34:52+00:00
9

Number of subproblems: 100
Number of neighbors: 10
Number of fixed turbines: 9
Number of mobile turbines: 40
Wind: 15.000000000000
Angle: 120.000000000000
Run id: 9
Stop criteria: 1000000
STN P (num vectors): 10
STN logger interval: 50

Run time:
[done]  instance=ns488 algo=moead run_id=4 2026-08-26T01:35:07+00:00
[start] instance=ns488 algo=nsga2 run_id=0 angle=240.000000000000 wind=10.000000000000 stop_criteria=1000000 stn_p=10 stn_interval=50 2026-08-26T01:35:07+00:00
9

Number of subproblems: 100
Number of neighbors: 10
Number of fixed turbines: 9
Number of mobile turbines: 40
Wind: 10.000000000000
Angle: 240.000000000000
Run id: 0
Stop criteria: 1000000
STN P (num vectors): 10
STN logger interval: 50

Run time:
[done]  instance=ns488 algo=moead run_id=3 2026-08-26T01:35:15+00:00
[start] instance=ns488 algo=nsga2 run_id=1 angle=330.000000000000 wind=5.000000000000 stop_criteria=1000000 stn_p=10 stn_interval=50 2026-08-26T01:35:15+00:00
9

Number of subproblems: 100
Number of neighbors: 10
Number of fixed turbines: 9
Number of mobile turbines: 40
Wind: 5.000000000000
Angle: 330.000000000000
Run id: 1
Stop criteria: 1000000
STN P (num vectors): 10
STN logger interval: 50

Run time:
[done]  instance=ns488 algo=moead run_id=2 2026-08-26T01:35:23+00:00
[start] instance=ns488 algo=nsga2 run_id=2 angle=150.000000000000 wind=13.000000000000 stop_criteria=1000000 stn_p=10 stn_interval=50 2026-08-26T01:35:23+00:00
9

Number of subproblems: 100
Number of neighbors: 10
Number of fixed turbines: 9
Number of mobile turbines: 40
Wind: 13.000000000000
Angle: 150.000000000000
Run id: 2
Stop criteria: 1000000
STN P (num vectors): 10
STN logger interval: 50

Run time:
[done]  instance=ns488 algo=moead run_id=7 2026-08-26T01:35:36+00:00
[start] instance=ns488 algo=nsga2 run_id=3 angle=240.000000000000 wind=12.000000000000 stop_criteria=1000000 stn_p=10 stn_interval=50 2026-08-26T01:35:36+00:00
9

Number of subproblems: 100
Number of neighbors: 10
Number of fixed turbines: 9
Number of mobile turbines: 40
Wind: 12.000000000000
Angle: 240.000000000000
Run id: 3
Stop criteria: 1000000
STN P (num vectors): 10
STN logger interval: 50

Run time:
[done]  instance=ns488 algo=moead run_id=5 2026-08-26T01:35:49+00:00
[start] instance=ns488 algo=nsga2 run_id=4 angle=30.000000000000 wind=7.000000000000 stop_criteria=1000000 stn_p=10 stn_interval=50 2026-08-26T01:35:49+00:00
9

Number of subproblems: 100
Number of neighbors: 10
Number of fixed turbines: 9
Number of mobile turbines: 40
Wind: 7.000000000000
Angle: 30.000000000000
Run id: 4
Stop criteria: 1000000
STN P (num vectors): 10
STN logger interval: 50

Run time:
[done]  instance=ns440 algo=moead run_id=4 2026-08-26T01:36:09+00:00
[start] instance=ns488 algo=nsga2 run_id=5 angle=180.000000000000 wind=7.000000000000 stop_criteria=1000000 stn_p=10 stn_interval=50 2026-08-26T01:36:09+00:00
9

Number of subproblems: 100
Number of neighbors: 10
Number of fixed turbines: 9
Number of mobile turbines: 40
Wind: 7.000000000000
Angle: 180.000000000000
Run id: 5
Stop criteria: 1000000
STN P (num vectors): 10
STN logger interval: 50

Run time:
[done]  instance=ns488 algo=moead run_id=6 2026-08-26T01:36:12+00:00
[start] instance=ns488 algo=nsga2 run_id=6 angle=60.000000000000 wind=3.000000000000 stop_criteria=1000000 stn_p=10 stn_interval=50 2026-08-26T01:36:12+00:00
9

Number of subproblems: 100
Number of neighbors: 10
Number of fixed turbines: 9
Number of mobile turbines: 40
Wind: 3.000000000000
Angle: 60.000000000000
Run id: 6
Stop criteria: 1000000
STN P (num vectors): 10
STN logger interval: 50

Run time:
[done]  instance=ns488 algo=moead run_id=9 2026-08-26T01:37:16+00:00
[start] instance=ns488 algo=nsga2 run_id=7 angle=0.000000000000 wind=8.000000000000 stop_criteria=1000000 stn_p=10 stn_interval=50 2026-08-26T01:37:16+00:00
9

Number of subproblems: 100
Number of neighbors: 10
Number of fixed turbines: 9
Number of mobile turbines: 40
Wind: 8.000000000000
Angle: 0.000000000000
Run id: 7
Stop criteria: 1000000
STN P (num vectors): 10
STN logger interval: 50

Run time:
[done]  instance=ns488 algo=moead run_id=8 2026-08-26T01:37:29+00:00
[start] instance=ns488 algo=nsga2 run_id=8 angle=120.000000000000 wind=9.000000000000 stop_criteria=1000000 stn_p=10 stn_interval=50 2026-08-26T01:37:29+00:00
9

Number of subproblems: 100
Number of neighbors: 10
Number of fixed turbines: 9
Number of mobile turbines: 40
Wind: 9.000000000000
Angle: 120.000000000000
Run id: 8
Stop criteria: 1000000
STN P (num vectors): 10
STN logger interval: 50

Run time:
[done]  instance=ns440 algo=moead run_id=9 2026-08-26T01:37:45+00:00
[start] instance=ns488 algo=nsga2 run_id=9 angle=120.000000000000 wind=15.000000000000 stop_criteria=1000000 stn_p=10 stn_interval=50 2026-08-26T01:37:45+00:00
9

Number of subproblems: 100
Number of neighbors: 10
Number of fixed turbines: 9
Number of mobile turbines: 40
Wind: 15.000000000000
Angle: 120.000000000000
Run id: 9
Stop criteria: 1000000
STN P (num vectors): 10
STN logger interval: 50

Run time:
[done]  instance=ns488 algo=nsga2 run_id=7 2026-08-26T01:54:24+00:00
[start] instance=ns41 algo=moead run_id=0 angle=330.000000000000 wind=13.000000000000 stop_criteria=1000000 stn_p=50 stn_interval=50 2026-08-26T01:54:25+00:00
9

Number of subproblems: 100
Number of neighbors: 10
Number of fixed turbines: 36
Number of mobile turbines: 123
Wind: 13.000000000000
Angle: 330.000000000000
Run id: 0
Stop criteria: 1000000
STN P (num vectors): 50
STN logger interval: 50

Run time:
[done]  instance=ns488 algo=nsga2 run_id=2 2026-08-26T01:55:07+00:00
[start] instance=ns41 algo=moead run_id=1 angle=0.000000000000 wind=2.000000000000 stop_criteria=1000000 stn_p=50 stn_interval=50 2026-08-26T01:55:07+00:00
9

Number of subproblems: 100
Number of neighbors: 10
Number of fixed turbines: 36
Number of mobile turbines: 123
Wind: 2.000000000000
Angle: 0.000000000000
Run id: 1
Stop criteria: 1000000
STN P (num vectors): 50
STN logger interval: 50

Run time:
[done]  instance=ns488 algo=nsga2 run_id=3 2026-08-26T01:55:11+00:00
[start] instance=ns41 algo=moead run_id=2 angle=330.000000000000 wind=3.000000000000 stop_criteria=1000000 stn_p=50 stn_interval=50 2026-08-26T01:55:11+00:00
9

Number of subproblems: 100
Number of neighbors: 10
Number of fixed turbines: 36
Number of mobile turbines: 123
Wind: 3.000000000000
Angle: 330.000000000000
Run id: 2
Stop criteria: 1000000
STN P (num vectors): 50
STN logger interval: 50

Run time:
[done]  instance=ns488 algo=nsga2 run_id=6 2026-08-26T01:55:18+00:00
[start] instance=ns41 algo=moead run_id=3 angle=150.000000000000 wind=7.000000000000 stop_criteria=1000000 stn_p=50 stn_interval=50 2026-08-26T01:55:18+00:00
9

Number of subproblems: 100
Number of neighbors: 10
Number of fixed turbines: 36
Number of mobile turbines: 123
Wind: 7.000000000000
Angle: 150.000000000000
Run id: 3
Stop criteria: 1000000
STN P (num vectors): 50
STN logger interval: 50

Run time:
[done]  instance=ns488 algo=nsga2 run_id=4 2026-08-26T01:55:21+00:00
[start] instance=ns41 algo=moead run_id=4 angle=150.000000000000 wind=12.000000000000 stop_criteria=1000000 stn_p=50 stn_interval=50 2026-08-26T01:55:21+00:00
9

Number of subproblems: 100
Number of neighbors: 10
Number of fixed turbines: 36
Number of mobile turbines: 123
Wind: 12.000000000000
Angle: 150.000000000000
Run id: 4
Stop criteria: 1000000
STN P (num vectors): 50
STN logger interval: 50

Run time:
[done]  instance=ns488 algo=nsga2 run_id=9 2026-08-26T01:56:15+00:00
[start] instance=ns41 algo=moead run_id=5 angle=150.000000000000 wind=7.000000000000 stop_criteria=1000000 stn_p=50 stn_interval=50 2026-08-26T01:56:15+00:00
9

Number of subproblems: 100
Number of neighbors: 10
Number of fixed turbines: 36
Number of mobile turbines: 123
Wind: 7.000000000000
Angle: 150.000000000000
Run id: 5
Stop criteria: 1000000
STN P (num vectors): 50
STN logger interval: 50

Run time:
[done]  instance=ns488 algo=nsga2 run_id=1 2026-08-26T01:56:18+00:00
[start] instance=ns41 algo=moead run_id=6 angle=60.000000000000 wind=6.000000000000 stop_criteria=1000000 stn_p=50 stn_interval=50 2026-08-26T01:56:18+00:00
9

Number of subproblems: 100
Number of neighbors: 10
Number of fixed turbines: 36
Number of mobile turbines: 123
Wind: 6.000000000000
Angle: 60.000000000000
Run id: 6
Stop criteria: 1000000
STN P (num vectors): 50
STN logger interval: 50

Run time:
[done]  instance=ns488 algo=nsga2 run_id=5 2026-08-26T01:56:21+00:00
[start] instance=ns41 algo=moead run_id=7 angle=240.000000000000 wind=11.000000000000 stop_criteria=1000000 stn_p=50 stn_interval=50 2026-08-26T01:56:21+00:00
9

Number of subproblems: 100
Number of neighbors: 10
Number of fixed turbines: 36
Number of mobile turbines: 123
Wind: 11.000000000000
Angle: 240.000000000000
Run id: 7
Stop criteria: 1000000
STN P (num vectors): 50
STN logger interval: 50

Run time:
[done]  instance=ns488 algo=nsga2 run_id=0 2026-08-26T01:56:55+00:00
[start] instance=ns41 algo=moead run_id=8 angle=210.000000000000 wind=15.000000000000 stop_criteria=1000000 stn_p=50 stn_interval=50 2026-08-26T01:56:55+00:00
9

Number of subproblems: 100
Number of neighbors: 10
Number of fixed turbines: 36
Number of mobile turbines: 123
Wind: 15.000000000000
Angle: 210.000000000000
Run id: 8
Stop criteria: 1000000
STN P (num vectors): 50
STN logger interval: 50

Run time:
[done]  instance=ns488 algo=nsga2 run_id=8 2026-08-26T01:58:51+00:00
[start] instance=ns41 algo=moead run_id=9 angle=180.000000000000 wind=9.000000000000 stop_criteria=1000000 stn_p=50 stn_interval=50 2026-08-26T01:58:51+00:00
9

Number of subproblems: 100
Number of neighbors: 10
Number of fixed turbines: 36
Number of mobile turbines: 123
Wind: 9.000000000000
Angle: 180.000000000000
Run id: 9
Stop criteria: 1000000
STN P (num vectors): 50
STN logger interval: 50

Run time:
[done]  instance=ns41 algo=moead run_id=1 2026-08-26T02:08:52+00:00
[start] instance=ns41 algo=nsga2 run_id=0 angle=330.000000000000 wind=13.000000000000 stop_criteria=1000000 stn_p=50 stn_interval=50 2026-08-26T02:08:52+00:00
9

Number of subproblems: 100
Number of neighbors: 10
Number of fixed turbines: 36
Number of mobile turbines: 123
Wind: 13.000000000000
Angle: 330.000000000000
Run id: 0
Stop criteria: 1000000
STN P (num vectors): 50
STN logger interval: 50

Run time:
[done]  instance=ns41 algo=moead run_id=3 2026-08-26T02:16:34+00:00
[start] instance=ns41 algo=nsga2 run_id=1 angle=0.000000000000 wind=2.000000000000 stop_criteria=1000000 stn_p=50 stn_interval=50 2026-08-26T02:16:34+00:00
9

Number of subproblems: 100
Number of neighbors: 10
Number of fixed turbines: 36
Number of mobile turbines: 123
Wind: 2.000000000000
Angle: 0.000000000000
Run id: 1
Stop criteria: 1000000
STN P (num vectors): 50
STN logger interval: 50

Run time:
[done]  instance=ns41 algo=moead run_id=6 2026-08-26T02:18:55+00:00
[start] instance=ns41 algo=nsga2 run_id=2 angle=330.000000000000 wind=3.000000000000 stop_criteria=1000000 stn_p=50 stn_interval=50 2026-08-26T02:18:55+00:00
9

Number of subproblems: 100
Number of neighbors: 10
Number of fixed turbines: 36
Number of mobile turbines: 123
Wind: 3.000000000000
Angle: 330.000000000000
Run id: 2
Stop criteria: 1000000
STN P (num vectors): 50
STN logger interval: 50

Run time:
[done]  instance=ns41 algo=moead run_id=2 2026-08-26T02:19:15+00:00
[start] instance=ns41 algo=nsga2 run_id=3 angle=150.000000000000 wind=7.000000000000 stop_criteria=1000000 stn_p=50 stn_interval=50 2026-08-26T02:19:15+00:00
9

Number of subproblems: 100
Number of neighbors: 10
Number of fixed turbines: 36
Number of mobile turbines: 123
Wind: 7.000000000000
Angle: 150.000000000000
Run id: 3
Stop criteria: 1000000
STN P (num vectors): 50
STN logger interval: 50

Run time:
[done]  instance=ns41 algo=moead run_id=4 2026-08-26T02:19:37+00:00
[start] instance=ns41 algo=nsga2 run_id=4 angle=150.000000000000 wind=12.000000000000 stop_criteria=1000000 stn_p=50 stn_interval=50 2026-08-26T02:19:37+00:00
9

Number of subproblems: 100
Number of neighbors: 10
Number of fixed turbines: 36
Number of mobile turbines: 123
Wind: 12.000000000000
Angle: 150.000000000000
Run id: 4
Stop criteria: 1000000
STN P (num vectors): 50
STN logger interval: 50

Run time:
[done]  instance=ns41 algo=moead run_id=8 2026-08-26T02:20:51+00:00
[start] instance=ns41 algo=nsga2 run_id=5 angle=150.000000000000 wind=7.000000000000 stop_criteria=1000000 stn_p=50 stn_interval=50 2026-08-26T02:20:51+00:00
9

Number of subproblems: 100
Number of neighbors: 10
Number of fixed turbines: 36
Number of mobile turbines: 123
Wind: 7.000000000000
Angle: 150.000000000000
Run id: 5
Stop criteria: 1000000
STN P (num vectors): 50
STN logger interval: 50

Run time:
[done]  instance=ns41 algo=moead run_id=7 2026-08-26T02:21:34+00:00
[start] instance=ns41 algo=nsga2 run_id=6 angle=60.000000000000 wind=6.000000000000 stop_criteria=1000000 stn_p=50 stn_interval=50 2026-08-26T02:21:35+00:00
9

Number of subproblems: 100
Number of neighbors: 10
Number of fixed turbines: 36
Number of mobile turbines: 123
Wind: 6.000000000000
Angle: 60.000000000000
Run id: 6
Stop criteria: 1000000
STN P (num vectors): 50
STN logger interval: 50

Run time:
[done]  instance=ns41 algo=moead run_id=0 2026-08-26T02:22:28+00:00
[start] instance=ns41 algo=nsga2 run_id=7 angle=240.000000000000 wind=11.000000000000 stop_criteria=1000000 stn_p=50 stn_interval=50 2026-08-26T02:22:28+00:00
9

Number of subproblems: 100
Number of neighbors: 10
Number of fixed turbines: 36
Number of mobile turbines: 123
Wind: 11.000000000000
Angle: 240.000000000000
Run id: 7
Stop criteria: 1000000
STN P (num vectors): 50
STN logger interval: 50

Run time:
[done]  instance=ns41 algo=moead run_id=5 2026-08-26T02:22:50+00:00
[start] instance=ns41 algo=nsga2 run_id=8 angle=210.000000000000 wind=15.000000000000 stop_criteria=1000000 stn_p=50 stn_interval=50 2026-08-26T02:22:50+00:00
9

Number of subproblems: 100
Number of neighbors: 10
Number of fixed turbines: 36
Number of mobile turbines: 123
Wind: 15.000000000000
Angle: 210.000000000000
Run id: 8
Stop criteria: 1000000
STN P (num vectors): 50
STN logger interval: 50

Run time:
[done]  instance=ns41 algo=moead run_id=9 2026-08-26T02:22:55+00:00
[start] instance=ns41 algo=nsga2 run_id=9 angle=180.000000000000 wind=9.000000000000 stop_criteria=1000000 stn_p=50 stn_interval=50 2026-08-26T02:22:55+00:00
9

Number of subproblems: 100
Number of neighbors: 10
Number of fixed turbines: 36
Number of mobile turbines: 123
Wind: 9.000000000000
Angle: 180.000000000000
Run id: 9
Stop criteria: 1000000
STN P (num vectors): 50
STN logger interval: 50

Run time:
[done]  instance=ns465 algo=nsga2 run_id=1 2026-08-26T02:31:54+00:00
[start] instance=ns48 algo=moead run_id=0 angle=240.000000000000 wind=12.000000000000 stop_criteria=1000000 stn_p=50 stn_interval=50 2026-08-26T02:31:54+00:00
9

Number of subproblems: 100
Number of neighbors: 10
Number of fixed turbines: 32
Number of mobile turbines: 21
Wind: 12.000000000000
Angle: 240.000000000000
Run id: 0
Stop criteria: 1000000
STN P (num vectors): 50
STN logger interval: 50

Run time:
[done]  instance=ns48 algo=moead run_id=0 2026-08-26T02:34:34+00:00
[start] instance=ns48 algo=moead run_id=1 angle=60.000000000000 wind=6.000000000000 stop_criteria=1000000 stn_p=50 stn_interval=50 2026-08-26T02:34:35+00:00
9

Number of subproblems: 100
Number of neighbors: 10
Number of fixed turbines: 32
Number of mobile turbines: 21
Wind: 6.000000000000
Angle: 60.000000000000
Run id: 1
Stop criteria: 1000000
STN P (num vectors): 50
STN logger interval: 50

Run time:
[done]  instance=ns465 algo=nsga2 run_id=6 2026-08-26T02:35:07+00:00
[start] instance=ns48 algo=moead run_id=2 angle=270.000000000000 wind=6.000000000000 stop_criteria=1000000 stn_p=50 stn_interval=50 2026-08-26T02:35:07+00:00
9

Number of subproblems: 100
Number of neighbors: 10
Number of fixed turbines: 32
Number of mobile turbines: 21
Wind: 6.000000000000
Angle: 270.000000000000
Run id: 2
Stop criteria: 1000000
STN P (num vectors): 50
STN logger interval: 50

Run time:
[done]  instance=ns465 algo=nsga2 run_id=7 2026-08-26T02:36:00+00:00
[start] instance=ns48 algo=moead run_id=3 angle=120.000000000000 wind=8.000000000000 stop_criteria=1000000 stn_p=50 stn_interval=50 2026-08-26T02:36:00+00:00
9

Number of subproblems: 100
Number of neighbors: 10
Number of fixed turbines: 32
Number of mobile turbines: 21
Wind: 8.000000000000
Angle: 120.000000000000
Run id: 3
Stop criteria: 1000000
STN P (num vectors): 50
STN logger interval: 50

Run time:
[done]  instance=ns48 algo=moead run_id=1 2026-08-26T02:37:06+00:00
[start] instance=ns48 algo=moead run_id=4 angle=90.000000000000 wind=10.000000000000 stop_criteria=1000000 stn_p=50 stn_interval=50 2026-08-26T02:37:07+00:00
9

Number of subproblems: 100
Number of neighbors: 10
Number of fixed turbines: 32
Number of mobile turbines: 21
Wind: 10.000000000000
Angle: 90.000000000000
Run id: 4
Stop criteria: 1000000
STN P (num vectors): 50
STN logger interval: 50

Run time:
[done]  instance=ns465 algo=nsga2 run_id=3 2026-08-26T02:37:31+00:00
[start] instance=ns48 algo=moead run_id=5 angle=300.000000000000 wind=11.000000000000 stop_criteria=1000000 stn_p=50 stn_interval=50 2026-08-26T02:37:31+00:00
9

Number of subproblems: 100
Number of neighbors: 10
Number of fixed turbines: 32
Number of mobile turbines: 21
Wind: 11.000000000000
Angle: 300.000000000000
Run id: 5
Stop criteria: 1000000
STN P (num vectors): 50
STN logger interval: 50

Run time:
[done]  instance=ns48 algo=moead run_id=2 2026-08-26T02:37:51+00:00
[start] instance=ns48 algo=moead run_id=6 angle=180.000000000000 wind=5.000000000000 stop_criteria=1000000 stn_p=50 stn_interval=50 2026-08-26T02:37:51+00:00
9

Number of subproblems: 100
Number of neighbors: 10
Number of fixed turbines: 32
Number of mobile turbines: 21
Wind: 5.000000000000
Angle: 180.000000000000
Run id: 6
Stop criteria: 1000000
STN P (num vectors): 50
STN logger interval: 50

Run time:
[done]  instance=ns48 algo=moead run_id=3 2026-08-26T02:38:05+00:00
[start] instance=ns48 algo=moead run_id=7 angle=0.000000000000 wind=11.000000000000 stop_criteria=1000000 stn_p=50 stn_interval=50 2026-08-26T02:38:05+00:00
9

Number of subproblems: 100
Number of neighbors: 10
Number of fixed turbines: 32
Number of mobile turbines: 21
Wind: 11.000000000000
Angle: 0.000000000000
Run id: 7
Stop criteria: 1000000
STN P (num vectors): 50
STN logger interval: 50

Run time:
[done]  instance=ns465 algo=nsga2 run_id=9 2026-08-26T02:38:07+00:00
[start] instance=ns48 algo=moead run_id=8 angle=0.000000000000 wind=2.000000000000 stop_criteria=1000000 stn_p=50 stn_interval=50 2026-08-26T02:38:07+00:00
9

Number of subproblems: 100
Number of neighbors: 10
Number of fixed turbines: 32
Number of mobile turbines: 21
Wind: 2.000000000000
Angle: 0.000000000000
Run id: 8
Stop criteria: 1000000
STN P (num vectors): 50
STN logger interval: 50

Run time:
[done]  instance=ns48 algo=moead run_id=4 2026-08-26T02:39:38+00:00
[start] instance=ns48 algo=moead run_id=9 angle=240.000000000000 wind=18.000000000000 stop_criteria=1000000 stn_p=50 stn_interval=50 2026-08-26T02:39:39+00:00
9

Number of subproblems: 100
Number of neighbors: 10
Number of fixed turbines: 32
Number of mobile turbines: 21
Wind: 18.000000000000
Angle: 240.000000000000
Run id: 9
Stop criteria: 1000000
STN P (num vectors): 50
STN logger interval: 50

Run time:
[done]  instance=ns48 algo=moead run_id=7 2026-08-26T02:39:40+00:00
[start] instance=ns48 algo=nsga2 run_id=0 angle=240.000000000000 wind=12.000000000000 stop_criteria=1000000 stn_p=50 stn_interval=50 2026-08-26T02:39:40+00:00
9

Number of subproblems: 100
Number of neighbors: 10
Number of fixed turbines: 32
Number of mobile turbines: 21
Wind: 12.000000000000
Angle: 240.000000000000
Run id: 0
Stop criteria: 1000000
STN P (num vectors): 50
STN logger interval: 50

Run time:
[done]  instance=ns48 algo=moead run_id=8 2026-08-26T02:39:40+00:00
[start] instance=ns48 algo=nsga2 run_id=1 angle=60.000000000000 wind=6.000000000000 stop_criteria=1000000 stn_p=50 stn_interval=50 2026-08-26T02:39:40+00:00
9

Number of subproblems: 100
Number of neighbors: 10
Number of fixed turbines: 32
Number of mobile turbines: 21
Wind: 6.000000000000
Angle: 60.000000000000
Run id: 1
Stop criteria: 1000000
STN P (num vectors): 50
STN logger interval: 50

Run time:
[done]  instance=ns465 algo=nsga2 run_id=0 2026-08-26T02:40:01+00:00
[start] instance=ns48 algo=nsga2 run_id=2 angle=270.000000000000 wind=6.000000000000 stop_criteria=1000000 stn_p=50 stn_interval=50 2026-08-26T02:40:01+00:00
9

Number of subproblems: 100
Number of neighbors: 10
Number of fixed turbines: 32
Number of mobile turbines: 21
Wind: 6.000000000000
Angle: 270.000000000000
Run id: 2
Stop criteria: 1000000
STN P (num vectors): 50
STN logger interval: 50

Run time:
[done]  instance=ns48 algo=moead run_id=6 2026-08-26T02:40:04+00:00
[start] instance=ns48 algo=nsga2 run_id=3 angle=120.000000000000 wind=8.000000000000 stop_criteria=1000000 stn_p=50 stn_interval=50 2026-08-26T02:40:04+00:00
9

Number of subproblems: 100
Number of neighbors: 10
Number of fixed turbines: 32
Number of mobile turbines: 21
Wind: 8.000000000000
Angle: 120.000000000000
Run id: 3
Stop criteria: 1000000
STN P (num vectors): 50
STN logger interval: 50

Run time:
[done]  instance=ns48 algo=moead run_id=5 2026-08-26T02:40:37+00:00
[start] instance=ns48 algo=nsga2 run_id=4 angle=90.000000000000 wind=10.000000000000 stop_criteria=1000000 stn_p=50 stn_interval=50 2026-08-26T02:40:37+00:00
9

Number of subproblems: 100
Number of neighbors: 10
Number of fixed turbines: 32
Number of mobile turbines: 21
Wind: 10.000000000000
Angle: 90.000000000000
Run id: 4
Stop criteria: 1000000
STN P (num vectors): 50
STN logger interval: 50

Run time:
[done]  instance=ns465 algo=nsga2 run_id=5 2026-08-26T02:41:26+00:00
[start] instance=ns48 algo=nsga2 run_id=5 angle=300.000000000000 wind=11.000000000000 stop_criteria=1000000 stn_p=50 stn_interval=50 2026-08-26T02:41:26+00:00
9

Number of subproblems: 100
Number of neighbors: 10
Number of fixed turbines: 32
Number of mobile turbines: 21
Wind: 11.000000000000
Angle: 300.000000000000
Run id: 5
Stop criteria: 1000000
STN P (num vectors): 50
STN logger interval: 50

Run time:
[done]  instance=ns465 algo=nsga2 run_id=4 2026-08-26T02:41:34+00:00
[start] instance=ns48 algo=nsga2 run_id=6 angle=180.000000000000 wind=5.000000000000 stop_criteria=1000000 stn_p=50 stn_interval=50 2026-08-26T02:41:34+00:00
9

Number of subproblems: 100
Number of neighbors: 10
Number of fixed turbines: 32
Number of mobile turbines: 21
Wind: 5.000000000000
Angle: 180.000000000000
Run id: 6
Stop criteria: 1000000
STN P (num vectors): 50
STN logger interval: 50

Run time:
[done]  instance=ns465 algo=nsga2 run_id=8 2026-08-26T02:42:22+00:00
[start] instance=ns48 algo=nsga2 run_id=7 angle=0.000000000000 wind=11.000000000000 stop_criteria=1000000 stn_p=50 stn_interval=50 2026-08-26T02:42:22+00:00
9

Number of subproblems: 100
Number of neighbors: 10
Number of fixed turbines: 32
Number of mobile turbines: 21
Wind: 11.000000000000
Angle: 0.000000000000
Run id: 7
Stop criteria: 1000000
STN P (num vectors): 50
STN logger interval: 50

Run time:
[done]  instance=ns48 algo=moead run_id=9 2026-08-26T02:42:43+00:00
[start] instance=ns48 algo=nsga2 run_id=8 angle=0.000000000000 wind=2.000000000000 stop_criteria=1000000 stn_p=50 stn_interval=50 2026-08-26T02:42:43+00:00
9

Number of subproblems: 100
Number of neighbors: 10
Number of fixed turbines: 32
Number of mobile turbines: 21
Wind: 2.000000000000
Angle: 0.000000000000
Run id: 8
Stop criteria: 1000000
STN P (num vectors): 50
STN logger interval: 50

Run time:
[done]  instance=ns465 algo=nsga2 run_id=2 2026-08-26T02:45:12+00:00
[start] instance=ns48 algo=nsga2 run_id=9 angle=240.000000000000 wind=18.000000000000 stop_criteria=1000000 stn_p=50 stn_interval=50 2026-08-26T02:45:12+00:00
9

Number of subproblems: 100
Number of neighbors: 10
Number of fixed turbines: 32
Number of mobile turbines: 21
Wind: 18.000000000000
Angle: 240.000000000000
Run id: 9
Stop criteria: 1000000
STN P (num vectors): 50
STN logger interval: 50

Run time:
[done]  instance=ns48 algo=nsga2 run_id=0 2026-08-26T02:50:05+00:00
[start] instance=ns101 algo=moead run_id=0 angle=330.000000000000 wind=13.000000000000 stop_criteria=1000000 stn_p=50 stn_interval=50 2026-08-26T02:50:05+00:00
9

Number of subproblems: 100
Number of neighbors: 10
Number of fixed turbines: 26
Number of mobile turbines: 63
Wind: 13.000000000000
Angle: 330.000000000000
Run id: 0
Stop criteria: 1000000
STN P (num vectors): 50
STN logger interval: 50

Run time:
[done]  instance=ns48 algo=nsga2 run_id=1 2026-08-26T02:50:20+00:00
[start] instance=ns101 algo=moead run_id=1 angle=30.000000000000 wind=4.000000000000 stop_criteria=1000000 stn_p=50 stn_interval=50 2026-08-26T02:50:20+00:00
9

Number of subproblems: 100
Number of neighbors: 10
Number of fixed turbines: 26
Number of mobile turbines: 63
Wind: 4.000000000000
Angle: 30.000000000000
Run id: 1
Stop criteria: 1000000
STN P (num vectors): 50
STN logger interval: 50

Run time:
[done]  instance=ns48 algo=nsga2 run_id=2 2026-08-26T02:51:49+00:00
[start] instance=ns101 algo=moead run_id=2 angle=240.000000000000 wind=8.000000000000 stop_criteria=1000000 stn_p=50 stn_interval=50 2026-08-26T02:51:49+00:00
9

Number of subproblems: 100
Number of neighbors: 10
Number of fixed turbines: 26
Number of mobile turbines: 63
Wind: 8.000000000000
Angle: 240.000000000000
Run id: 2
Stop criteria: 1000000
STN P (num vectors): 50
STN logger interval: 50

Run time:
[done]  instance=ns48 algo=nsga2 run_id=4 2026-08-26T02:52:04+00:00
[start] instance=ns101 algo=moead run_id=3 angle=210.000000000000 wind=4.000000000000 stop_criteria=1000000 stn_p=50 stn_interval=50 2026-08-26T02:52:04+00:00
9

Number of subproblems: 100
Number of neighbors: 10
Number of fixed turbines: 26
Number of mobile turbines: 63
Wind: 4.000000000000
Angle: 210.000000000000
Run id: 3
Stop criteria: 1000000
STN P (num vectors): 50
STN logger interval: 50

Run time:
[done]  instance=ns48 algo=nsga2 run_id=8 2026-08-26T02:52:55+00:00
[done]  instance=ns48 algo=nsga2 run_id=7 2026-08-26T02:52:55+00:00
[start] instance=ns101 algo=moead run_id=4 angle=90.000000000000 wind=10.000000000000 stop_criteria=1000000 stn_p=50 stn_interval=50 2026-08-26T02:52:55+00:00
9

Number of subproblems: 100
Number of neighbors: 10
Number of fixed turbines: 26
Number of mobile turbines: 63
Wind: 10.000000000000
Angle: 90.000000000000
Run id: 4
Stop criteria: 1000000
STN P (num vectors): 50
STN logger interval: 50

Run time:
[start] instance=ns101 algo=moead run_id=5 angle=120.000000000000 wind=19.000000000000 stop_criteria=1000000 stn_p=50 stn_interval=50 2026-08-26T02:52:55+00:00
9

Number of subproblems: 100
Number of neighbors: 10
Number of fixed turbines: 26
Number of mobile turbines: 63
Wind: 19.000000000000
Angle: 120.000000000000
Run id: 5
Stop criteria: 1000000
STN P (num vectors): 50
STN logger interval: 50

Run time:
[done]  instance=ns48 algo=nsga2 run_id=3 2026-08-26T02:53:05+00:00
[start] instance=ns101 algo=moead run_id=6 angle=30.000000000000 wind=7.000000000000 stop_criteria=1000000 stn_p=50 stn_interval=50 2026-08-26T02:53:05+00:00
9

Number of subproblems: 100
Number of neighbors: 10
Number of fixed turbines: 26
Number of mobile turbines: 63
Wind: 7.000000000000
Angle: 30.000000000000
Run id: 6
Stop criteria: 1000000
STN P (num vectors): 50
STN logger interval: 50

Run time:
[done]  instance=ns48 algo=nsga2 run_id=5 2026-08-26T02:54:07+00:00
[start] instance=ns101 algo=moead run_id=7 angle=30.000000000000 wind=15.000000000000 stop_criteria=1000000 stn_p=50 stn_interval=50 2026-08-26T02:54:07+00:00
9

Number of subproblems: 100
Number of neighbors: 10
Number of fixed turbines: 26
Number of mobile turbines: 63
Wind: 15.000000000000
Angle: 30.000000000000
Run id: 7
Stop criteria: 1000000
STN P (num vectors): 50
STN logger interval: 50

Run time:
[done]  instance=ns48 algo=nsga2 run_id=6 2026-08-26T02:54:34+00:00
[start] instance=ns101 algo=moead run_id=8 angle=180.000000000000 wind=3.000000000000 stop_criteria=1000000 stn_p=50 stn_interval=50 2026-08-26T02:54:35+00:00
9

Number of subproblems: 100
Number of neighbors: 10
Number of fixed turbines: 26
Number of mobile turbines: 63
Wind: 3.000000000000
Angle: 180.000000000000
Run id: 8
Stop criteria: 1000000
STN P (num vectors): 50
STN logger interval: 50

Run time:
[done]  instance=ns101 algo=moead run_id=1 2026-08-26T02:56:39+00:00
[start] instance=ns101 algo=moead run_id=9 angle=270.000000000000 wind=3.000000000000 stop_criteria=1000000 stn_p=50 stn_interval=50 2026-08-26T02:56:39+00:00
9

Number of subproblems: 100
Number of neighbors: 10
Number of fixed turbines: 26
Number of mobile turbines: 63
Wind: 3.000000000000
Angle: 270.000000000000
Run id: 9
Stop criteria: 1000000
STN P (num vectors): 50
STN logger interval: 50

Run time:
[done]  instance=ns101 algo=moead run_id=0 2026-08-26T02:56:47+00:00
[start] instance=ns101 algo=nsga2 run_id=0 angle=330.000000000000 wind=13.000000000000 stop_criteria=1000000 stn_p=50 stn_interval=50 2026-08-26T02:56:47+00:00
9

Number of subproblems: 100
Number of neighbors: 10
Number of fixed turbines: 26
Number of mobile turbines: 63
Wind: 13.000000000000
Angle: 330.000000000000
Run id: 0
Stop criteria: 1000000
STN P (num vectors): 50
STN logger interval: 50

Run time:
[done]  instance=ns48 algo=nsga2 run_id=9 2026-08-26T02:57:18+00:00
[start] instance=ns101 algo=nsga2 run_id=1 angle=30.000000000000 wind=4.000000000000 stop_criteria=1000000 stn_p=50 stn_interval=50 2026-08-26T02:57:19+00:00
9

Number of subproblems: 100
Number of neighbors: 10
Number of fixed turbines: 26
Number of mobile turbines: 63
Wind: 4.000000000000
Angle: 30.000000000000
Run id: 1
Stop criteria: 1000000
STN P (num vectors): 50
STN logger interval: 50

Run time:
[done]  instance=ns101 algo=moead run_id=2 2026-08-26T02:58:49+00:00
[start] instance=ns101 algo=nsga2 run_id=2 angle=240.000000000000 wind=8.000000000000 stop_criteria=1000000 stn_p=50 stn_interval=50 2026-08-26T02:58:49+00:00
9

Number of subproblems: 100
Number of neighbors: 10
Number of fixed turbines: 26
Number of mobile turbines: 63
Wind: 8.000000000000
Angle: 240.000000000000
Run id: 2
Stop criteria: 1000000
STN P (num vectors): 50
STN logger interval: 50

Run time:
[done]  instance=ns101 algo=moead run_id=6 2026-08-26T02:59:38+00:00
[start] instance=ns101 algo=nsga2 run_id=3 angle=210.000000000000 wind=4.000000000000 stop_criteria=1000000 stn_p=50 stn_interval=50 2026-08-26T02:59:38+00:00
9

Number of subproblems: 100
Number of neighbors: 10
Number of fixed turbines: 26
Number of mobile turbines: 63
Wind: 4.000000000000
Angle: 210.000000000000
Run id: 3
Stop criteria: 1000000
STN P (num vectors): 50
STN logger interval: 50

Run time:
[done]  instance=ns101 algo=moead run_id=3 2026-08-26T02:59:55+00:00
[start] instance=ns101 algo=nsga2 run_id=4 angle=90.000000000000 wind=10.000000000000 stop_criteria=1000000 stn_p=50 stn_interval=50 2026-08-26T02:59:55+00:00
9

Number of subproblems: 100
Number of neighbors: 10
Number of fixed turbines: 26
Number of mobile turbines: 63
Wind: 10.000000000000
Angle: 90.000000000000
Run id: 4
Stop criteria: 1000000
STN P (num vectors): 50
STN logger interval: 50

Run time:
[done]  instance=ns101 algo=moead run_id=5 2026-08-26T03:00:16+00:00
[start] instance=ns101 algo=nsga2 run_id=5 angle=120.000000000000 wind=19.000000000000 stop_criteria=1000000 stn_p=50 stn_interval=50 2026-08-26T03:00:16+00:00
9

Number of subproblems: 100
Number of neighbors: 10
Number of fixed turbines: 26
Number of mobile turbines: 63
Wind: 19.000000000000
Angle: 120.000000000000
Run id: 5
Stop criteria: 1000000
STN P (num vectors): 50
STN logger interval: 50

Run time:
[done]  instance=ns101 algo=moead run_id=4 2026-08-26T03:00:38+00:00
[start] instance=ns101 algo=nsga2 run_id=6 angle=30.000000000000 wind=7.000000000000 stop_criteria=1000000 stn_p=50 stn_interval=50 2026-08-26T03:00:38+00:00
9

Number of subproblems: 100
Number of neighbors: 10
Number of fixed turbines: 26
Number of mobile turbines: 63
Wind: 7.000000000000
Angle: 30.000000000000
Run id: 6
Stop criteria: 1000000
STN P (num vectors): 50
STN logger interval: 50

Run time:
[done]  instance=ns101 algo=moead run_id=7 2026-08-26T03:00:50+00:00
[start] instance=ns101 algo=nsga2 run_id=7 angle=30.000000000000 wind=15.000000000000 stop_criteria=1000000 stn_p=50 stn_interval=50 2026-08-26T03:00:50+00:00
9

Number of subproblems: 100
Number of neighbors: 10
Number of fixed turbines: 26
Number of mobile turbines: 63
Wind: 15.000000000000
Angle: 30.000000000000
Run id: 7
Stop criteria: 1000000
STN P (num vectors): 50
STN logger interval: 50

Run time:
[done]  instance=ns101 algo=moead run_id=8 2026-08-26T03:01:10+00:00
[start] instance=ns101 algo=nsga2 run_id=8 angle=180.000000000000 wind=3.000000000000 stop_criteria=1000000 stn_p=50 stn_interval=50 2026-08-26T03:01:10+00:00
9

Number of subproblems: 100
Number of neighbors: 10
Number of fixed turbines: 26
Number of mobile turbines: 63
Wind: 3.000000000000
Angle: 180.000000000000
Run id: 8
Stop criteria: 1000000
STN P (num vectors): 50
STN logger interval: 50

Run time:
[done]  instance=ns101 algo=moead run_id=9 2026-08-26T03:03:49+00:00
[start] instance=ns101 algo=nsga2 run_id=9 angle=270.000000000000 wind=3.000000000000 stop_criteria=1000000 stn_p=50 stn_interval=50 2026-08-26T03:03:49+00:00
9

Number of subproblems: 100
Number of neighbors: 10
Number of fixed turbines: 26
Number of mobile turbines: 63
Wind: 3.000000000000
Angle: 270.000000000000
Run id: 9
Stop criteria: 1000000
STN P (num vectors): 50
STN logger interval: 50

Run time:
[done]  instance=ns101 algo=nsga2 run_id=5 2026-08-26T03:18:54+00:00
[start] instance=ns178 algo=moead run_id=0 angle=120.000000000000 wind=11.000000000000 stop_criteria=1000000 stn_p=50 stn_interval=50 2026-08-26T03:18:55+00:00
9

Number of subproblems: 100
Number of neighbors: 10
Number of fixed turbines: 58
Number of mobile turbines: 23
Wind: 11.000000000000
Angle: 120.000000000000
Run id: 0
Stop criteria: 1000000
STN P (num vectors): 50
STN logger interval: 50

Run time:
[done]  instance=ns101 algo=nsga2 run_id=1 2026-08-26T03:19:02+00:00
[start] instance=ns178 algo=moead run_id=1 angle=240.000000000000 wind=7.000000000000 stop_criteria=1000000 stn_p=50 stn_interval=50 2026-08-26T03:19:02+00:00
9

Number of subproblems: 100
Number of neighbors: 10
Number of fixed turbines: 58
Number of mobile turbines: 23
Wind: 7.000000000000
Angle: 240.000000000000
Run id: 1
Stop criteria: 1000000
STN P (num vectors): 50
STN logger interval: 50

Run time:
[done]  instance=ns101 algo=nsga2 run_id=0 2026-08-26T03:19:12+00:00
[start] instance=ns178 algo=moead run_id=2 angle=270.000000000000 wind=11.000000000000 stop_criteria=1000000 stn_p=50 stn_interval=50 2026-08-26T03:19:12+00:00
9

Number of subproblems: 100
Number of neighbors: 10
Number of fixed turbines: 58
Number of mobile turbines: 23
Wind: 11.000000000000
Angle: 270.000000000000
Run id: 2
Stop criteria: 1000000
STN P (num vectors): 50
STN logger interval: 50

Run time:
[done]  instance=ns101 algo=nsga2 run_id=7 2026-08-26T03:19:25+00:00
[start] instance=ns178 algo=moead run_id=3 angle=60.000000000000 wind=4.000000000000 stop_criteria=1000000 stn_p=50 stn_interval=50 2026-08-26T03:19:25+00:00
9

Number of subproblems: 100
Number of neighbors: 10
Number of fixed turbines: 58
Number of mobile turbines: 23
Wind: 4.000000000000
Angle: 60.000000000000
Run id: 3
Stop criteria: 1000000
STN P (num vectors): 50
STN logger interval: 50

Run time:
[done]  instance=ns101 algo=nsga2 run_id=4 2026-08-26T03:19:49+00:00
[start] instance=ns178 algo=moead run_id=4 angle=270.000000000000 wind=12.000000000000 stop_criteria=1000000 stn_p=50 stn_interval=50 2026-08-26T03:19:49+00:00
9

Number of subproblems: 100
Number of neighbors: 10
Number of fixed turbines: 58
Number of mobile turbines: 23
Wind: 12.000000000000
Angle: 270.000000000000
Run id: 4
Stop criteria: 1000000
STN P (num vectors): 50
STN logger interval: 50

Run time:
[done]  instance=ns101 algo=nsga2 run_id=2 2026-08-26T03:20:14+00:00
[start] instance=ns178 algo=moead run_id=5 angle=210.000000000000 wind=19.000000000000 stop_criteria=1000000 stn_p=50 stn_interval=50 2026-08-26T03:20:14+00:00
9

Number of subproblems: 100
Number of neighbors: 10
Number of fixed turbines: 58
Number of mobile turbines: 23
Wind: 19.000000000000
Angle: 210.000000000000
Run id: 5
Stop criteria: 1000000
STN P (num vectors): 50
STN logger interval: 50

Run time:
[done]  instance=ns101 algo=nsga2 run_id=3 2026-08-26T03:21:03+00:00
[start] instance=ns178 algo=moead run_id=6 angle=210.000000000000 wind=11.000000000000 stop_criteria=1000000 stn_p=50 stn_interval=50 2026-08-26T03:21:03+00:00
9

Number of subproblems: 100
Number of neighbors: 10
Number of fixed turbines: 58
Number of mobile turbines: 23
Wind: 11.000000000000
Angle: 210.000000000000
Run id: 6
Stop criteria: 1000000
STN P (num vectors): 50
STN logger interval: 50

Run time:
[done]  instance=ns101 algo=nsga2 run_id=6 2026-08-26T03:21:30+00:00
[start] instance=ns178 algo=moead run_id=7 angle=0.000000000000 wind=7.000000000000 stop_criteria=1000000 stn_p=50 stn_interval=50 2026-08-26T03:21:30+00:00
9

Number of subproblems: 100
Number of neighbors: 10
Number of fixed turbines: 58
Number of mobile turbines: 23
Wind: 7.000000000000
Angle: 0.000000000000
Run id: 7
Stop criteria: 1000000
STN P (num vectors): 50
STN logger interval: 50

Run time:
[done]  instance=ns101 algo=nsga2 run_id=8 2026-08-26T03:22:49+00:00
[start] instance=ns178 algo=moead run_id=8 angle=30.000000000000 wind=7.000000000000 stop_criteria=1000000 stn_p=50 stn_interval=50 2026-08-26T03:22:49+00:00
9

Number of subproblems: 100
Number of neighbors: 10
Number of fixed turbines: 58
Number of mobile turbines: 23
Wind: 7.000000000000
Angle: 30.000000000000
Run id: 8
Stop criteria: 1000000
STN P (num vectors): 50
STN logger interval: 50

Run time:
[done]  instance=ns178 algo=moead run_id=0 2026-08-26T03:23:57+00:00
[start] instance=ns178 algo=moead run_id=9 angle=150.000000000000 wind=15.000000000000 stop_criteria=1000000 stn_p=50 stn_interval=50 2026-08-26T03:23:57+00:00
9

Number of subproblems: 100
Number of neighbors: 10
Number of fixed turbines: 58
Number of mobile turbines: 23
Wind: 15.000000000000
Angle: 150.000000000000
Run id: 9
Stop criteria: 1000000
STN P (num vectors): 50
STN logger interval: 50

Run time:
[done]  instance=ns178 algo=moead run_id=1 2026-08-26T03:24:22+00:00
[start] instance=ns178 algo=nsga2 run_id=0 angle=120.000000000000 wind=11.000000000000 stop_criteria=1000000 stn_p=50 stn_interval=50 2026-08-26T03:24:22+00:00
9

Number of subproblems: 100
Number of neighbors: 10
Number of fixed turbines: 58
Number of mobile turbines: 23
Wind: 11.000000000000
Angle: 120.000000000000
Run id: 0
Stop criteria: 1000000
STN P (num vectors): 50
STN logger interval: 50

Run time:
[done]  instance=ns178 algo=moead run_id=7 2026-08-26T03:24:27+00:00
[start] instance=ns178 algo=nsga2 run_id=1 angle=240.000000000000 wind=7.000000000000 stop_criteria=1000000 stn_p=50 stn_interval=50 2026-08-26T03:24:27+00:00
9

Number of subproblems: 100
Number of neighbors: 10
Number of fixed turbines: 58
Number of mobile turbines: 23
Wind: 7.000000000000
Angle: 240.000000000000
Run id: 1
Stop criteria: 1000000
STN P (num vectors): 50
STN logger interval: 50

Run time:
[done]  instance=ns101 algo=nsga2 run_id=9 2026-08-26T03:24:47+00:00
[start] instance=ns178 algo=nsga2 run_id=2 angle=270.000000000000 wind=11.000000000000 stop_criteria=1000000 stn_p=50 stn_interval=50 2026-08-26T03:24:47+00:00
9

Number of subproblems: 100
Number of neighbors: 10
Number of fixed turbines: 58
Number of mobile turbines: 23
Wind: 11.000000000000
Angle: 270.000000000000
Run id: 2
Stop criteria: 1000000
STN P (num vectors): 50
STN logger interval: 50

Run time:
[done]  instance=ns178 algo=moead run_id=2 2026-08-26T03:24:51+00:00
[start] instance=ns178 algo=nsga2 run_id=3 angle=60.000000000000 wind=4.000000000000 stop_criteria=1000000 stn_p=50 stn_interval=50 2026-08-26T03:24:51+00:00
9

Number of subproblems: 100
Number of neighbors: 10
Number of fixed turbines: 58
Number of mobile turbines: 23
Wind: 4.000000000000
Angle: 60.000000000000
Run id: 3
Stop criteria: 1000000
STN P (num vectors): 50
STN logger interval: 50

Run time:
[done]  instance=ns178 algo=moead run_id=3 2026-08-26T03:24:59+00:00
[start] instance=ns178 algo=nsga2 run_id=4 angle=270.000000000000 wind=12.000000000000 stop_criteria=1000000 stn_p=50 stn_interval=50 2026-08-26T03:24:59+00:00
9

Number of subproblems: 100
Number of neighbors: 10
Number of fixed turbines: 58
Number of mobile turbines: 23
Wind: 12.000000000000
Angle: 270.000000000000
Run id: 4
Stop criteria: 1000000
STN P (num vectors): 50
STN logger interval: 50

Run time:
[done]  instance=ns178 algo=moead run_id=4 2026-08-26T03:25:48+00:00
[start] instance=ns178 algo=nsga2 run_id=5 angle=210.000000000000 wind=19.000000000000 stop_criteria=1000000 stn_p=50 stn_interval=50 2026-08-26T03:25:48+00:00
9

Number of subproblems: 100
Number of neighbors: 10
Number of fixed turbines: 58
Number of mobile turbines: 23
Wind: 19.000000000000
Angle: 210.000000000000
Run id: 5
Stop criteria: 1000000
STN P (num vectors): 50
STN logger interval: 50

Run time:
[done]  instance=ns178 algo=moead run_id=5 2026-08-26T03:26:12+00:00
[start] instance=ns178 algo=nsga2 run_id=6 angle=210.000000000000 wind=11.000000000000 stop_criteria=1000000 stn_p=50 stn_interval=50 2026-08-26T03:26:12+00:00
9

Number of subproblems: 100
Number of neighbors: 10
Number of fixed turbines: 58
Number of mobile turbines: 23
Wind: 11.000000000000
Angle: 210.000000000000
Run id: 6
Stop criteria: 1000000
STN P (num vectors): 50
STN logger interval: 50

Run time:
[done]  instance=ns178 algo=moead run_id=8 2026-08-26T03:26:59+00:00
[start] instance=ns178 algo=nsga2 run_id=7 angle=0.000000000000 wind=7.000000000000 stop_criteria=1000000 stn_p=50 stn_interval=50 2026-08-26T03:26:59+00:00
9

Number of subproblems: 100
Number of neighbors: 10
Number of fixed turbines: 58
Number of mobile turbines: 23
Wind: 7.000000000000
Angle: 0.000000000000
Run id: 7
Stop criteria: 1000000
STN P (num vectors): 50
STN logger interval: 50

Run time:
[done]  instance=ns178 algo=moead run_id=6 2026-08-26T03:27:09+00:00
[start] instance=ns178 algo=nsga2 run_id=8 angle=30.000000000000 wind=7.000000000000 stop_criteria=1000000 stn_p=50 stn_interval=50 2026-08-26T03:27:09+00:00
9

Number of subproblems: 100
Number of neighbors: 10
Number of fixed turbines: 58
Number of mobile turbines: 23
Wind: 7.000000000000
Angle: 30.000000000000
Run id: 8
Stop criteria: 1000000
STN P (num vectors): 50
STN logger interval: 50

Run time:
[done]  instance=ns178 algo=moead run_id=9 2026-08-26T03:29:30+00:00
[start] instance=ns178 algo=nsga2 run_id=9 angle=150.000000000000 wind=15.000000000000 stop_criteria=1000000 stn_p=50 stn_interval=50 2026-08-26T03:29:30+00:00
9

Number of subproblems: 100
Number of neighbors: 10
Number of fixed turbines: 58
Number of mobile turbines: 23
Wind: 15.000000000000
Angle: 150.000000000000
Run id: 9
Stop criteria: 1000000
STN P (num vectors): 50
STN logger interval: 50

Run time:
[done]  instance=ns178 algo=nsga2 run_id=3 2026-08-26T03:37:52+00:00
[start] instance=ns192 algo=moead run_id=0 angle=120.000000000000 wind=11.000000000000 stop_criteria=1000000 stn_p=50 stn_interval=50 2026-08-26T03:37:52+00:00
9

Number of subproblems: 100
Number of neighbors: 10
Number of fixed turbines: 57
Number of mobile turbines: 31
Wind: 11.000000000000
Angle: 120.000000000000
Run id: 0
Stop criteria: 1000000
STN P (num vectors): 50
STN logger interval: 50

Run time:
[done]  instance=ns41 algo=nsga2 run_id=1 2026-08-26T03:38:57+00:00
[start] instance=ns192 algo=moead run_id=1 angle=180.000000000000 wind=11.000000000000 stop_criteria=1000000 stn_p=50 stn_interval=50 2026-08-26T03:38:57+00:00
9

Number of subproblems: 100
Number of neighbors: 10
Number of fixed turbines: 57
Number of mobile turbines: 31
Wind: 11.000000000000
Angle: 180.000000000000
Run id: 1
Stop criteria: 1000000
STN P (num vectors): 50
STN logger interval: 50

Run time:
[done]  instance=ns178 algo=nsga2 run_id=7 2026-08-26T03:39:32+00:00
[start] instance=ns192 algo=moead run_id=2 angle=240.000000000000 wind=13.000000000000 stop_criteria=1000000 stn_p=50 stn_interval=50 2026-08-26T03:39:32+00:00
9

Number of subproblems: 100
Number of neighbors: 10
Number of fixed turbines: 57
Number of mobile turbines: 31
Wind: 13.000000000000
Angle: 240.000000000000
Run id: 2
Stop criteria: 1000000
STN P (num vectors): 50
STN logger interval: 50

Run time:
[done]  instance=ns178 algo=nsga2 run_id=0 2026-08-26T03:39:32+00:00
[start] instance=ns192 algo=moead run_id=3 angle=210.000000000000 wind=13.000000000000 stop_criteria=1000000 stn_p=50 stn_interval=50 2026-08-26T03:39:32+00:00
9

Number of subproblems: 100
Number of neighbors: 10
Number of fixed turbines: 57
Number of mobile turbines: 31
Wind: 13.000000000000
Angle: 210.000000000000
Run id: 3
Stop criteria: 1000000
STN P (num vectors): 50
STN logger interval: 50

Run time:
[done]  instance=ns178 algo=nsga2 run_id=2 2026-08-26T03:39:57+00:00
[start] instance=ns192 algo=moead run_id=4 angle=120.000000000000 wind=4.000000000000 stop_criteria=1000000 stn_p=50 stn_interval=50 2026-08-26T03:39:57+00:00
9

Number of subproblems: 100
Number of neighbors: 10
Number of fixed turbines: 57
Number of mobile turbines: 31
Wind: 4.000000000000
Angle: 120.000000000000
Run id: 4
Stop criteria: 1000000
STN P (num vectors): 50
STN logger interval: 50

Run time:
[done]  instance=ns178 algo=nsga2 run_id=4 2026-08-26T03:40:10+00:00
[start] instance=ns192 algo=moead run_id=5 angle=180.000000000000 wind=16.000000000000 stop_criteria=1000000 stn_p=50 stn_interval=50 2026-08-26T03:40:10+00:00
9

Number of subproblems: 100
Number of neighbors: 10
Number of fixed turbines: 57
Number of mobile turbines: 31
Wind: 16.000000000000
Angle: 180.000000000000
Run id: 5
Stop criteria: 1000000
STN P (num vectors): 50
STN logger interval: 50

Run time:
[done]  instance=ns178 algo=nsga2 run_id=1 2026-08-26T03:40:49+00:00
[start] instance=ns192 algo=moead run_id=6 angle=60.000000000000 wind=16.000000000000 stop_criteria=1000000 stn_p=50 stn_interval=50 2026-08-26T03:40:49+00:00
9

Number of subproblems: 100
Number of neighbors: 10
Number of fixed turbines: 57
Number of mobile turbines: 31
Wind: 16.000000000000
Angle: 60.000000000000
Run id: 6
Stop criteria: 1000000
STN P (num vectors): 50
STN logger interval: 50

Run time:
[done]  instance=ns178 algo=nsga2 run_id=5 2026-08-26T03:41:38+00:00
[start] instance=ns192 algo=moead run_id=7 angle=90.000000000000 wind=10.000000000000 stop_criteria=1000000 stn_p=50 stn_interval=50 2026-08-26T03:41:38+00:00
9

Number of subproblems: 100
Number of neighbors: 10
Number of fixed turbines: 57
Number of mobile turbines: 31
Wind: 10.000000000000
Angle: 90.000000000000
Run id: 7
Stop criteria: 1000000
STN P (num vectors): 50
STN logger interval: 50

Run time:
[done]  instance=ns178 algo=nsga2 run_id=8 2026-08-26T03:41:59+00:00
[start] instance=ns192 algo=moead run_id=8 angle=60.000000000000 wind=6.000000000000 stop_criteria=1000000 stn_p=50 stn_interval=50 2026-08-26T03:41:59+00:00
9

Number of subproblems: 100
Number of neighbors: 10
Number of fixed turbines: 57
Number of mobile turbines: 31
Wind: 6.000000000000
Angle: 60.000000000000
Run id: 8
Stop criteria: 1000000
STN P (num vectors): 50
STN logger interval: 50

Run time:
[done]  instance=ns178 algo=nsga2 run_id=6 2026-08-26T03:42:00+00:00
[start] instance=ns192 algo=moead run_id=9 angle=0.000000000000 wind=15.000000000000 stop_criteria=1000000 stn_p=50 stn_interval=50 2026-08-26T03:42:00+00:00
9

Number of subproblems: 100
Number of neighbors: 10
Number of fixed turbines: 57
Number of mobile turbines: 31
Wind: 15.000000000000
Angle: 0.000000000000
Run id: 9
Stop criteria: 1000000
STN P (num vectors): 50
STN logger interval: 50

Run time:
[done]  instance=ns192 algo=moead run_id=0 2026-08-26T03:44:12+00:00
[start] instance=ns192 algo=nsga2 run_id=0 angle=120.000000000000 wind=11.000000000000 stop_criteria=1000000 stn_p=50 stn_interval=50 2026-08-26T03:44:12+00:00
9

Number of subproblems: 100
Number of neighbors: 10
Number of fixed turbines: 57
Number of mobile turbines: 31
Wind: 11.000000000000
Angle: 120.000000000000
Run id: 0
Stop criteria: 1000000
STN P (num vectors): 50
STN logger interval: 50

Run time:
[done]  instance=ns41 algo=nsga2 run_id=0 2026-08-26T03:44:25+00:00
[start] instance=ns192 algo=nsga2 run_id=1 angle=180.000000000000 wind=11.000000000000 stop_criteria=1000000 stn_p=50 stn_interval=50 2026-08-26T03:44:25+00:00
9

Number of subproblems: 100
Number of neighbors: 10
Number of fixed turbines: 57
Number of mobile turbines: 31
Wind: 11.000000000000
Angle: 180.000000000000
Run id: 1
Stop criteria: 1000000
STN P (num vectors): 50
STN logger interval: 50

Run time:
[done]  instance=ns192 algo=moead run_id=1 2026-08-26T03:44:42+00:00
[start] instance=ns192 algo=nsga2 run_id=2 angle=240.000000000000 wind=13.000000000000 stop_criteria=1000000 stn_p=50 stn_interval=50 2026-08-26T03:44:42+00:00
9

Number of subproblems: 100
Number of neighbors: 10
Number of fixed turbines: 57
Number of mobile turbines: 31
Wind: 13.000000000000
Angle: 240.000000000000
Run id: 2
Stop criteria: 1000000
STN P (num vectors): 50
STN logger interval: 50

Run time:
[done]  instance=ns192 algo=moead run_id=9 2026-08-26T03:45:27+00:00
[start] instance=ns192 algo=nsga2 run_id=3 angle=210.000000000000 wind=13.000000000000 stop_criteria=1000000 stn_p=50 stn_interval=50 2026-08-26T03:45:27+00:00
9

Number of subproblems: 100
Number of neighbors: 10
Number of fixed turbines: 57
Number of mobile turbines: 31
Wind: 13.000000000000
Angle: 210.000000000000
Run id: 3
Stop criteria: 1000000
STN P (num vectors): 50
STN logger interval: 50

Run time:
[done]  instance=ns178 algo=nsga2 run_id=9 2026-08-26T03:45:36+00:00
[start] instance=ns192 algo=nsga2 run_id=4 angle=120.000000000000 wind=4.000000000000 stop_criteria=1000000 stn_p=50 stn_interval=50 2026-08-26T03:45:36+00:00
9

Number of subproblems: 100
Number of neighbors: 10
Number of fixed turbines: 57
Number of mobile turbines: 31
Wind: 4.000000000000
Angle: 120.000000000000
Run id: 4
Stop criteria: 1000000
STN P (num vectors): 50
STN logger interval: 50

Run time:
[done]  instance=ns192 algo=moead run_id=4 2026-08-26T03:46:00+00:00
[start] instance=ns192 algo=nsga2 run_id=5 angle=180.000000000000 wind=16.000000000000 stop_criteria=1000000 stn_p=50 stn_interval=50 2026-08-26T03:46:00+00:00
9

Number of subproblems: 100
Number of neighbors: 10
Number of fixed turbines: 57
Number of mobile turbines: 31
Wind: 16.000000000000
Angle: 180.000000000000
Run id: 5
Stop criteria: 1000000
STN P (num vectors): 50
STN logger interval: 50

Run time:
[done]  instance=ns192 algo=moead run_id=6 2026-08-26T03:46:05+00:00
[start] instance=ns192 algo=nsga2 run_id=6 angle=60.000000000000 wind=16.000000000000 stop_criteria=1000000 stn_p=50 stn_interval=50 2026-08-26T03:46:06+00:00
9

Number of subproblems: 100
Number of neighbors: 10
Number of fixed turbines: 57
Number of mobile turbines: 31
Wind: 16.000000000000
Angle: 60.000000000000
Run id: 6
Stop criteria: 1000000
STN P (num vectors): 50
STN logger interval: 50

Run time:
[done]  instance=ns192 algo=moead run_id=3 2026-08-26T03:46:31+00:00
[start] instance=ns192 algo=nsga2 run_id=7 angle=90.000000000000 wind=10.000000000000 stop_criteria=1000000 stn_p=50 stn_interval=50 2026-08-26T03:46:31+00:00
9

Number of subproblems: 100
Number of neighbors: 10
Number of fixed turbines: 57
Number of mobile turbines: 31
Wind: 10.000000000000
Angle: 90.000000000000
Run id: 7
Stop criteria: 1000000
STN P (num vectors): 50
STN logger interval: 50

Run time:
[done]  instance=ns192 algo=moead run_id=2 2026-08-26T03:46:32+00:00
[start] instance=ns192 algo=nsga2 run_id=8 angle=60.000000000000 wind=6.000000000000 stop_criteria=1000000 stn_p=50 stn_interval=50 2026-08-26T03:46:32+00:00
9

Number of subproblems: 100
Number of neighbors: 10
Number of fixed turbines: 57
Number of mobile turbines: 31
Wind: 6.000000000000
Angle: 60.000000000000
Run id: 8
Stop criteria: 1000000
STN P (num vectors): 50
STN logger interval: 50

Run time:
[done]  instance=ns192 algo=moead run_id=5 2026-08-26T03:47:05+00:00
[start] instance=ns192 algo=nsga2 run_id=9 angle=0.000000000000 wind=15.000000000000 stop_criteria=1000000 stn_p=50 stn_interval=50 2026-08-26T03:47:05+00:00
9

Number of subproblems: 100
Number of neighbors: 10
Number of fixed turbines: 57
Number of mobile turbines: 31
Wind: 15.000000000000
Angle: 0.000000000000
Run id: 9
Stop criteria: 1000000
STN P (num vectors): 50
STN logger interval: 50

Run time:
[done]  instance=ns41 algo=nsga2 run_id=4 2026-08-26T03:47:17+00:00
[start] instance=ns202 algo=moead run_id=0 angle=270.000000000000 wind=9.000000000000 stop_criteria=1000000 stn_p=50 stn_interval=50 2026-08-26T03:47:17+00:00
9

Number of subproblems: 100
Number of neighbors: 10
Number of fixed turbines: 9
Number of mobile turbines: 47
Wind: 9.000000000000
Angle: 270.000000000000
Run id: 0
Stop criteria: 1000000
STN P (num vectors): 50
STN logger interval: 50

Run time:
[done]  instance=ns192 algo=moead run_id=7 2026-08-26T03:47:41+00:00
[start] instance=ns202 algo=moead run_id=1 angle=150.000000000000 wind=2.000000000000 stop_criteria=1000000 stn_p=50 stn_interval=50 2026-08-26T03:47:41+00:00
9

Number of subproblems: 100
Number of neighbors: 10
Number of fixed turbines: 9
Number of mobile turbines: 47
Wind: 2.000000000000
Angle: 150.000000000000
Run id: 1
Stop criteria: 1000000
STN P (num vectors): 50
STN logger interval: 50

Run time:
[done]  instance=ns192 algo=moead run_id=8 2026-08-26T03:47:52+00:00
[start] instance=ns202 algo=moead run_id=2 angle=300.000000000000 wind=21.000000000000 stop_criteria=1000000 stn_p=50 stn_interval=50 2026-08-26T03:47:52+00:00
9

Number of subproblems: 100
Number of neighbors: 10
Number of fixed turbines: 9
Number of mobile turbines: 47
Wind: 21.000000000000
Angle: 300.000000000000
Run id: 2
Stop criteria: 1000000
STN P (num vectors): 50
STN logger interval: 50

Run time:
[done]  instance=ns41 algo=nsga2 run_id=6 2026-08-26T03:48:12+00:00
[start] instance=ns202 algo=moead run_id=3 angle=270.000000000000 wind=16.000000000000 stop_criteria=1000000 stn_p=50 stn_interval=50 2026-08-26T03:48:12+00:00
9

Number of subproblems: 100
Number of neighbors: 10
Number of fixed turbines: 9
Number of mobile turbines: 47
Wind: 16.000000000000
Angle: 270.000000000000
Run id: 3
Stop criteria: 1000000
STN P (num vectors): 50
STN logger interval: 50

Run time:
[done]  instance=ns202 algo=moead run_id=0 2026-08-26T03:50:32+00:00
[start] instance=ns202 algo=moead run_id=4 angle=240.000000000000 wind=13.000000000000 stop_criteria=1000000 stn_p=50 stn_interval=50 2026-08-26T03:50:32+00:00
9

Number of subproblems: 100
Number of neighbors: 10
Number of fixed turbines: 9
Number of mobile turbines: 47
Wind: 13.000000000000
Angle: 240.000000000000
Run id: 4
Stop criteria: 1000000
STN P (num vectors): 50
STN logger interval: 50

Run time:
[done]  instance=ns202 algo=moead run_id=1 2026-08-26T03:50:58+00:00
[start] instance=ns202 algo=moead run_id=5 angle=240.000000000000 wind=7.000000000000 stop_criteria=1000000 stn_p=50 stn_interval=50 2026-08-26T03:50:59+00:00
9

Number of subproblems: 100
Number of neighbors: 10
Number of fixed turbines: 9
Number of mobile turbines: 47
Wind: 7.000000000000
Angle: 240.000000000000
Run id: 5
Stop criteria: 1000000
STN P (num vectors): 50
STN logger interval: 50

Run time:
[done]  instance=ns202 algo=moead run_id=3 2026-08-26T03:51:07+00:00
[start] instance=ns202 algo=moead run_id=6 angle=180.000000000000 wind=15.000000000000 stop_criteria=1000000 stn_p=50 stn_interval=50 2026-08-26T03:51:07+00:00
9

Number of subproblems: 100
Number of neighbors: 10
Number of fixed turbines: 9
Number of mobile turbines: 47
Wind: 15.000000000000
Angle: 180.000000000000
Run id: 6
Stop criteria: 1000000
STN P (num vectors): 50
STN logger interval: 50

Run time:
[done]  instance=ns202 algo=moead run_id=2 2026-08-26T03:51:07+00:00
[start] instance=ns202 algo=moead run_id=7 angle=300.000000000000 wind=16.000000000000 stop_criteria=1000000 stn_p=50 stn_interval=50 2026-08-26T03:51:08+00:00
9

Number of subproblems: 100
Number of neighbors: 10
Number of fixed turbines: 9
Number of mobile turbines: 47
Wind: 16.000000000000
Angle: 300.000000000000
Run id: 7
Stop criteria: 1000000
STN P (num vectors): 50
STN logger interval: 50

Run time:
[done]  instance=ns41 algo=nsga2 run_id=8 2026-08-26T03:51:26+00:00
[start] instance=ns202 algo=moead run_id=8 angle=150.000000000000 wind=10.000000000000 stop_criteria=1000000 stn_p=50 stn_interval=50 2026-08-26T03:51:26+00:00
9

Number of subproblems: 100
Number of neighbors: 10
Number of fixed turbines: 9
Number of mobile turbines: 47
Wind: 10.000000000000
Angle: 150.000000000000
Run id: 8
Stop criteria: 1000000
STN P (num vectors): 50
STN logger interval: 50

Run time:
[done]  instance=ns41 algo=nsga2 run_id=2 2026-08-26T03:53:50+00:00
[start] instance=ns202 algo=moead run_id=9 angle=210.000000000000 wind=11.000000000000 stop_criteria=1000000 stn_p=50 stn_interval=50 2026-08-26T03:53:50+00:00
9

Number of subproblems: 100
Number of neighbors: 10
Number of fixed turbines: 9
Number of mobile turbines: 47
Wind: 11.000000000000
Angle: 210.000000000000
Run id: 9
Stop criteria: 1000000
STN P (num vectors): 50
STN logger interval: 50

Run time:
[done]  instance=ns202 algo=moead run_id=5 2026-08-26T03:54:13+00:00
[start] instance=ns202 algo=nsga2 run_id=0 angle=270.000000000000 wind=9.000000000000 stop_criteria=1000000 stn_p=50 stn_interval=50 2026-08-26T03:54:13+00:00
9

Number of subproblems: 100
Number of neighbors: 10
Number of fixed turbines: 9
Number of mobile turbines: 47
Wind: 9.000000000000
Angle: 270.000000000000
Run id: 0
Stop criteria: 1000000
STN P (num vectors): 50
STN logger interval: 50

Run time:
[done]  instance=ns202 algo=moead run_id=4 2026-08-26T03:54:17+00:00
[start] instance=ns202 algo=nsga2 run_id=1 angle=150.000000000000 wind=2.000000000000 stop_criteria=1000000 stn_p=50 stn_interval=50 2026-08-26T03:54:17+00:00
9

Number of subproblems: 100
Number of neighbors: 10
Number of fixed turbines: 9
Number of mobile turbines: 47
Wind: 2.000000000000
Angle: 150.000000000000
Run id: 1
Stop criteria: 1000000
STN P (num vectors): 50
STN logger interval: 50

Run time:
[done]  instance=ns41 algo=nsga2 run_id=5 2026-08-26T03:54:20+00:00
[start] instance=ns202 algo=nsga2 run_id=2 angle=300.000000000000 wind=21.000000000000 stop_criteria=1000000 stn_p=50 stn_interval=50 2026-08-26T03:54:20+00:00
9

Number of subproblems: 100
Number of neighbors: 10
Number of fixed turbines: 9
Number of mobile turbines: 47
Wind: 21.000000000000
Angle: 300.000000000000
Run id: 2
Stop criteria: 1000000
STN P (num vectors): 50
STN logger interval: 50

Run time:
[done]  instance=ns202 algo=moead run_id=7 2026-08-26T03:54:29+00:00
[start] instance=ns202 algo=nsga2 run_id=3 angle=270.000000000000 wind=16.000000000000 stop_criteria=1000000 stn_p=50 stn_interval=50 2026-08-26T03:54:29+00:00
9

Number of subproblems: 100
Number of neighbors: 10
Number of fixed turbines: 9
Number of mobile turbines: 47
Wind: 16.000000000000
Angle: 270.000000000000
Run id: 3
Stop criteria: 1000000
STN P (num vectors): 50
STN logger interval: 50

Run time:
[done]  instance=ns202 algo=moead run_id=8 2026-08-26T03:54:58+00:00
[start] instance=ns202 algo=nsga2 run_id=4 angle=240.000000000000 wind=13.000000000000 stop_criteria=1000000 stn_p=50 stn_interval=50 2026-08-26T03:54:58+00:00
9

Number of subproblems: 100
Number of neighbors: 10
Number of fixed turbines: 9
Number of mobile turbines: 47
Wind: 13.000000000000
Angle: 240.000000000000
Run id: 4
Stop criteria: 1000000
STN P (num vectors): 50
STN logger interval: 50

Run time:
[done]  instance=ns202 algo=moead run_id=6 2026-08-26T03:55:02+00:00
[start] instance=ns202 algo=nsga2 run_id=5 angle=240.000000000000 wind=7.000000000000 stop_criteria=1000000 stn_p=50 stn_interval=50 2026-08-26T03:55:02+00:00
9

Number of subproblems: 100
Number of neighbors: 10
Number of fixed turbines: 9
Number of mobile turbines: 47
Wind: 7.000000000000
Angle: 240.000000000000
Run id: 5
Stop criteria: 1000000
STN P (num vectors): 50
STN logger interval: 50

Run time:
[done]  instance=ns202 algo=moead run_id=9 2026-08-26T03:57:00+00:00
[start] instance=ns202 algo=nsga2 run_id=6 angle=180.000000000000 wind=15.000000000000 stop_criteria=1000000 stn_p=50 stn_interval=50 2026-08-26T03:57:01+00:00
9

Number of subproblems: 100
Number of neighbors: 10
Number of fixed turbines: 9
Number of mobile turbines: 47
Wind: 15.000000000000
Angle: 180.000000000000
Run id: 6
Stop criteria: 1000000
STN P (num vectors): 50
STN logger interval: 50

Run time:
[done]  instance=ns41 algo=nsga2 run_id=7 2026-08-26T03:57:27+00:00
[start] instance=ns202 algo=nsga2 run_id=7 angle=300.000000000000 wind=16.000000000000 stop_criteria=1000000 stn_p=50 stn_interval=50 2026-08-26T03:57:27+00:00
9

Number of subproblems: 100
Number of neighbors: 10
Number of fixed turbines: 9
Number of mobile turbines: 47
Wind: 16.000000000000
Angle: 300.000000000000
Run id: 7
Stop criteria: 1000000
STN P (num vectors): 50
STN logger interval: 50

Run time:
[done]  instance=ns41 algo=nsga2 run_id=9 2026-08-26T03:58:34+00:00
[start] instance=ns202 algo=nsga2 run_id=8 angle=150.000000000000 wind=10.000000000000 stop_criteria=1000000 stn_p=50 stn_interval=50 2026-08-26T03:58:34+00:00
9

Number of subproblems: 100
Number of neighbors: 10
Number of fixed turbines: 9
Number of mobile turbines: 47
Wind: 10.000000000000
Angle: 150.000000000000
Run id: 8
Stop criteria: 1000000
STN P (num vectors): 50
STN logger interval: 50

Run time:
[done]  instance=ns192 algo=nsga2 run_id=9 2026-08-26T04:00:23+00:00
[start] instance=ns202 algo=nsga2 run_id=9 angle=210.000000000000 wind=11.000000000000 stop_criteria=1000000 stn_p=50 stn_interval=50 2026-08-26T04:00:23+00:00
9

Number of subproblems: 100
Number of neighbors: 10
Number of fixed turbines: 9
Number of mobile turbines: 47
Wind: 11.000000000000
Angle: 210.000000000000
Run id: 9
Stop criteria: 1000000
STN P (num vectors): 50
STN logger interval: 50

Run time:
[done]  instance=ns192 algo=nsga2 run_id=1 2026-08-26T04:01:13+00:00
[start] instance=ns203 algo=moead run_id=0 angle=240.000000000000 wind=12.000000000000 stop_criteria=1000000 stn_p=50 stn_interval=50 2026-08-26T04:01:13+00:00
9

Number of subproblems: 100
Number of neighbors: 10
Number of fixed turbines: 24
Number of mobile turbines: 41
Wind: 12.000000000000
Angle: 240.000000000000
Run id: 0
Stop criteria: 1000000
STN P (num vectors): 50
STN logger interval: 50

Run time:
[done]  instance=ns192 algo=nsga2 run_id=0 2026-08-26T04:01:46+00:00
[start] instance=ns203 algo=moead run_id=1 angle=300.000000000000 wind=7.000000000000 stop_criteria=1000000 stn_p=50 stn_interval=50 2026-08-26T04:01:46+00:00
9

Number of subproblems: 100
Number of neighbors: 10
Number of fixed turbines: 24
Number of mobile turbines: 41
Wind: 7.000000000000
Angle: 300.000000000000
Run id: 1
Stop criteria: 1000000
STN P (num vectors): 50
STN logger interval: 50

Run time:
[done]  instance=ns192 algo=nsga2 run_id=6 2026-08-26T04:02:51+00:00
[start] instance=ns203 algo=moead run_id=2 angle=150.000000000000 wind=10.000000000000 stop_criteria=1000000 stn_p=50 stn_interval=50 2026-08-26T04:02:51+00:00
9

Number of subproblems: 100
Number of neighbors: 10
Number of fixed turbines: 24
Number of mobile turbines: 41
Wind: 10.000000000000
Angle: 150.000000000000
Run id: 2
Stop criteria: 1000000
STN P (num vectors): 50
STN logger interval: 50

Run time:
[done]  instance=ns41 algo=nsga2 run_id=3 2026-08-26T04:03:04+00:00
[start] instance=ns203 algo=moead run_id=3 angle=240.000000000000 wind=2.000000000000 stop_criteria=1000000 stn_p=50 stn_interval=50 2026-08-26T04:03:04+00:00
9

Number of subproblems: 100
Number of neighbors: 10
Number of fixed turbines: 24
Number of mobile turbines: 41
Wind: 2.000000000000
Angle: 240.000000000000
Run id: 3
Stop criteria: 1000000
STN P (num vectors): 50
STN logger interval: 50

Run time:
[done]  instance=ns192 algo=nsga2 run_id=3 2026-08-26T04:03:06+00:00
[start] instance=ns203 algo=moead run_id=4 angle=120.000000000000 wind=9.000000000000 stop_criteria=1000000 stn_p=50 stn_interval=50 2026-08-26T04:03:06+00:00
9

Number of subproblems: 100
Number of neighbors: 10
Number of fixed turbines: 24
Number of mobile turbines: 41
Wind: 9.000000000000
Angle: 120.000000000000
Run id: 4
Stop criteria: 1000000
STN P (num vectors): 50
STN logger interval: 50

Run time:
[done]  instance=ns192 algo=nsga2 run_id=8 2026-08-26T04:03:09+00:00
[start] instance=ns203 algo=moead run_id=5 angle=330.000000000000 wind=7.000000000000 stop_criteria=1000000 stn_p=50 stn_interval=50 2026-08-26T04:03:09+00:00
9

Number of subproblems: 100
Number of neighbors: 10
Number of fixed turbines: 24
Number of mobile turbines: 41
Wind: 7.000000000000
Angle: 330.000000000000
Run id: 5
Stop criteria: 1000000
STN P (num vectors): 50
STN logger interval: 50

Run time:
[done]  instance=ns192 algo=nsga2 run_id=7 2026-08-26T04:03:33+00:00
[start] instance=ns203 algo=moead run_id=6 angle=240.000000000000 wind=8.000000000000 stop_criteria=1000000 stn_p=50 stn_interval=50 2026-08-26T04:03:33+00:00
9

Number of subproblems: 100
Number of neighbors: 10
Number of fixed turbines: 24
Number of mobile turbines: 41
Wind: 8.000000000000
Angle: 240.000000000000
Run id: 6
Stop criteria: 1000000
STN P (num vectors): 50
STN logger interval: 50

Run time:
[done]  instance=ns192 algo=nsga2 run_id=4 2026-08-26T04:03:36+00:00
[start] instance=ns203 algo=moead run_id=7 angle=270.000000000000 wind=12.000000000000 stop_criteria=1000000 stn_p=50 stn_interval=50 2026-08-26T04:03:36+00:00
9

Number of subproblems: 100
Number of neighbors: 10
Number of fixed turbines: 24
Number of mobile turbines: 41
Wind: 12.000000000000
Angle: 270.000000000000
Run id: 7
Stop criteria: 1000000
STN P (num vectors): 50
STN logger interval: 50

Run time:
[done]  instance=ns192 algo=nsga2 run_id=2 2026-08-26T04:04:11+00:00
[start] instance=ns203 algo=moead run_id=8 angle=30.000000000000 wind=7.000000000000 stop_criteria=1000000 stn_p=50 stn_interval=50 2026-08-26T04:04:11+00:00
9

Number of subproblems: 100
Number of neighbors: 10
Number of fixed turbines: 24
Number of mobile turbines: 41
Wind: 7.000000000000
Angle: 30.000000000000
Run id: 8
Stop criteria: 1000000
STN P (num vectors): 50
STN logger interval: 50

Run time:
[done]  instance=ns192 algo=nsga2 run_id=5 2026-08-26T04:04:12+00:00
[start] instance=ns203 algo=moead run_id=9 angle=150.000000000000 wind=4.000000000000 stop_criteria=1000000 stn_p=50 stn_interval=50 2026-08-26T04:04:12+00:00
9

Number of subproblems: 100
Number of neighbors: 10
Number of fixed turbines: 24
Number of mobile turbines: 41
Wind: 4.000000000000
Angle: 150.000000000000
Run id: 9
Stop criteria: 1000000
STN P (num vectors): 50
STN logger interval: 50

Run time:
[done]  instance=ns203 algo=moead run_id=0 2026-08-26T04:05:12+00:00
[start] instance=ns203 algo=nsga2 run_id=0 angle=240.000000000000 wind=12.000000000000 stop_criteria=1000000 stn_p=50 stn_interval=50 2026-08-26T04:05:12+00:00
9

Number of subproblems: 100
Number of neighbors: 10
Number of fixed turbines: 24
Number of mobile turbines: 41
Wind: 12.000000000000
Angle: 240.000000000000
Run id: 0
Stop criteria: 1000000
STN P (num vectors): 50
STN logger interval: 50

Run time:
[done]  instance=ns203 algo=moead run_id=1 2026-08-26T04:05:48+00:00
[start] instance=ns203 algo=nsga2 run_id=1 angle=300.000000000000 wind=7.000000000000 stop_criteria=1000000 stn_p=50 stn_interval=50 2026-08-26T04:05:48+00:00
9

Number of subproblems: 100
Number of neighbors: 10
Number of fixed turbines: 24
Number of mobile turbines: 41
Wind: 7.000000000000
Angle: 300.000000000000
Run id: 1
Stop criteria: 1000000
STN P (num vectors): 50
STN logger interval: 50

Run time:
[done]  instance=ns203 algo=moead run_id=3 2026-08-26T04:06:42+00:00
[start] instance=ns203 algo=nsga2 run_id=2 angle=150.000000000000 wind=10.000000000000 stop_criteria=1000000 stn_p=50 stn_interval=50 2026-08-26T04:06:42+00:00
9

Number of subproblems: 100
Number of neighbors: 10
Number of fixed turbines: 24
Number of mobile turbines: 41
Wind: 10.000000000000
Angle: 150.000000000000
Run id: 2
Stop criteria: 1000000
STN P (num vectors): 50
STN logger interval: 50

Run time:
[done]  instance=ns203 algo=moead run_id=2 2026-08-26T04:07:01+00:00
[start] instance=ns203 algo=nsga2 run_id=3 angle=240.000000000000 wind=2.000000000000 stop_criteria=1000000 stn_p=50 stn_interval=50 2026-08-26T04:07:01+00:00
9

Number of subproblems: 100
Number of neighbors: 10
Number of fixed turbines: 24
Number of mobile turbines: 41
Wind: 2.000000000000
Angle: 240.000000000000
Run id: 3
Stop criteria: 1000000
STN P (num vectors): 50
STN logger interval: 50

Run time:
[done]  instance=ns203 algo=moead run_id=5 2026-08-26T04:07:08+00:00
[start] instance=ns203 algo=nsga2 run_id=4 angle=120.000000000000 wind=9.000000000000 stop_criteria=1000000 stn_p=50 stn_interval=50 2026-08-26T04:07:08+00:00
9

Number of subproblems: 100
Number of neighbors: 10
Number of fixed turbines: 24
Number of mobile turbines: 41
Wind: 9.000000000000
Angle: 120.000000000000
Run id: 4
Stop criteria: 1000000
STN P (num vectors): 50
STN logger interval: 50

Run time:
[done]  instance=ns203 algo=moead run_id=4 2026-08-26T04:07:15+00:00
[start] instance=ns203 algo=nsga2 run_id=5 angle=330.000000000000 wind=7.000000000000 stop_criteria=1000000 stn_p=50 stn_interval=50 2026-08-26T04:07:15+00:00
9

Number of subproblems: 100
Number of neighbors: 10
Number of fixed turbines: 24
Number of mobile turbines: 41
Wind: 7.000000000000
Angle: 330.000000000000
Run id: 5
Stop criteria: 1000000
STN P (num vectors): 50
STN logger interval: 50

Run time:
[done]  instance=ns203 algo=moead run_id=8 2026-08-26T04:07:48+00:00
[start] instance=ns203 algo=nsga2 run_id=6 angle=240.000000000000 wind=8.000000000000 stop_criteria=1000000 stn_p=50 stn_interval=50 2026-08-26T04:07:48+00:00
9

Number of subproblems: 100
Number of neighbors: 10
Number of fixed turbines: 24
Number of mobile turbines: 41
Wind: 8.000000000000
Angle: 240.000000000000
Run id: 6
Stop criteria: 1000000
STN P (num vectors): 50
STN logger interval: 50

Run time:
[done]  instance=ns203 algo=moead run_id=7 2026-08-26T04:07:49+00:00
[start] instance=ns203 algo=nsga2 run_id=7 angle=270.000000000000 wind=12.000000000000 stop_criteria=1000000 stn_p=50 stn_interval=50 2026-08-26T04:07:49+00:00
9

Number of subproblems: 100
Number of neighbors: 10
Number of fixed turbines: 24
Number of mobile turbines: 41
Wind: 12.000000000000
Angle: 270.000000000000
Run id: 7
Stop criteria: 1000000
STN P (num vectors): 50
STN logger interval: 50

Run time:
[done]  instance=ns203 algo=moead run_id=6 2026-08-26T04:07:59+00:00
[start] instance=ns203 algo=nsga2 run_id=8 angle=30.000000000000 wind=7.000000000000 stop_criteria=1000000 stn_p=50 stn_interval=50 2026-08-26T04:07:59+00:00
9

Number of subproblems: 100
Number of neighbors: 10
Number of fixed turbines: 24
Number of mobile turbines: 41
Wind: 7.000000000000
Angle: 30.000000000000
Run id: 8
Stop criteria: 1000000
STN P (num vectors): 50
STN logger interval: 50

Run time:
[done]  instance=ns203 algo=moead run_id=9 2026-08-26T04:08:01+00:00
[start] instance=ns203 algo=nsga2 run_id=9 angle=150.000000000000 wind=4.000000000000 stop_criteria=1000000 stn_p=50 stn_interval=50 2026-08-26T04:08:01+00:00
9

Number of subproblems: 100
Number of neighbors: 10
Number of fixed turbines: 24
Number of mobile turbines: 41
Wind: 4.000000000000
Angle: 150.000000000000
Run id: 9
Stop criteria: 1000000
STN P (num vectors): 50
STN logger interval: 50

Run time:
[done]  instance=ns202 algo=nsga2 run_id=5 2026-08-26T04:20:19+00:00
[start] instance=ns440 algo=moead run_id=0 angle=240.000000000000 wind=9.000000000000 stop_criteria=1000000 stn_p=50 stn_interval=50 2026-08-26T04:20:19+00:00
9

Number of subproblems: 100
Number of neighbors: 10
Number of fixed turbines: 27
Number of mobile turbines: 140
Wind: 9.000000000000
Angle: 240.000000000000
Run id: 0
Stop criteria: 1000000
STN P (num vectors): 50
STN logger interval: 50

Run time:
[done]  instance=ns202 algo=nsga2 run_id=1 2026-08-26T04:22:53+00:00
[start] instance=ns440 algo=moead run_id=1 angle=240.000000000000 wind=16.000000000000 stop_criteria=1000000 stn_p=50 stn_interval=50 2026-08-26T04:22:53+00:00
9

Number of subproblems: 100
Number of neighbors: 10
Number of fixed turbines: 27
Number of mobile turbines: 140
Wind: 16.000000000000
Angle: 240.000000000000
Run id: 1
Stop criteria: 1000000
STN P (num vectors): 50
STN logger interval: 50

Run time:
[done]  instance=ns202 algo=nsga2 run_id=0 2026-08-26T04:23:30+00:00
[start] instance=ns440 algo=moead run_id=2 angle=240.000000000000 wind=8.000000000000 stop_criteria=1000000 stn_p=50 stn_interval=50 2026-08-26T04:23:31+00:00
9

Number of subproblems: 100
Number of neighbors: 10
Number of fixed turbines: 27
Number of mobile turbines: 140
Wind: 8.000000000000
Angle: 240.000000000000
Run id: 2
Stop criteria: 1000000
STN P (num vectors): 50
STN logger interval: 50

Run time:
[done]  instance=ns202 algo=nsga2 run_id=2 2026-08-26T04:24:10+00:00
[start] instance=ns440 algo=moead run_id=3 angle=300.000000000000 wind=8.000000000000 stop_criteria=1000000 stn_p=50 stn_interval=50 2026-08-26T04:24:10+00:00
9

Number of subproblems: 100
Number of neighbors: 10
Number of fixed turbines: 27
Number of mobile turbines: 140
Wind: 8.000000000000
Angle: 300.000000000000
Run id: 3
Stop criteria: 1000000
STN P (num vectors): 50
STN logger interval: 50

Run time:
[done]  instance=ns202 algo=nsga2 run_id=3 2026-08-26T04:24:13+00:00
[start] instance=ns440 algo=moead run_id=4 angle=210.000000000000 wind=8.000000000000 stop_criteria=1000000 stn_p=50 stn_interval=50 2026-08-26T04:24:13+00:00
9

Number of subproblems: 100
Number of neighbors: 10
Number of fixed turbines: 27
Number of mobile turbines: 140
Wind: 8.000000000000
Angle: 210.000000000000
Run id: 4
Stop criteria: 1000000
STN P (num vectors): 50
STN logger interval: 50

Run time:
[done]  instance=ns202 algo=nsga2 run_id=4 2026-08-26T04:24:17+00:00
[start] instance=ns440 algo=moead run_id=5 angle=60.000000000000 wind=11.000000000000 stop_criteria=1000000 stn_p=50 stn_interval=50 2026-08-26T04:24:17+00:00
9

Number of subproblems: 100
Number of neighbors: 10
Number of fixed turbines: 27
Number of mobile turbines: 140
Wind: 11.000000000000
Angle: 60.000000000000
Run id: 5
Stop criteria: 1000000
STN P (num vectors): 50
STN logger interval: 50

Run time:
[done]  instance=ns202 algo=nsga2 run_id=7 2026-08-26T04:24:40+00:00
[start] instance=ns440 algo=moead run_id=6 angle=150.000000000000 wind=8.000000000000 stop_criteria=1000000 stn_p=50 stn_interval=50 2026-08-26T04:24:40+00:00
9

Number of subproblems: 100
Number of neighbors: 10
Number of fixed turbines: 27
Number of mobile turbines: 140
Wind: 8.000000000000
Angle: 150.000000000000
Run id: 6
Stop criteria: 1000000
STN P (num vectors): 50
STN logger interval: 50

Run time:
[done]  instance=ns202 algo=nsga2 run_id=6 2026-08-26T04:25:29+00:00
[start] instance=ns440 algo=moead run_id=7 angle=0.000000000000 wind=7.000000000000 stop_criteria=1000000 stn_p=50 stn_interval=50 2026-08-26T04:25:29+00:00
9

Number of subproblems: 100
Number of neighbors: 10
Number of fixed turbines: 27
Number of mobile turbines: 140
Wind: 7.000000000000
Angle: 0.000000000000
Run id: 7
Stop criteria: 1000000
STN P (num vectors): 50
STN logger interval: 50

Run time:
[done]  instance=ns202 algo=nsga2 run_id=8 2026-08-26T04:25:38+00:00
[start] instance=ns440 algo=moead run_id=8 angle=30.000000000000 wind=4.000000000000 stop_criteria=1000000 stn_p=50 stn_interval=50 2026-08-26T04:25:38+00:00
9

Number of subproblems: 100
Number of neighbors: 10
Number of fixed turbines: 27
Number of mobile turbines: 140
Wind: 4.000000000000
Angle: 30.000000000000
Run id: 8
Stop criteria: 1000000
STN P (num vectors): 50
STN logger interval: 50

Run time:
[done]  instance=ns203 algo=nsga2 run_id=1 2026-08-26T04:27:38+00:00
[start] instance=ns440 algo=moead run_id=9 angle=210.000000000000 wind=14.000000000000 stop_criteria=1000000 stn_p=50 stn_interval=50 2026-08-26T04:27:38+00:00
9

Number of subproblems: 100
Number of neighbors: 10
Number of fixed turbines: 27
Number of mobile turbines: 140
Wind: 14.000000000000
Angle: 210.000000000000
Run id: 9
Stop criteria: 1000000
STN P (num vectors): 50
STN logger interval: 50

Run time:
[done]  instance=ns202 algo=nsga2 run_id=9 2026-08-26T04:28:09+00:00
[start] instance=ns440 algo=nsga2 run_id=0 angle=240.000000000000 wind=9.000000000000 stop_criteria=1000000 stn_p=50 stn_interval=50 2026-08-26T04:28:09+00:00
9

Number of subproblems: 100
Number of neighbors: 10
Number of fixed turbines: 27
Number of mobile turbines: 140
Wind: 9.000000000000
Angle: 240.000000000000
Run id: 0
Stop criteria: 1000000
STN P (num vectors): 50
STN logger interval: 50

Run time:
[done]  instance=ns203 algo=nsga2 run_id=4 2026-08-26T04:28:39+00:00
[start] instance=ns440 algo=nsga2 run_id=1 angle=240.000000000000 wind=16.000000000000 stop_criteria=1000000 stn_p=50 stn_interval=50 2026-08-26T04:28:39+00:00
9

Number of subproblems: 100
Number of neighbors: 10
Number of fixed turbines: 27
Number of mobile turbines: 140
Wind: 16.000000000000
Angle: 240.000000000000
Run id: 1
Stop criteria: 1000000
STN P (num vectors): 50
STN logger interval: 50

Run time:
[done]  instance=ns203 algo=nsga2 run_id=0 2026-08-26T04:29:53+00:00
[start] instance=ns440 algo=nsga2 run_id=2 angle=240.000000000000 wind=8.000000000000 stop_criteria=1000000 stn_p=50 stn_interval=50 2026-08-26T04:29:53+00:00
9

Number of subproblems: 100
Number of neighbors: 10
Number of fixed turbines: 27
Number of mobile turbines: 140
Wind: 8.000000000000
Angle: 240.000000000000
Run id: 2
Stop criteria: 1000000
STN P (num vectors): 50
STN logger interval: 50

Run time:
[done]  instance=ns203 algo=nsga2 run_id=2 2026-08-26T04:29:54+00:00
[start] instance=ns440 algo=nsga2 run_id=3 angle=300.000000000000 wind=8.000000000000 stop_criteria=1000000 stn_p=50 stn_interval=50 2026-08-26T04:29:54+00:00
9

Number of subproblems: 100
Number of neighbors: 10
Number of fixed turbines: 27
Number of mobile turbines: 140
Wind: 8.000000000000
Angle: 300.000000000000
Run id: 3
Stop criteria: 1000000
STN P (num vectors): 50
STN logger interval: 50

Run time:
[done]  instance=ns203 algo=nsga2 run_id=3 2026-08-26T04:29:57+00:00
[start] instance=ns440 algo=nsga2 run_id=4 angle=210.000000000000 wind=8.000000000000 stop_criteria=1000000 stn_p=50 stn_interval=50 2026-08-26T04:29:57+00:00
9

Number of subproblems: 100
Number of neighbors: 10
Number of fixed turbines: 27
Number of mobile turbines: 140
Wind: 8.000000000000
Angle: 210.000000000000
Run id: 4
Stop criteria: 1000000
STN P (num vectors): 50
STN logger interval: 50

Run time:
[done]  instance=ns203 algo=nsga2 run_id=5 2026-08-26T04:31:02+00:00
[start] instance=ns440 algo=nsga2 run_id=5 angle=60.000000000000 wind=11.000000000000 stop_criteria=1000000 stn_p=50 stn_interval=50 2026-08-26T04:31:02+00:00
9

Number of subproblems: 100
Number of neighbors: 10
Number of fixed turbines: 27
Number of mobile turbines: 140
Wind: 11.000000000000
Angle: 60.000000000000
Run id: 5
Stop criteria: 1000000
STN P (num vectors): 50
STN logger interval: 50

Run time:
[done]  instance=ns203 algo=nsga2 run_id=7 2026-08-26T04:31:40+00:00
[start] instance=ns440 algo=nsga2 run_id=6 angle=150.000000000000 wind=8.000000000000 stop_criteria=1000000 stn_p=50 stn_interval=50 2026-08-26T04:31:41+00:00
9

Number of subproblems: 100
Number of neighbors: 10
Number of fixed turbines: 27
Number of mobile turbines: 140
Wind: 8.000000000000
Angle: 150.000000000000
Run id: 6
Stop criteria: 1000000
STN P (num vectors): 50
STN logger interval: 50

Run time:
[done]  instance=ns203 algo=nsga2 run_id=8 2026-08-26T04:31:50+00:00
[start] instance=ns440 algo=nsga2 run_id=7 angle=0.000000000000 wind=7.000000000000 stop_criteria=1000000 stn_p=50 stn_interval=50 2026-08-26T04:31:50+00:00
9

Number of subproblems: 100
Number of neighbors: 10
Number of fixed turbines: 27
Number of mobile turbines: 140
Wind: 7.000000000000
Angle: 0.000000000000
Run id: 7
Stop criteria: 1000000
STN P (num vectors): 50
STN logger interval: 50

Run time:
[done]  instance=ns203 algo=nsga2 run_id=6 2026-08-26T04:32:15+00:00
[start] instance=ns440 algo=nsga2 run_id=8 angle=30.000000000000 wind=4.000000000000 stop_criteria=1000000 stn_p=50 stn_interval=50 2026-08-26T04:32:16+00:00
9

Number of subproblems: 100
Number of neighbors: 10
Number of fixed turbines: 27
Number of mobile turbines: 140
Wind: 4.000000000000
Angle: 30.000000000000
Run id: 8
Stop criteria: 1000000
STN P (num vectors): 50
STN logger interval: 50

Run time:
[done]  instance=ns203 algo=nsga2 run_id=9 2026-08-26T04:34:01+00:00
[start] instance=ns440 algo=nsga2 run_id=9 angle=210.000000000000 wind=14.000000000000 stop_criteria=1000000 stn_p=50 stn_interval=50 2026-08-26T04:34:02+00:00
9

Number of subproblems: 100
Number of neighbors: 10
Number of fixed turbines: 27
Number of mobile turbines: 140
Wind: 14.000000000000
Angle: 210.000000000000
Run id: 9
Stop criteria: 1000000
STN P (num vectors): 50
STN logger interval: 50

Run time:
[done]  instance=ns440 algo=moead run_id=7 2026-08-26T04:41:42+00:00
[start] instance=ns465 algo=moead run_id=0 angle=120.000000000000 wind=15.000000000000 stop_criteria=1000000 stn_p=50 stn_interval=50 2026-08-26T04:41:42+00:00
9

Number of subproblems: 100
Number of neighbors: 10
Number of fixed turbines: 20
Number of mobile turbines: 79
Wind: 15.000000000000
Angle: 120.000000000000
Run id: 0
Stop criteria: 1000000
STN P (num vectors): 50
STN logger interval: 50

Run time:
[done]  instance=ns440 algo=moead run_id=1 2026-08-26T04:48:13+00:00
[start] instance=ns465 algo=moead run_id=1 angle=30.000000000000 wind=9.000000000000 stop_criteria=1000000 stn_p=50 stn_interval=50 2026-08-26T04:48:13+00:00
9

Number of subproblems: 100
Number of neighbors: 10
Number of fixed turbines: 20
Number of mobile turbines: 79
Wind: 9.000000000000
Angle: 30.000000000000
Run id: 1
Stop criteria: 1000000
STN P (num vectors): 50
STN logger interval: 50

Run time:
[done]  instance=ns440 algo=moead run_id=0 2026-08-26T04:48:17+00:00
[start] instance=ns465 algo=moead run_id=2 angle=210.000000000000 wind=3.000000000000 stop_criteria=1000000 stn_p=50 stn_interval=50 2026-08-26T04:48:17+00:00
9

Number of subproblems: 100
Number of neighbors: 10
Number of fixed turbines: 20
Number of mobile turbines: 79
Wind: 3.000000000000
Angle: 210.000000000000
Run id: 2
Stop criteria: 1000000
STN P (num vectors): 50
STN logger interval: 50

Run time:
[done]  instance=ns465 algo=moead run_id=0 2026-08-26T04:49:56+00:00
[start] instance=ns465 algo=moead run_id=3 angle=210.000000000000 wind=11.000000000000 stop_criteria=1000000 stn_p=50 stn_interval=50 2026-08-26T04:49:56+00:00
9

Number of subproblems: 100
Number of neighbors: 10
Number of fixed turbines: 20
Number of mobile turbines: 79
Wind: 11.000000000000
Angle: 210.000000000000
Run id: 3
Stop criteria: 1000000
STN P (num vectors): 50
STN logger interval: 50

Run time:
[done]  instance=ns440 algo=moead run_id=5 2026-08-26T04:50:02+00:00
[start] instance=ns465 algo=moead run_id=4 angle=180.000000000000 wind=20.000000000000 stop_criteria=1000000 stn_p=50 stn_interval=50 2026-08-26T04:50:02+00:00
9

Number of subproblems: 100
Number of neighbors: 10
Number of fixed turbines: 20
Number of mobile turbines: 79
Wind: 20.000000000000
Angle: 180.000000000000
Run id: 4
Stop criteria: 1000000
STN P (num vectors): 50
STN logger interval: 50

Run time:
[done]  instance=ns440 algo=moead run_id=2 2026-08-26T04:50:27+00:00
[start] instance=ns465 algo=moead run_id=5 angle=60.000000000000 wind=10.000000000000 stop_criteria=1000000 stn_p=50 stn_interval=50 2026-08-26T04:50:28+00:00
9

Number of subproblems: 100
Number of neighbors: 10
Number of fixed turbines: 20
Number of mobile turbines: 79
Wind: 10.000000000000
Angle: 60.000000000000
Run id: 5
Stop criteria: 1000000
STN P (num vectors): 50
STN logger interval: 50

Run time:
[done]  instance=ns440 algo=moead run_id=8 2026-08-26T04:51:18+00:00
[start] instance=ns465 algo=moead run_id=6 angle=60.000000000000 wind=12.000000000000 stop_criteria=1000000 stn_p=50 stn_interval=50 2026-08-26T04:51:18+00:00
9

Number of subproblems: 100
Number of neighbors: 10
Number of fixed turbines: 20
Number of mobile turbines: 79
Wind: 12.000000000000
Angle: 60.000000000000
Run id: 6
Stop criteria: 1000000
STN P (num vectors): 50
STN logger interval: 50

Run time:
[done]  instance=ns440 algo=moead run_id=3 2026-08-26T04:52:01+00:00
[start] instance=ns465 algo=moead run_id=7 angle=30.000000000000 wind=3.000000000000 stop_criteria=1000000 stn_p=50 stn_interval=50 2026-08-26T04:52:01+00:00
9

Number of subproblems: 100
Number of neighbors: 10
Number of fixed turbines: 20
Number of mobile turbines: 79
Wind: 3.000000000000
Angle: 30.000000000000
Run id: 7
Stop criteria: 1000000
STN P (num vectors): 50
STN logger interval: 50

Run time:
[done]  instance=ns440 algo=moead run_id=6 2026-08-26T04:52:36+00:00
[start] instance=ns465 algo=moead run_id=8 angle=210.000000000000 wind=13.000000000000 stop_criteria=1000000 stn_p=50 stn_interval=50 2026-08-26T04:52:37+00:00
9

Number of subproblems: 100
Number of neighbors: 10
Number of fixed turbines: 20
Number of mobile turbines: 79
Wind: 13.000000000000
Angle: 210.000000000000
Run id: 8
Stop criteria: 1000000
STN P (num vectors): 50
STN logger interval: 50

Run time:
[done]  instance=ns440 algo=moead run_id=9 2026-08-26T04:54:20+00:00
[start] instance=ns465 algo=moead run_id=9 angle=120.000000000000 wind=8.000000000000 stop_criteria=1000000 stn_p=50 stn_interval=50 2026-08-26T04:54:20+00:00
9

Number of subproblems: 100
Number of neighbors: 10
Number of fixed turbines: 20
Number of mobile turbines: 79
Wind: 8.000000000000
Angle: 120.000000000000
Run id: 9
Stop criteria: 1000000
STN P (num vectors): 50
STN logger interval: 50

Run time:
[done]  instance=ns440 algo=moead run_id=4 2026-08-26T04:54:42+00:00
[start] instance=ns465 algo=nsga2 run_id=0 angle=120.000000000000 wind=15.000000000000 stop_criteria=1000000 stn_p=50 stn_interval=50 2026-08-26T04:54:43+00:00
9

Number of subproblems: 100
Number of neighbors: 10
Number of fixed turbines: 20
Number of mobile turbines: 79
Wind: 15.000000000000
Angle: 120.000000000000
Run id: 0
Stop criteria: 1000000
STN P (num vectors): 50
STN logger interval: 50

Run time:
[done]  instance=ns465 algo=moead run_id=1 2026-08-26T04:56:06+00:00
[start] instance=ns465 algo=nsga2 run_id=1 angle=30.000000000000 wind=9.000000000000 stop_criteria=1000000 stn_p=50 stn_interval=50 2026-08-26T04:56:06+00:00
9

Number of subproblems: 100
Number of neighbors: 10
Number of fixed turbines: 20
Number of mobile turbines: 79
Wind: 9.000000000000
Angle: 30.000000000000
Run id: 1
Stop criteria: 1000000
STN P (num vectors): 50
STN logger interval: 50

Run time:
[done]  instance=ns465 algo=moead run_id=2 2026-08-26T04:58:56+00:00
[start] instance=ns465 algo=nsga2 run_id=2 angle=210.000000000000 wind=3.000000000000 stop_criteria=1000000 stn_p=50 stn_interval=50 2026-08-26T04:58:56+00:00
9

Number of subproblems: 100
Number of neighbors: 10
Number of fixed turbines: 20
Number of mobile turbines: 79
Wind: 3.000000000000
Angle: 210.000000000000
Run id: 2
Stop criteria: 1000000
STN P (num vectors): 50
STN logger interval: 50

Run time:
[done]  instance=ns465 algo=moead run_id=4 2026-08-26T04:59:12+00:00
[start] instance=ns465 algo=nsga2 run_id=3 angle=210.000000000000 wind=11.000000000000 stop_criteria=1000000 stn_p=50 stn_interval=50 2026-08-26T04:59:12+00:00
9

Number of subproblems: 100
Number of neighbors: 10
Number of fixed turbines: 20
Number of mobile turbines: 79
Wind: 11.000000000000
Angle: 210.000000000000
Run id: 3
Stop criteria: 1000000
STN P (num vectors): 50
STN logger interval: 50

Run time:
[done]  instance=ns465 algo=moead run_id=3 2026-08-26T04:59:17+00:00
[start] instance=ns465 algo=nsga2 run_id=4 angle=180.000000000000 wind=20.000000000000 stop_criteria=1000000 stn_p=50 stn_interval=50 2026-08-26T04:59:18+00:00
9

Number of subproblems: 100
Number of neighbors: 10
Number of fixed turbines: 20
Number of mobile turbines: 79
Wind: 20.000000000000
Angle: 180.000000000000
Run id: 4
Stop criteria: 1000000
STN P (num vectors): 50
STN logger interval: 50

Run time:
[done]  instance=ns465 algo=moead run_id=5 2026-08-26T04:59:28+00:00
[start] instance=ns465 algo=nsga2 run_id=5 angle=60.000000000000 wind=10.000000000000 stop_criteria=1000000 stn_p=50 stn_interval=50 2026-08-26T04:59:28+00:00
9

Number of subproblems: 100
Number of neighbors: 10
Number of fixed turbines: 20
Number of mobile turbines: 79
Wind: 10.000000000000
Angle: 60.000000000000
Run id: 5
Stop criteria: 1000000
STN P (num vectors): 50
STN logger interval: 50

Run time:
[done]  instance=ns465 algo=moead run_id=6 2026-08-26T05:00:23+00:00
[start] instance=ns465 algo=nsga2 run_id=6 angle=60.000000000000 wind=12.000000000000 stop_criteria=1000000 stn_p=50 stn_interval=50 2026-08-26T05:00:24+00:00
9

Number of subproblems: 100
Number of neighbors: 10
Number of fixed turbines: 20
Number of mobile turbines: 79
Wind: 12.000000000000
Angle: 60.000000000000
Run id: 6
Stop criteria: 1000000
STN P (num vectors): 50
STN logger interval: 50

Run time:
[done]  instance=ns465 algo=moead run_id=7 2026-08-26T05:00:50+00:00
[start] instance=ns465 algo=nsga2 run_id=7 angle=30.000000000000 wind=3.000000000000 stop_criteria=1000000 stn_p=50 stn_interval=50 2026-08-26T05:00:51+00:00
9

Number of subproblems: 100
Number of neighbors: 10
Number of fixed turbines: 20
Number of mobile turbines: 79
Wind: 3.000000000000
Angle: 30.000000000000
Run id: 7
Stop criteria: 1000000
STN P (num vectors): 50
STN logger interval: 50

Run time:
[done]  instance=ns465 algo=moead run_id=8 2026-08-26T05:02:27+00:00
[start] instance=ns465 algo=nsga2 run_id=8 angle=210.000000000000 wind=13.000000000000 stop_criteria=1000000 stn_p=50 stn_interval=50 2026-08-26T05:02:27+00:00
9

Number of subproblems: 100
Number of neighbors: 10
Number of fixed turbines: 20
Number of mobile turbines: 79
Wind: 13.000000000000
Angle: 210.000000000000
Run id: 8
Stop criteria: 1000000
STN P (num vectors): 50
STN logger interval: 50

Run time:
[done]  instance=ns465 algo=moead run_id=9 2026-08-26T05:03:28+00:00
[start] instance=ns465 algo=nsga2 run_id=9 angle=120.000000000000 wind=8.000000000000 stop_criteria=1000000 stn_p=50 stn_interval=50 2026-08-26T05:03:29+00:00
9

Number of subproblems: 100
Number of neighbors: 10
Number of fixed turbines: 20
Number of mobile turbines: 79
Wind: 8.000000000000
Angle: 120.000000000000
Run id: 9
Stop criteria: 1000000
STN P (num vectors): 50
STN logger interval: 50

Run time:
[done]  instance=ns465 algo=nsga2 run_id=4 2026-08-26T06:11:33+00:00
[start] instance=ns488 algo=moead run_id=0 angle=240.000000000000 wind=10.000000000000 stop_criteria=1000000 stn_p=50 stn_interval=50 2026-08-26T06:11:33+00:00
9

Number of subproblems: 100
Number of neighbors: 10
Number of fixed turbines: 9
Number of mobile turbines: 40
Wind: 10.000000000000
Angle: 240.000000000000
Run id: 0
Stop criteria: 1000000
STN P (num vectors): 50
STN logger interval: 50

Run time:
[done]  instance=ns465 algo=nsga2 run_id=1 2026-08-26T06:12:25+00:00
[start] instance=ns488 algo=moead run_id=1 angle=330.000000000000 wind=5.000000000000 stop_criteria=1000000 stn_p=50 stn_interval=50 2026-08-26T06:12:25+00:00
9

Number of subproblems: 100
Number of neighbors: 10
Number of fixed turbines: 9
Number of mobile turbines: 40
Wind: 5.000000000000
Angle: 330.000000000000
Run id: 1
Stop criteria: 1000000
STN P (num vectors): 50
STN logger interval: 50

Run time:
[done]  instance=ns488 algo=moead run_id=0 2026-08-26T06:14:06+00:00
[start] instance=ns488 algo=moead run_id=2 angle=150.000000000000 wind=13.000000000000 stop_criteria=1000000 stn_p=50 stn_interval=50 2026-08-26T06:14:06+00:00
9

Number of subproblems: 100
Number of neighbors: 10
Number of fixed turbines: 9
Number of mobile turbines: 40
Wind: 13.000000000000
Angle: 150.000000000000
Run id: 2
Stop criteria: 1000000
STN P (num vectors): 50
STN logger interval: 50

Run time:
[done]  instance=ns465 algo=nsga2 run_id=0 2026-08-26T06:14:52+00:00
[start] instance=ns488 algo=moead run_id=3 angle=240.000000000000 wind=12.000000000000 stop_criteria=1000000 stn_p=50 stn_interval=50 2026-08-26T06:14:52+00:00
9

Number of subproblems: 100
Number of neighbors: 10
Number of fixed turbines: 9
Number of mobile turbines: 40
Wind: 12.000000000000
Angle: 240.000000000000
Run id: 3
Stop criteria: 1000000
STN P (num vectors): 50
STN logger interval: 50

Run time:
[done]  instance=ns488 algo=moead run_id=1 2026-08-26T06:14:57+00:00
[start] instance=ns488 algo=moead run_id=4 angle=30.000000000000 wind=7.000000000000 stop_criteria=1000000 stn_p=50 stn_interval=50 2026-08-26T06:14:57+00:00
9

Number of subproblems: 100
Number of neighbors: 10
Number of fixed turbines: 9
Number of mobile turbines: 40
Wind: 7.000000000000
Angle: 30.000000000000
Run id: 4
Stop criteria: 1000000
STN P (num vectors): 50
STN logger interval: 50

Run time:
[done]  instance=ns488 algo=moead run_id=2 2026-08-26T06:16:35+00:00
[start] instance=ns488 algo=moead run_id=5 angle=180.000000000000 wind=7.000000000000 stop_criteria=1000000 stn_p=50 stn_interval=50 2026-08-26T06:16:35+00:00
9

Number of subproblems: 100
Number of neighbors: 10
Number of fixed turbines: 9
Number of mobile turbines: 40
Wind: 7.000000000000
Angle: 180.000000000000
Run id: 5
Stop criteria: 1000000
STN P (num vectors): 50
STN logger interval: 50

Run time:
[done]  instance=ns465 algo=nsga2 run_id=2 2026-08-26T06:16:54+00:00
[start] instance=ns488 algo=moead run_id=6 angle=60.000000000000 wind=3.000000000000 stop_criteria=1000000 stn_p=50 stn_interval=50 2026-08-26T06:16:54+00:00
9

Number of subproblems: 100
Number of neighbors: 10
Number of fixed turbines: 9
Number of mobile turbines: 40
Wind: 3.000000000000
Angle: 60.000000000000
Run id: 6
Stop criteria: 1000000
STN P (num vectors): 50
STN logger interval: 50

Run time:
[done]  instance=ns488 algo=moead run_id=4 2026-08-26T06:17:02+00:00
[start] instance=ns488 algo=moead run_id=7 angle=0.000000000000 wind=8.000000000000 stop_criteria=1000000 stn_p=50 stn_interval=50 2026-08-26T06:17:02+00:00
9

Number of subproblems: 100
Number of neighbors: 10
Number of fixed turbines: 9
Number of mobile turbines: 40
Wind: 8.000000000000
Angle: 0.000000000000
Run id: 7
Stop criteria: 1000000
STN P (num vectors): 50
STN logger interval: 50

Run time:
[done]  instance=ns465 algo=nsga2 run_id=5 2026-08-26T06:17:03+00:00
[start] instance=ns488 algo=moead run_id=8 angle=120.000000000000 wind=9.000000000000 stop_criteria=1000000 stn_p=50 stn_interval=50 2026-08-26T06:17:04+00:00
9

Number of subproblems: 100
Number of neighbors: 10
Number of fixed turbines: 9
Number of mobile turbines: 40
Wind: 9.000000000000
Angle: 120.000000000000
Run id: 8
Stop criteria: 1000000
STN P (num vectors): 50
STN logger interval: 50

Run time:
[done]  instance=ns488 algo=moead run_id=3 2026-08-26T06:17:20+00:00
[start] instance=ns488 algo=moead run_id=9 angle=120.000000000000 wind=15.000000000000 stop_criteria=1000000 stn_p=50 stn_interval=50 2026-08-26T06:17:20+00:00
9

Number of subproblems: 100
Number of neighbors: 10
Number of fixed turbines: 9
Number of mobile turbines: 40
Wind: 15.000000000000
Angle: 120.000000000000
Run id: 9
Stop criteria: 1000000
STN P (num vectors): 50
STN logger interval: 50

Run time:
[done]  instance=ns465 algo=nsga2 run_id=6 2026-08-26T06:17:53+00:00
[start] instance=ns488 algo=nsga2 run_id=0 angle=240.000000000000 wind=10.000000000000 stop_criteria=1000000 stn_p=50 stn_interval=50 2026-08-26T06:17:53+00:00
9

Number of subproblems: 100
Number of neighbors: 10
Number of fixed turbines: 9
Number of mobile turbines: 40
Wind: 10.000000000000
Angle: 240.000000000000
Run id: 0
Stop criteria: 1000000
STN P (num vectors): 50
STN logger interval: 50

Run time:
[done]  instance=ns465 algo=nsga2 run_id=7 2026-08-26T06:18:33+00:00
[start] instance=ns488 algo=nsga2 run_id=1 angle=330.000000000000 wind=5.000000000000 stop_criteria=1000000 stn_p=50 stn_interval=50 2026-08-26T06:18:33+00:00
9

Number of subproblems: 100
Number of neighbors: 10
Number of fixed turbines: 9
Number of mobile turbines: 40
Wind: 5.000000000000
Angle: 330.000000000000
Run id: 1
Stop criteria: 1000000
STN P (num vectors): 50
STN logger interval: 50

Run time:
[done]  instance=ns488 algo=moead run_id=7 2026-08-26T06:18:48+00:00
[start] instance=ns488 algo=nsga2 run_id=2 angle=150.000000000000 wind=13.000000000000 stop_criteria=1000000 stn_p=50 stn_interval=50 2026-08-26T06:18:48+00:00
9

Number of subproblems: 100
Number of neighbors: 10
Number of fixed turbines: 9
Number of mobile turbines: 40
Wind: 13.000000000000
Angle: 150.000000000000
Run id: 2
Stop criteria: 1000000
STN P (num vectors): 50
STN logger interval: 50

Run time:
[done]  instance=ns488 algo=moead run_id=5 2026-08-26T06:19:04+00:00
[start] instance=ns488 algo=nsga2 run_id=3 angle=240.000000000000 wind=12.000000000000 stop_criteria=1000000 stn_p=50 stn_interval=50 2026-08-26T06:19:04+00:00
9

Number of subproblems: 100
Number of neighbors: 10
Number of fixed turbines: 9
Number of mobile turbines: 40
Wind: 12.000000000000
Angle: 240.000000000000
Run id: 3
Stop criteria: 1000000
STN P (num vectors): 50
STN logger interval: 50

Run time:
[done]  instance=ns488 algo=moead run_id=6 2026-08-26T06:19:19+00:00
[start] instance=ns488 algo=nsga2 run_id=4 angle=30.000000000000 wind=7.000000000000 stop_criteria=1000000 stn_p=50 stn_interval=50 2026-08-26T06:19:19+00:00
9

Number of subproblems: 100
Number of neighbors: 10
Number of fixed turbines: 9
Number of mobile turbines: 40
Wind: 7.000000000000
Angle: 30.000000000000
Run id: 4
Stop criteria: 1000000
STN P (num vectors): 50
STN logger interval: 50

Run time:
[done]  instance=ns488 algo=moead run_id=8 2026-08-26T06:19:38+00:00
[start] instance=ns488 algo=nsga2 run_id=5 angle=180.000000000000 wind=7.000000000000 stop_criteria=1000000 stn_p=50 stn_interval=50 2026-08-26T06:19:38+00:00
9

Number of subproblems: 100
Number of neighbors: 10
Number of fixed turbines: 9
Number of mobile turbines: 40
Wind: 7.000000000000
Angle: 180.000000000000
Run id: 5
Stop criteria: 1000000
STN P (num vectors): 50
STN logger interval: 50

Run time:
[done]  instance=ns488 algo=moead run_id=9 2026-08-26T06:19:48+00:00
[start] instance=ns488 algo=nsga2 run_id=6 angle=60.000000000000 wind=3.000000000000 stop_criteria=1000000 stn_p=50 stn_interval=50 2026-08-26T06:19:48+00:00
9

Number of subproblems: 100
Number of neighbors: 10
Number of fixed turbines: 9
Number of mobile turbines: 40
Wind: 3.000000000000
Angle: 60.000000000000
Run id: 6
Stop criteria: 1000000
STN P (num vectors): 50
STN logger interval: 50

Run time:
[done]  instance=ns465 algo=nsga2 run_id=9 2026-08-26T06:22:36+00:00
[start] instance=ns488 algo=nsga2 run_id=7 angle=0.000000000000 wind=8.000000000000 stop_criteria=1000000 stn_p=50 stn_interval=50 2026-08-26T06:22:36+00:00
9

Number of subproblems: 100
Number of neighbors: 10
Number of fixed turbines: 9
Number of mobile turbines: 40
Wind: 8.000000000000
Angle: 0.000000000000
Run id: 7
Stop criteria: 1000000
STN P (num vectors): 50
STN logger interval: 50

Run time:
[done]  instance=ns465 algo=nsga2 run_id=8 2026-08-26T06:24:56+00:00
[start] instance=ns488 algo=nsga2 run_id=8 angle=120.000000000000 wind=9.000000000000 stop_criteria=1000000 stn_p=50 stn_interval=50 2026-08-26T06:24:56+00:00
9

Number of subproblems: 100
Number of neighbors: 10
Number of fixed turbines: 9
Number of mobile turbines: 40
Wind: 9.000000000000
Angle: 120.000000000000
Run id: 8
Stop criteria: 1000000
STN P (num vectors): 50
STN logger interval: 50

Run time:
[done]  instance=ns465 algo=nsga2 run_id=3 2026-08-26T06:25:40+00:00
[start] instance=ns488 algo=nsga2 run_id=9 angle=120.000000000000 wind=15.000000000000 stop_criteria=1000000 stn_p=50 stn_interval=50 2026-08-26T06:25:40+00:00
9

Number of subproblems: 100
Number of neighbors: 10
Number of fixed turbines: 9
Number of mobile turbines: 40
Wind: 15.000000000000
Angle: 120.000000000000
Run id: 9
Stop criteria: 1000000
STN P (num vectors): 50
STN logger interval: 50

Run time:
[done]  instance=ns440 algo=nsga2 run_id=7 2026-08-26T06:27:54+00:00
[start] instance=ns41 algo=moead run_id=0 angle=330.000000000000 wind=13.000000000000 stop_criteria=1000000 stn_p=100 stn_interval=50 2026-08-26T06:27:55+00:00
9

Number of subproblems: 100
Number of neighbors: 10
Number of fixed turbines: 36
Number of mobile turbines: 123
Wind: 13.000000000000
Angle: 330.000000000000
Run id: 0
Stop criteria: 1000000
STN P (num vectors): 100
STN logger interval: 50

Run time:
[done]  instance=ns488 algo=nsga2 run_id=0 2026-08-26T06:36:05+00:00
[start] instance=ns41 algo=moead run_id=1 angle=0.000000000000 wind=2.000000000000 stop_criteria=1000000 stn_p=100 stn_interval=50 2026-08-26T06:36:06+00:00
9

Number of subproblems: 100
Number of neighbors: 10
Number of fixed turbines: 36
Number of mobile turbines: 123
Wind: 2.000000000000
Angle: 0.000000000000
Run id: 1
Stop criteria: 1000000
STN P (num vectors): 100
STN logger interval: 50

Run time:
[done]  instance=ns488 algo=nsga2 run_id=3 2026-08-26T06:36:14+00:00
[start] instance=ns41 algo=moead run_id=2 angle=330.000000000000 wind=3.000000000000 stop_criteria=1000000 stn_p=100 stn_interval=50 2026-08-26T06:36:14+00:00
9

Number of subproblems: 100
Number of neighbors: 10
Number of fixed turbines: 36
Number of mobile turbines: 123
Wind: 3.000000000000
Angle: 330.000000000000
Run id: 2
Stop criteria: 1000000
STN P (num vectors): 100
STN logger interval: 50

Run time:
[done]  instance=ns488 algo=nsga2 run_id=5 2026-08-26T06:39:57+00:00
[start] instance=ns41 algo=moead run_id=3 angle=150.000000000000 wind=7.000000000000 stop_criteria=1000000 stn_p=100 stn_interval=50 2026-08-26T06:39:57+00:00
9

Number of subproblems: 100
Number of neighbors: 10
Number of fixed turbines: 36
Number of mobile turbines: 123
Wind: 7.000000000000
Angle: 150.000000000000
Run id: 3
Stop criteria: 1000000
STN P (num vectors): 100
STN logger interval: 50

Run time:
[done]  instance=ns488 algo=nsga2 run_id=6 2026-08-26T06:40:09+00:00
[start] instance=ns41 algo=moead run_id=4 angle=150.000000000000 wind=12.000000000000 stop_criteria=1000000 stn_p=100 stn_interval=50 2026-08-26T06:40:09+00:00
9

Number of subproblems: 100
Number of neighbors: 10
Number of fixed turbines: 36
Number of mobile turbines: 123
Wind: 12.000000000000
Angle: 150.000000000000
Run id: 4
Stop criteria: 1000000
STN P (num vectors): 100
STN logger interval: 50

Run time:
[done]  instance=ns488 algo=nsga2 run_id=4 2026-08-26T06:40:50+00:00
[start] instance=ns41 algo=moead run_id=5 angle=150.000000000000 wind=7.000000000000 stop_criteria=1000000 stn_p=100 stn_interval=50 2026-08-26T06:40:50+00:00
9

Number of subproblems: 100
Number of neighbors: 10
Number of fixed turbines: 36
Number of mobile turbines: 123
Wind: 7.000000000000
Angle: 150.000000000000
Run id: 5
Stop criteria: 1000000
STN P (num vectors): 100
STN logger interval: 50

Run time:
[done]  instance=ns488 algo=nsga2 run_id=2 2026-08-26T06:41:39+00:00
[start] instance=ns41 algo=moead run_id=6 angle=60.000000000000 wind=6.000000000000 stop_criteria=1000000 stn_p=100 stn_interval=50 2026-08-26T06:41:39+00:00
9

Number of subproblems: 100
Number of neighbors: 10
Number of fixed turbines: 36
Number of mobile turbines: 123
Wind: 6.000000000000
Angle: 60.000000000000
Run id: 6
Stop criteria: 1000000
STN P (num vectors): 100
STN logger interval: 50

Run time:
[done]  instance=ns488 algo=nsga2 run_id=7 2026-08-26T06:41:46+00:00
[start] instance=ns41 algo=moead run_id=7 angle=240.000000000000 wind=11.000000000000 stop_criteria=1000000 stn_p=100 stn_interval=50 2026-08-26T06:41:46+00:00
9

Number of subproblems: 100
Number of neighbors: 10
Number of fixed turbines: 36
Number of mobile turbines: 123
Wind: 11.000000000000
Angle: 240.000000000000
Run id: 7
Stop criteria: 1000000
STN P (num vectors): 100
STN logger interval: 50

Run time:
[done]  instance=ns488 algo=nsga2 run_id=1 2026-08-26T06:42:11+00:00
[start] instance=ns41 algo=moead run_id=8 angle=210.000000000000 wind=15.000000000000 stop_criteria=1000000 stn_p=100 stn_interval=50 2026-08-26T06:42:11+00:00
9

Number of subproblems: 100
Number of neighbors: 10
Number of fixed turbines: 36
Number of mobile turbines: 123
Wind: 15.000000000000
Angle: 210.000000000000
Run id: 8
Stop criteria: 1000000
STN P (num vectors): 100
STN logger interval: 50

Run time:
[done]  instance=ns440 algo=nsga2 run_id=8 2026-08-26T06:45:24+00:00
[start] instance=ns41 algo=moead run_id=9 angle=180.000000000000 wind=9.000000000000 stop_criteria=1000000 stn_p=100 stn_interval=50 2026-08-26T06:45:24+00:00
9

Number of subproblems: 100
Number of neighbors: 10
Number of fixed turbines: 36
Number of mobile turbines: 123
Wind: 9.000000000000
Angle: 180.000000000000
Run id: 9
Stop criteria: 1000000
STN P (num vectors): 100
STN logger interval: 50

Run time:
[done]  instance=ns488 algo=nsga2 run_id=8 2026-08-26T06:46:06+00:00
[start] instance=ns41 algo=nsga2 run_id=0 angle=330.000000000000 wind=13.000000000000 stop_criteria=1000000 stn_p=100 stn_interval=50 2026-08-26T06:46:06+00:00
9

Number of subproblems: 100
Number of neighbors: 10
Number of fixed turbines: 36
Number of mobile turbines: 123
Wind: 13.000000000000
Angle: 330.000000000000
Run id: 0
Stop criteria: 1000000
STN P (num vectors): 100
STN logger interval: 50

Run time:
[done]  instance=ns488 algo=nsga2 run_id=9 2026-08-26T06:46:34+00:00
[start] instance=ns41 algo=nsga2 run_id=1 angle=0.000000000000 wind=2.000000000000 stop_criteria=1000000 stn_p=100 stn_interval=50 2026-08-26T06:46:35+00:00
9

Number of subproblems: 100
Number of neighbors: 10
Number of fixed turbines: 36
Number of mobile turbines: 123
Wind: 2.000000000000
Angle: 0.000000000000
Run id: 1
Stop criteria: 1000000
STN P (num vectors): 100
STN logger interval: 50

Run time:
[done]  instance=ns41 algo=moead run_id=1 2026-08-26T06:48:17+00:00
[start] instance=ns41 algo=nsga2 run_id=2 angle=330.000000000000 wind=3.000000000000 stop_criteria=1000000 stn_p=100 stn_interval=50 2026-08-26T06:48:17+00:00
9

Number of subproblems: 100
Number of neighbors: 10
Number of fixed turbines: 36
Number of mobile turbines: 123
Wind: 3.000000000000
Angle: 330.000000000000
Run id: 2
Stop criteria: 1000000
STN P (num vectors): 100
STN logger interval: 50

Run time:
[done]  instance=ns41 algo=moead run_id=0 2026-08-26T06:49:16+00:00
[start] instance=ns41 algo=nsga2 run_id=3 angle=150.000000000000 wind=7.000000000000 stop_criteria=1000000 stn_p=100 stn_interval=50 2026-08-26T06:49:16+00:00
9

Number of subproblems: 100
Number of neighbors: 10
Number of fixed turbines: 36
Number of mobile turbines: 123
Wind: 7.000000000000
Angle: 150.000000000000
Run id: 3
Stop criteria: 1000000
STN P (num vectors): 100
STN logger interval: 50

Run time:
[done]  instance=ns41 algo=moead run_id=2 2026-08-26T07:02:05+00:00
[start] instance=ns41 algo=nsga2 run_id=4 angle=150.000000000000 wind=12.000000000000 stop_criteria=1000000 stn_p=100 stn_interval=50 2026-08-26T07:02:05+00:00
9

Number of subproblems: 100
Number of neighbors: 10
Number of fixed turbines: 36
Number of mobile turbines: 123
Wind: 12.000000000000
Angle: 150.000000000000
Run id: 4
Stop criteria: 1000000
STN P (num vectors): 100
STN logger interval: 50

Run time:
[done]  instance=ns41 algo=moead run_id=6 2026-08-26T07:03:08+00:00
[start] instance=ns41 algo=nsga2 run_id=5 angle=150.000000000000 wind=7.000000000000 stop_criteria=1000000 stn_p=100 stn_interval=50 2026-08-26T07:03:08+00:00
9

Number of subproblems: 100
Number of neighbors: 10
Number of fixed turbines: 36
Number of mobile turbines: 123
Wind: 7.000000000000
Angle: 150.000000000000
Run id: 5
Stop criteria: 1000000
STN P (num vectors): 100
STN logger interval: 50

Run time:
[done]  instance=ns440 algo=nsga2 run_id=1 2026-08-26T07:03:19+00:00
[start] instance=ns41 algo=nsga2 run_id=6 angle=60.000000000000 wind=6.000000000000 stop_criteria=1000000 stn_p=100 stn_interval=50 2026-08-26T07:03:20+00:00
9

Number of subproblems: 100
Number of neighbors: 10
Number of fixed turbines: 36
Number of mobile turbines: 123
Wind: 6.000000000000
Angle: 60.000000000000
Run id: 6
Stop criteria: 1000000
STN P (num vectors): 100
STN logger interval: 50

Run time:
[done]  instance=ns41 algo=moead run_id=7 2026-08-26T07:03:54+00:00
[start] instance=ns41 algo=nsga2 run_id=7 angle=240.000000000000 wind=11.000000000000 stop_criteria=1000000 stn_p=100 stn_interval=50 2026-08-26T07:03:54+00:00
9

Number of subproblems: 100
Number of neighbors: 10
Number of fixed turbines: 36
Number of mobile turbines: 123
Wind: 11.000000000000
Angle: 240.000000000000
Run id: 7
Stop criteria: 1000000
STN P (num vectors): 100
STN logger interval: 50

Run time:
[done]  instance=ns41 algo=moead run_id=3 2026-08-26T07:04:03+00:00
[start] instance=ns41 algo=nsga2 run_id=8 angle=210.000000000000 wind=15.000000000000 stop_criteria=1000000 stn_p=100 stn_interval=50 2026-08-26T07:04:03+00:00
9

Number of subproblems: 100
Number of neighbors: 10
Number of fixed turbines: 36
Number of mobile turbines: 123
Wind: 15.000000000000
Angle: 210.000000000000
Run id: 8
Stop criteria: 1000000
STN P (num vectors): 100
STN logger interval: 50

Run time:
[done]  instance=ns41 algo=moead run_id=4 2026-08-26T07:05:11+00:00
[start] instance=ns41 algo=nsga2 run_id=9 angle=180.000000000000 wind=9.000000000000 stop_criteria=1000000 stn_p=100 stn_interval=50 2026-08-26T07:05:11+00:00
9

Number of subproblems: 100
Number of neighbors: 10
Number of fixed turbines: 36
Number of mobile turbines: 123
Wind: 9.000000000000
Angle: 180.000000000000
Run id: 9
Stop criteria: 1000000
STN P (num vectors): 100
STN logger interval: 50

Run time:
[done]  instance=ns41 algo=moead run_id=5 2026-08-26T07:05:17+00:00
[start] instance=ns48 algo=moead run_id=0 angle=240.000000000000 wind=12.000000000000 stop_criteria=1000000 stn_p=100 stn_interval=50 2026-08-26T07:05:17+00:00
9

Number of subproblems: 100
Number of neighbors: 10
Number of fixed turbines: 32
Number of mobile turbines: 21
Wind: 12.000000000000
Angle: 240.000000000000
Run id: 0
Stop criteria: 1000000
STN P (num vectors): 100
STN logger interval: 50

Run time:
[done]  instance=ns41 algo=moead run_id=8 2026-08-26T07:05:37+00:00
[start] instance=ns48 algo=moead run_id=1 angle=60.000000000000 wind=6.000000000000 stop_criteria=1000000 stn_p=100 stn_interval=50 2026-08-26T07:05:37+00:00
9

Number of subproblems: 100
Number of neighbors: 10
Number of fixed turbines: 32
Number of mobile turbines: 21
Wind: 6.000000000000
Angle: 60.000000000000
Run id: 1
Stop criteria: 1000000
STN P (num vectors): 100
STN logger interval: 50

Run time:
[done]  instance=ns440 algo=nsga2 run_id=6 2026-08-26T07:05:43+00:00
[start] instance=ns48 algo=moead run_id=2 angle=270.000000000000 wind=6.000000000000 stop_criteria=1000000 stn_p=100 stn_interval=50 2026-08-26T07:05:43+00:00
9

Number of subproblems: 100
Number of neighbors: 10
Number of fixed turbines: 32
Number of mobile turbines: 21
Wind: 6.000000000000
Angle: 270.000000000000
Run id: 2
Stop criteria: 1000000
STN P (num vectors): 100
STN logger interval: 50

Run time:
[done]  instance=ns48 algo=moead run_id=0 2026-08-26T07:07:34+00:00
[start] instance=ns48 algo=moead run_id=3 angle=120.000000000000 wind=8.000000000000 stop_criteria=1000000 stn_p=100 stn_interval=50 2026-08-26T07:07:34+00:00
9

Number of subproblems: 100
Number of neighbors: 10
Number of fixed turbines: 32
Number of mobile turbines: 21
Wind: 8.000000000000
Angle: 120.000000000000
Run id: 3
Stop criteria: 1000000
STN P (num vectors): 100
STN logger interval: 50

Run time:
[done]  instance=ns41 algo=moead run_id=9 2026-08-26T07:07:58+00:00
[start] instance=ns48 algo=moead run_id=4 angle=90.000000000000 wind=10.000000000000 stop_criteria=1000000 stn_p=100 stn_interval=50 2026-08-26T07:07:58+00:00
9

Number of subproblems: 100
Number of neighbors: 10
Number of fixed turbines: 32
Number of mobile turbines: 21
Wind: 10.000000000000
Angle: 90.000000000000
Run id: 4
Stop criteria: 1000000
STN P (num vectors): 100
STN logger interval: 50

Run time:
[done]  instance=ns48 algo=moead run_id=1 2026-08-26T07:08:06+00:00
[start] instance=ns48 algo=moead run_id=5 angle=300.000000000000 wind=11.000000000000 stop_criteria=1000000 stn_p=100 stn_interval=50 2026-08-26T07:08:06+00:00
9

Number of subproblems: 100
Number of neighbors: 10
Number of fixed turbines: 32
Number of mobile turbines: 21
Wind: 11.000000000000
Angle: 300.000000000000
Run id: 5
Stop criteria: 1000000
STN P (num vectors): 100
STN logger interval: 50

Run time:
[done]  instance=ns48 algo=moead run_id=2 2026-08-26T07:08:11+00:00
[start] instance=ns48 algo=moead run_id=6 angle=180.000000000000 wind=5.000000000000 stop_criteria=1000000 stn_p=100 stn_interval=50 2026-08-26T07:08:11+00:00
9

Number of subproblems: 100
Number of neighbors: 10
Number of fixed turbines: 32
Number of mobile turbines: 21
Wind: 5.000000000000
Angle: 180.000000000000
Run id: 6
Stop criteria: 1000000
STN P (num vectors): 100
STN logger interval: 50

Run time:
[done]  instance=ns48 algo=moead run_id=3 2026-08-26T07:09:59+00:00
[start] instance=ns48 algo=moead run_id=7 angle=0.000000000000 wind=11.000000000000 stop_criteria=1000000 stn_p=100 stn_interval=50 2026-08-26T07:09:59+00:00
9

Number of subproblems: 100
Number of neighbors: 10
Number of fixed turbines: 32
Number of mobile turbines: 21
Wind: 11.000000000000
Angle: 0.000000000000
Run id: 7
Stop criteria: 1000000
STN P (num vectors): 100
STN logger interval: 50

Run time:
[done]  instance=ns48 algo=moead run_id=4 2026-08-26T07:10:16+00:00
[start] instance=ns48 algo=moead run_id=8 angle=0.000000000000 wind=2.000000000000 stop_criteria=1000000 stn_p=100 stn_interval=50 2026-08-26T07:10:16+00:00
9

Number of subproblems: 100
Number of neighbors: 10
Number of fixed turbines: 32
Number of mobile turbines: 21
Wind: 2.000000000000
Angle: 0.000000000000
Run id: 8
Stop criteria: 1000000
STN P (num vectors): 100
STN logger interval: 50

Run time:
[done]  instance=ns48 algo=moead run_id=6 2026-08-26T07:10:33+00:00
[start] instance=ns48 algo=moead run_id=9 angle=240.000000000000 wind=18.000000000000 stop_criteria=1000000 stn_p=100 stn_interval=50 2026-08-26T07:10:33+00:00
9

Number of subproblems: 100
Number of neighbors: 10
Number of fixed turbines: 32
Number of mobile turbines: 21
Wind: 18.000000000000
Angle: 240.000000000000
Run id: 9
Stop criteria: 1000000
STN P (num vectors): 100
STN logger interval: 50

Run time:
[done]  instance=ns48 algo=moead run_id=5 2026-08-26T07:10:36+00:00
[start] instance=ns48 algo=nsga2 run_id=0 angle=240.000000000000 wind=12.000000000000 stop_criteria=1000000 stn_p=100 stn_interval=50 2026-08-26T07:10:36+00:00
9

Number of subproblems: 100
Number of neighbors: 10
Number of fixed turbines: 32
Number of mobile turbines: 21
Wind: 12.000000000000
Angle: 240.000000000000
Run id: 0
Stop criteria: 1000000
STN P (num vectors): 100
STN logger interval: 50

Run time:
[done]  instance=ns48 algo=moead run_id=7 2026-08-26T07:11:43+00:00
[start] instance=ns48 algo=nsga2 run_id=1 angle=60.000000000000 wind=6.000000000000 stop_criteria=1000000 stn_p=100 stn_interval=50 2026-08-26T07:11:44+00:00
9

Number of subproblems: 100
Number of neighbors: 10
Number of fixed turbines: 32
Number of mobile turbines: 21
Wind: 6.000000000000
Angle: 60.000000000000
Run id: 1
Stop criteria: 1000000
STN P (num vectors): 100
STN logger interval: 50

Run time:
[done]  instance=ns48 algo=moead run_id=8 2026-08-26T07:11:48+00:00
[start] instance=ns48 algo=nsga2 run_id=2 angle=270.000000000000 wind=6.000000000000 stop_criteria=1000000 stn_p=100 stn_interval=50 2026-08-26T07:11:48+00:00
9

Number of subproblems: 100
Number of neighbors: 10
Number of fixed turbines: 32
Number of mobile turbines: 21
Wind: 6.000000000000
Angle: 270.000000000000
Run id: 2
Stop criteria: 1000000
STN P (num vectors): 100
STN logger interval: 50

Run time:
[done]  instance=ns440 algo=nsga2 run_id=0 2026-08-26T07:12:02+00:00
[start] instance=ns48 algo=nsga2 run_id=3 angle=120.000000000000 wind=8.000000000000 stop_criteria=1000000 stn_p=100 stn_interval=50 2026-08-26T07:12:02+00:00
9

Number of subproblems: 100
Number of neighbors: 10
Number of fixed turbines: 32
Number of mobile turbines: 21
Wind: 8.000000000000
Angle: 120.000000000000
Run id: 3
Stop criteria: 1000000
STN P (num vectors): 100
STN logger interval: 50

Run time:
[done]  instance=ns48 algo=moead run_id=9 2026-08-26T07:13:22+00:00
[start] instance=ns48 algo=nsga2 run_id=4 angle=90.000000000000 wind=10.000000000000 stop_criteria=1000000 stn_p=100 stn_interval=50 2026-08-26T07:13:22+00:00
9

Number of subproblems: 100
Number of neighbors: 10
Number of fixed turbines: 32
Number of mobile turbines: 21
Wind: 10.000000000000
Angle: 90.000000000000
Run id: 4
Stop criteria: 1000000
STN P (num vectors): 100
STN logger interval: 50

Run time:
[done]  instance=ns440 algo=nsga2 run_id=3 2026-08-26T07:17:02+00:00
[start] instance=ns48 algo=nsga2 run_id=5 angle=300.000000000000 wind=11.000000000000 stop_criteria=1000000 stn_p=100 stn_interval=50 2026-08-26T07:17:02+00:00
9

Number of subproblems: 100
Number of neighbors: 10
Number of fixed turbines: 32
Number of mobile turbines: 21
Wind: 11.000000000000
Angle: 300.000000000000
Run id: 5
Stop criteria: 1000000
STN P (num vectors): 100
STN logger interval: 50

Run time:
[done]  instance=ns440 algo=nsga2 run_id=5 2026-08-26T07:19:58+00:00
[start] instance=ns48 algo=nsga2 run_id=6 angle=180.000000000000 wind=5.000000000000 stop_criteria=1000000 stn_p=100 stn_interval=50 2026-08-26T07:19:58+00:00
9

Number of subproblems: 100
Number of neighbors: 10
Number of fixed turbines: 32
Number of mobile turbines: 21
Wind: 5.000000000000
Angle: 180.000000000000
Run id: 6
Stop criteria: 1000000
STN P (num vectors): 100
STN logger interval: 50

Run time:
[done]  instance=ns440 algo=nsga2 run_id=9 2026-08-26T07:21:19+00:00
[start] instance=ns48 algo=nsga2 run_id=7 angle=0.000000000000 wind=11.000000000000 stop_criteria=1000000 stn_p=100 stn_interval=50 2026-08-26T07:21:19+00:00
9

Number of subproblems: 100
Number of neighbors: 10
Number of fixed turbines: 32
Number of mobile turbines: 21
Wind: 11.000000000000
Angle: 0.000000000000
Run id: 7
Stop criteria: 1000000
STN P (num vectors): 100
STN logger interval: 50

Run time:
[done]  instance=ns48 algo=nsga2 run_id=0 2026-08-26T07:21:50+00:00
[start] instance=ns48 algo=nsga2 run_id=8 angle=0.000000000000 wind=2.000000000000 stop_criteria=1000000 stn_p=100 stn_interval=50 2026-08-26T07:21:51+00:00
9

Number of subproblems: 100
Number of neighbors: 10
Number of fixed turbines: 32
Number of mobile turbines: 21
Wind: 2.000000000000
Angle: 0.000000000000
Run id: 8
Stop criteria: 1000000
STN P (num vectors): 100
STN logger interval: 50

Run time:
[done]  instance=ns440 algo=nsga2 run_id=4 2026-08-26T07:21:53+00:00
[start] instance=ns48 algo=nsga2 run_id=9 angle=240.000000000000 wind=18.000000000000 stop_criteria=1000000 stn_p=100 stn_interval=50 2026-08-26T07:21:53+00:00
9

Number of subproblems: 100
Number of neighbors: 10
Number of fixed turbines: 32
Number of mobile turbines: 21
Wind: 18.000000000000
Angle: 240.000000000000
Run id: 9
Stop criteria: 1000000
STN P (num vectors): 100
STN logger interval: 50

Run time:
[done]  instance=ns48 algo=nsga2 run_id=1 2026-08-26T07:22:50+00:00
[start] instance=ns101 algo=moead run_id=0 angle=330.000000000000 wind=13.000000000000 stop_criteria=1000000 stn_p=100 stn_interval=50 2026-08-26T07:22:50+00:00
9

Number of subproblems: 100
Number of neighbors: 10
Number of fixed turbines: 26
Number of mobile turbines: 63
Wind: 13.000000000000
Angle: 330.000000000000
Run id: 0
Stop criteria: 1000000
STN P (num vectors): 100
STN logger interval: 50

Run time:
[done]  instance=ns48 algo=nsga2 run_id=2 2026-08-26T07:24:10+00:00
[start] instance=ns101 algo=moead run_id=1 angle=30.000000000000 wind=4.000000000000 stop_criteria=1000000 stn_p=100 stn_interval=50 2026-08-26T07:24:10+00:00
9

Number of subproblems: 100
Number of neighbors: 10
Number of fixed turbines: 26
Number of mobile turbines: 63
Wind: 4.000000000000
Angle: 30.000000000000
Run id: 1
Stop criteria: 1000000
STN P (num vectors): 100
STN logger interval: 50

Run time:
[done]  instance=ns440 algo=nsga2 run_id=2 2026-08-26T07:24:53+00:00
[start] instance=ns101 algo=moead run_id=2 angle=240.000000000000 wind=8.000000000000 stop_criteria=1000000 stn_p=100 stn_interval=50 2026-08-26T07:24:53+00:00
9

Number of subproblems: 100
Number of neighbors: 10
Number of fixed turbines: 26
Number of mobile turbines: 63
Wind: 8.000000000000
Angle: 240.000000000000
Run id: 2
Stop criteria: 1000000
STN P (num vectors): 100
STN logger interval: 50

Run time:
[done]  instance=ns48 algo=nsga2 run_id=3 2026-08-26T07:25:14+00:00
[start] instance=ns101 algo=moead run_id=3 angle=210.000000000000 wind=4.000000000000 stop_criteria=1000000 stn_p=100 stn_interval=50 2026-08-26T07:25:14+00:00
9

Number of subproblems: 100
Number of neighbors: 10
Number of fixed turbines: 26
Number of mobile turbines: 63
Wind: 4.000000000000
Angle: 210.000000000000
Run id: 3
Stop criteria: 1000000
STN P (num vectors): 100
STN logger interval: 50

Run time:
[done]  instance=ns48 algo=nsga2 run_id=4 2026-08-26T07:25:32+00:00
[start] instance=ns101 algo=moead run_id=4 angle=90.000000000000 wind=10.000000000000 stop_criteria=1000000 stn_p=100 stn_interval=50 2026-08-26T07:25:32+00:00
9

Number of subproblems: 100
Number of neighbors: 10
Number of fixed turbines: 26
Number of mobile turbines: 63
Wind: 10.000000000000
Angle: 90.000000000000
Run id: 4
Stop criteria: 1000000
STN P (num vectors): 100
STN logger interval: 50

Run time:
[done]  instance=ns48 algo=nsga2 run_id=5 2026-08-26T07:30:00+00:00
[start] instance=ns101 algo=moead run_id=5 angle=120.000000000000 wind=19.000000000000 stop_criteria=1000000 stn_p=100 stn_interval=50 2026-08-26T07:30:00+00:00
9

Number of subproblems: 100
Number of neighbors: 10
Number of fixed turbines: 26
Number of mobile turbines: 63
Wind: 19.000000000000
Angle: 120.000000000000
Run id: 5
Stop criteria: 1000000
STN P (num vectors): 100
STN logger interval: 50

Run time:
[done]  instance=ns101 algo=moead run_id=1 2026-08-26T07:30:03+00:00
[start] instance=ns101 algo=moead run_id=6 angle=30.000000000000 wind=7.000000000000 stop_criteria=1000000 stn_p=100 stn_interval=50 2026-08-26T07:30:03+00:00
9

Number of subproblems: 100
Number of neighbors: 10
Number of fixed turbines: 26
Number of mobile turbines: 63
Wind: 7.000000000000
Angle: 30.000000000000
Run id: 6
Stop criteria: 1000000
STN P (num vectors): 100
STN logger interval: 50

Run time:
[done]  instance=ns101 algo=moead run_id=0 2026-08-26T07:31:01+00:00
[start] instance=ns101 algo=moead run_id=7 angle=30.000000000000 wind=15.000000000000 stop_criteria=1000000 stn_p=100 stn_interval=50 2026-08-26T07:31:01+00:00
9

Number of subproblems: 100
Number of neighbors: 10
Number of fixed turbines: 26
Number of mobile turbines: 63
Wind: 15.000000000000
Angle: 30.000000000000
Run id: 7
Stop criteria: 1000000
STN P (num vectors): 100
STN logger interval: 50

Run time:
[done]  instance=ns101 algo=moead run_id=3 2026-08-26T07:32:01+00:00
[start] instance=ns101 algo=moead run_id=8 angle=180.000000000000 wind=3.000000000000 stop_criteria=1000000 stn_p=100 stn_interval=50 2026-08-26T07:32:01+00:00
9

Number of subproblems: 100
Number of neighbors: 10
Number of fixed turbines: 26
Number of mobile turbines: 63
Wind: 3.000000000000
Angle: 180.000000000000
Run id: 8
Stop criteria: 1000000
STN P (num vectors): 100
STN logger interval: 50

Run time:
[done]  instance=ns48 algo=nsga2 run_id=7 2026-08-26T07:32:06+00:00
[start] instance=ns101 algo=moead run_id=9 angle=270.000000000000 wind=3.000000000000 stop_criteria=1000000 stn_p=100 stn_interval=50 2026-08-26T07:32:06+00:00
9

Number of subproblems: 100
Number of neighbors: 10
Number of fixed turbines: 26
Number of mobile turbines: 63
Wind: 3.000000000000
Angle: 270.000000000000
Run id: 9
Stop criteria: 1000000
STN P (num vectors): 100
STN logger interval: 50

Run time:
[done]  instance=ns48 algo=nsga2 run_id=8 2026-08-26T07:32:08+00:00
[start] instance=ns101 algo=nsga2 run_id=0 angle=330.000000000000 wind=13.000000000000 stop_criteria=1000000 stn_p=100 stn_interval=50 2026-08-26T07:32:08+00:00
9

Number of subproblems: 100
Number of neighbors: 10
Number of fixed turbines: 26
Number of mobile turbines: 63
Wind: 13.000000000000
Angle: 330.000000000000
Run id: 0
Stop criteria: 1000000
STN P (num vectors): 100
STN logger interval: 50

Run time:
[done]  instance=ns101 algo=moead run_id=4 2026-08-26T07:32:15+00:00
[start] instance=ns101 algo=nsga2 run_id=1 angle=30.000000000000 wind=4.000000000000 stop_criteria=1000000 stn_p=100 stn_interval=50 2026-08-26T07:32:15+00:00
9

Number of subproblems: 100
Number of neighbors: 10
Number of fixed turbines: 26
Number of mobile turbines: 63
Wind: 4.000000000000
Angle: 30.000000000000
Run id: 1
Stop criteria: 1000000
STN P (num vectors): 100
STN logger interval: 50

Run time:
[done]  instance=ns101 algo=moead run_id=2 2026-08-26T07:32:30+00:00
[start] instance=ns101 algo=nsga2 run_id=2 angle=240.000000000000 wind=8.000000000000 stop_criteria=1000000 stn_p=100 stn_interval=50 2026-08-26T07:32:31+00:00
9

Number of subproblems: 100
Number of neighbors: 10
Number of fixed turbines: 26
Number of mobile turbines: 63
Wind: 8.000000000000
Angle: 240.000000000000
Run id: 2
Stop criteria: 1000000
STN P (num vectors): 100
STN logger interval: 50

Run time:
[done]  instance=ns48 algo=nsga2 run_id=6 2026-08-26T07:32:36+00:00
[start] instance=ns101 algo=nsga2 run_id=3 angle=210.000000000000 wind=4.000000000000 stop_criteria=1000000 stn_p=100 stn_interval=50 2026-08-26T07:32:36+00:00
9

Number of subproblems: 100
Number of neighbors: 10
Number of fixed turbines: 26
Number of mobile turbines: 63
Wind: 4.000000000000
Angle: 210.000000000000
Run id: 3
Stop criteria: 1000000
STN P (num vectors): 100
STN logger interval: 50

Run time:
[done]  instance=ns48 algo=nsga2 run_id=9 2026-08-26T07:33:10+00:00
[start] instance=ns101 algo=nsga2 run_id=4 angle=90.000000000000 wind=10.000000000000 stop_criteria=1000000 stn_p=100 stn_interval=50 2026-08-26T07:33:11+00:00
9

Number of subproblems: 100
Number of neighbors: 10
Number of fixed turbines: 26
Number of mobile turbines: 63
Wind: 10.000000000000
Angle: 90.000000000000
Run id: 4
Stop criteria: 1000000
STN P (num vectors): 100
STN logger interval: 50

Run time:
[done]  instance=ns101 algo=moead run_id=6 2026-08-26T07:36:28+00:00
[start] instance=ns101 algo=nsga2 run_id=5 angle=120.000000000000 wind=19.000000000000 stop_criteria=1000000 stn_p=100 stn_interval=50 2026-08-26T07:36:28+00:00
9

Number of subproblems: 100
Number of neighbors: 10
Number of fixed turbines: 26
Number of mobile turbines: 63
Wind: 19.000000000000
Angle: 120.000000000000
Run id: 5
Stop criteria: 1000000
STN P (num vectors): 100
STN logger interval: 50

Run time:
[done]  instance=ns101 algo=moead run_id=5 2026-08-26T07:37:19+00:00
[start] instance=ns101 algo=nsga2 run_id=6 angle=30.000000000000 wind=7.000000000000 stop_criteria=1000000 stn_p=100 stn_interval=50 2026-08-26T07:37:19+00:00
9

Number of subproblems: 100
Number of neighbors: 10
Number of fixed turbines: 26
Number of mobile turbines: 63
Wind: 7.000000000000
Angle: 30.000000000000
Run id: 6
Stop criteria: 1000000
STN P (num vectors): 100
STN logger interval: 50

Run time:
[done]  instance=ns101 algo=moead run_id=7 2026-08-26T07:37:32+00:00
[start] instance=ns101 algo=nsga2 run_id=7 angle=30.000000000000 wind=15.000000000000 stop_criteria=1000000 stn_p=100 stn_interval=50 2026-08-26T07:37:32+00:00
9

Number of subproblems: 100
Number of neighbors: 10
Number of fixed turbines: 26
Number of mobile turbines: 63
Wind: 15.000000000000
Angle: 30.000000000000
Run id: 7
Stop criteria: 1000000
STN P (num vectors): 100
STN logger interval: 50

Run time:
[done]  instance=ns101 algo=moead run_id=8 2026-08-26T07:38:35+00:00
[start] instance=ns101 algo=nsga2 run_id=8 angle=180.000000000000 wind=3.000000000000 stop_criteria=1000000 stn_p=100 stn_interval=50 2026-08-26T07:38:35+00:00
9

Number of subproblems: 100
Number of neighbors: 10
Number of fixed turbines: 26
Number of mobile turbines: 63
Wind: 3.000000000000
Angle: 180.000000000000
Run id: 8
Stop criteria: 1000000
STN P (num vectors): 100
STN logger interval: 50

Run time:
[done]  instance=ns101 algo=moead run_id=9 2026-08-26T07:38:45+00:00
[start] instance=ns101 algo=nsga2 run_id=9 angle=270.000000000000 wind=3.000000000000 stop_criteria=1000000 stn_p=100 stn_interval=50 2026-08-26T07:38:45+00:00
9

Number of subproblems: 100
Number of neighbors: 10
Number of fixed turbines: 26
Number of mobile turbines: 63
Wind: 3.000000000000
Angle: 270.000000000000
Run id: 9
Stop criteria: 1000000
STN P (num vectors): 100
STN logger interval: 50

Run time:
[done]  instance=ns101 algo=nsga2 run_id=3 2026-08-26T07:52:26+00:00
[start] instance=ns178 algo=moead run_id=0 angle=120.000000000000 wind=11.000000000000 stop_criteria=1000000 stn_p=100 stn_interval=50 2026-08-26T07:52:26+00:00
9

Number of subproblems: 100
Number of neighbors: 10
Number of fixed turbines: 58
Number of mobile turbines: 23
Wind: 11.000000000000
Angle: 120.000000000000
Run id: 0
Stop criteria: 1000000
STN P (num vectors): 100
STN logger interval: 50

Run time:
[done]  instance=ns101 algo=nsga2 run_id=4 2026-08-26T07:52:39+00:00
[start] instance=ns178 algo=moead run_id=1 angle=240.000000000000 wind=7.000000000000 stop_criteria=1000000 stn_p=100 stn_interval=50 2026-08-26T07:52:39+00:00
9

Number of subproblems: 100
Number of neighbors: 10
Number of fixed turbines: 58
Number of mobile turbines: 23
Wind: 7.000000000000
Angle: 240.000000000000
Run id: 1
Stop criteria: 1000000
STN P (num vectors): 100
STN logger interval: 50

Run time:
[done]  instance=ns101 algo=nsga2 run_id=1 2026-08-26T07:53:31+00:00
[start] instance=ns178 algo=moead run_id=2 angle=270.000000000000 wind=11.000000000000 stop_criteria=1000000 stn_p=100 stn_interval=50 2026-08-26T07:53:31+00:00
9

Number of subproblems: 100
Number of neighbors: 10
Number of fixed turbines: 58
Number of mobile turbines: 23
Wind: 11.000000000000
Angle: 270.000000000000
Run id: 2
Stop criteria: 1000000
STN P (num vectors): 100
STN logger interval: 50

Run time:
[done]  instance=ns101 algo=nsga2 run_id=2 2026-08-26T07:53:53+00:00
[start] instance=ns178 algo=moead run_id=3 angle=60.000000000000 wind=4.000000000000 stop_criteria=1000000 stn_p=100 stn_interval=50 2026-08-26T07:53:53+00:00
9

Number of subproblems: 100
Number of neighbors: 10
Number of fixed turbines: 58
Number of mobile turbines: 23
Wind: 4.000000000000
Angle: 60.000000000000
Run id: 3
Stop criteria: 1000000
STN P (num vectors): 100
STN logger interval: 50

Run time:
[done]  instance=ns101 algo=nsga2 run_id=0 2026-08-26T07:54:20+00:00
[start] instance=ns178 algo=moead run_id=4 angle=270.000000000000 wind=12.000000000000 stop_criteria=1000000 stn_p=100 stn_interval=50 2026-08-26T07:54:20+00:00
9

Number of subproblems: 100
Number of neighbors: 10
Number of fixed turbines: 58
Number of mobile turbines: 23
Wind: 12.000000000000
Angle: 270.000000000000
Run id: 4
Stop criteria: 1000000
STN P (num vectors): 100
STN logger interval: 50

Run time:
[done]  instance=ns101 algo=nsga2 run_id=7 2026-08-26T07:56:43+00:00
[start] instance=ns178 algo=moead run_id=5 angle=210.000000000000 wind=19.000000000000 stop_criteria=1000000 stn_p=100 stn_interval=50 2026-08-26T07:56:43+00:00
9

Number of subproblems: 100
Number of neighbors: 10
Number of fixed turbines: 58
Number of mobile turbines: 23
Wind: 19.000000000000
Angle: 210.000000000000
Run id: 5
Stop criteria: 1000000
STN P (num vectors): 100
STN logger interval: 50

Run time:
[done]  instance=ns101 algo=nsga2 run_id=5 2026-08-26T07:57:05+00:00
[start] instance=ns178 algo=moead run_id=6 angle=210.000000000000 wind=11.000000000000 stop_criteria=1000000 stn_p=100 stn_interval=50 2026-08-26T07:57:05+00:00
9

Number of subproblems: 100
Number of neighbors: 10
Number of fixed turbines: 58
Number of mobile turbines: 23
Wind: 11.000000000000
Angle: 210.000000000000
Run id: 6
Stop criteria: 1000000
STN P (num vectors): 100
STN logger interval: 50

Run time:
[done]  instance=ns101 algo=nsga2 run_id=6 2026-08-26T07:57:07+00:00
[start] instance=ns178 algo=moead run_id=7 angle=0.000000000000 wind=7.000000000000 stop_criteria=1000000 stn_p=100 stn_interval=50 2026-08-26T07:57:07+00:00
9

Number of subproblems: 100
Number of neighbors: 10
Number of fixed turbines: 58
Number of mobile turbines: 23
Wind: 7.000000000000
Angle: 0.000000000000
Run id: 7
Stop criteria: 1000000
STN P (num vectors): 100
STN logger interval: 50

Run time:
[done]  instance=ns178 algo=moead run_id=0 2026-08-26T07:57:23+00:00
[start] instance=ns178 algo=moead run_id=8 angle=30.000000000000 wind=7.000000000000 stop_criteria=1000000 stn_p=100 stn_interval=50 2026-08-26T07:57:23+00:00
9

Number of subproblems: 100
Number of neighbors: 10
Number of fixed turbines: 58
Number of mobile turbines: 23
Wind: 7.000000000000
Angle: 30.000000000000
Run id: 8
Stop criteria: 1000000
STN P (num vectors): 100
STN logger interval: 50

Run time:
[done]  instance=ns178 algo=moead run_id=1 2026-08-26T07:57:57+00:00
[start] instance=ns178 algo=moead run_id=9 angle=150.000000000000 wind=15.000000000000 stop_criteria=1000000 stn_p=100 stn_interval=50 2026-08-26T07:57:57+00:00
9

Number of subproblems: 100
Number of neighbors: 10
Number of fixed turbines: 58
Number of mobile turbines: 23
Wind: 15.000000000000
Angle: 150.000000000000
Run id: 9
Stop criteria: 1000000
STN P (num vectors): 100
STN logger interval: 50

Run time:
[done]  instance=ns178 algo=moead run_id=2 2026-08-26T07:58:56+00:00
[start] instance=ns178 algo=nsga2 run_id=0 angle=120.000000000000 wind=11.000000000000 stop_criteria=1000000 stn_p=100 stn_interval=50 2026-08-26T07:58:56+00:00
9

Number of subproblems: 100
Number of neighbors: 10
Number of fixed turbines: 58
Number of mobile turbines: 23
Wind: 11.000000000000
Angle: 120.000000000000
Run id: 0
Stop criteria: 1000000
STN P (num vectors): 100
STN logger interval: 50

Run time:
[done]  instance=ns178 algo=moead run_id=3 2026-08-26T07:59:02+00:00
[start] instance=ns178 algo=nsga2 run_id=1 angle=240.000000000000 wind=7.000000000000 stop_criteria=1000000 stn_p=100 stn_interval=50 2026-08-26T07:59:02+00:00
9

Number of subproblems: 100
Number of neighbors: 10
Number of fixed turbines: 58
Number of mobile turbines: 23
Wind: 7.000000000000
Angle: 240.000000000000
Run id: 1
Stop criteria: 1000000
STN P (num vectors): 100
STN logger interval: 50

Run time:
[done]  instance=ns101 algo=nsga2 run_id=9 2026-08-26T07:59:03+00:00
[start] instance=ns178 algo=nsga2 run_id=2 angle=270.000000000000 wind=11.000000000000 stop_criteria=1000000 stn_p=100 stn_interval=50 2026-08-26T07:59:03+00:00
9

Number of subproblems: 100
Number of neighbors: 10
Number of fixed turbines: 58
Number of mobile turbines: 23
Wind: 11.000000000000
Angle: 270.000000000000
Run id: 2
Stop criteria: 1000000
STN P (num vectors): 100
STN logger interval: 50

Run time:
[done]  instance=ns178 algo=moead run_id=4 2026-08-26T07:59:48+00:00
[start] instance=ns178 algo=nsga2 run_id=3 angle=60.000000000000 wind=4.000000000000 stop_criteria=1000000 stn_p=100 stn_interval=50 2026-08-26T07:59:48+00:00
9

Number of subproblems: 100
Number of neighbors: 10
Number of fixed turbines: 58
Number of mobile turbines: 23
Wind: 4.000000000000
Angle: 60.000000000000
Run id: 3
Stop criteria: 1000000
STN P (num vectors): 100
STN logger interval: 50

Run time:
[done]  instance=ns178 algo=moead run_id=7 2026-08-26T08:00:18+00:00
[start] instance=ns178 algo=nsga2 run_id=4 angle=270.000000000000 wind=12.000000000000 stop_criteria=1000000 stn_p=100 stn_interval=50 2026-08-26T08:00:18+00:00
9

Number of subproblems: 100
Number of neighbors: 10
Number of fixed turbines: 58
Number of mobile turbines: 23
Wind: 12.000000000000
Angle: 270.000000000000
Run id: 4
Stop criteria: 1000000
STN P (num vectors): 100
STN logger interval: 50

Run time:
[done]  instance=ns101 algo=nsga2 run_id=8 2026-08-26T08:00:27+00:00
[start] instance=ns178 algo=nsga2 run_id=5 angle=210.000000000000 wind=19.000000000000 stop_criteria=1000000 stn_p=100 stn_interval=50 2026-08-26T08:00:27+00:00
9

Number of subproblems: 100
Number of neighbors: 10
Number of fixed turbines: 58
Number of mobile turbines: 23
Wind: 19.000000000000
Angle: 210.000000000000
Run id: 5
Stop criteria: 1000000
STN P (num vectors): 100
STN logger interval: 50

Run time:
[done]  instance=ns178 algo=moead run_id=8 2026-08-26T08:02:36+00:00
[start] instance=ns178 algo=nsga2 run_id=6 angle=210.000000000000 wind=11.000000000000 stop_criteria=1000000 stn_p=100 stn_interval=50 2026-08-26T08:02:36+00:00
9

Number of subproblems: 100
Number of neighbors: 10
Number of fixed turbines: 58
Number of mobile turbines: 23
Wind: 11.000000000000
Angle: 210.000000000000
Run id: 6
Stop criteria: 1000000
STN P (num vectors): 100
STN logger interval: 50

Run time:
[done]  instance=ns178 algo=moead run_id=6 2026-08-26T08:02:37+00:00
[start] instance=ns178 algo=nsga2 run_id=7 angle=0.000000000000 wind=7.000000000000 stop_criteria=1000000 stn_p=100 stn_interval=50 2026-08-26T08:02:37+00:00
9

Number of subproblems: 100
Number of neighbors: 10
Number of fixed turbines: 58
Number of mobile turbines: 23
Wind: 7.000000000000
Angle: 0.000000000000
Run id: 7
Stop criteria: 1000000
STN P (num vectors): 100
STN logger interval: 50

Run time:
[done]  instance=ns178 algo=moead run_id=5 2026-08-26T08:02:58+00:00
[start] instance=ns178 algo=nsga2 run_id=8 angle=30.000000000000 wind=7.000000000000 stop_criteria=1000000 stn_p=100 stn_interval=50 2026-08-26T08:02:58+00:00
9

Number of subproblems: 100
Number of neighbors: 10
Number of fixed turbines: 58
Number of mobile turbines: 23
Wind: 7.000000000000
Angle: 30.000000000000
Run id: 8
Stop criteria: 1000000
STN P (num vectors): 100
STN logger interval: 50

Run time:
[done]  instance=ns178 algo=moead run_id=9 2026-08-26T08:03:28+00:00
[start] instance=ns178 algo=nsga2 run_id=9 angle=150.000000000000 wind=15.000000000000 stop_criteria=1000000 stn_p=100 stn_interval=50 2026-08-26T08:03:28+00:00
9

Number of subproblems: 100
Number of neighbors: 10
Number of fixed turbines: 58
Number of mobile turbines: 23
Wind: 15.000000000000
Angle: 150.000000000000
Run id: 9
Stop criteria: 1000000
STN P (num vectors): 100
STN logger interval: 50

Run time:
[done]  instance=ns41 algo=nsga2 run_id=1 2026-08-26T08:10:54+00:00
[start] instance=ns192 algo=moead run_id=0 angle=120.000000000000 wind=11.000000000000 stop_criteria=1000000 stn_p=100 stn_interval=50 2026-08-26T08:10:54+00:00
9

Number of subproblems: 100
Number of neighbors: 10
Number of fixed turbines: 57
Number of mobile turbines: 31
Wind: 11.000000000000
Angle: 120.000000000000
Run id: 0
Stop criteria: 1000000
STN P (num vectors): 100
STN logger interval: 50

Run time:
[done]  instance=ns41 algo=nsga2 run_id=0 2026-08-26T08:12:32+00:00
[start] instance=ns192 algo=moead run_id=1 angle=180.000000000000 wind=11.000000000000 stop_criteria=1000000 stn_p=100 stn_interval=50 2026-08-26T08:12:32+00:00
9

Number of subproblems: 100
Number of neighbors: 10
Number of fixed turbines: 57
Number of mobile turbines: 31
Wind: 11.000000000000
Angle: 180.000000000000
Run id: 1
Stop criteria: 1000000
STN P (num vectors): 100
STN logger interval: 50

Run time:
[done]  instance=ns178 algo=nsga2 run_id=2 2026-08-26T08:13:53+00:00
[start] instance=ns192 algo=moead run_id=2 angle=240.000000000000 wind=13.000000000000 stop_criteria=1000000 stn_p=100 stn_interval=50 2026-08-26T08:13:53+00:00
9

Number of subproblems: 100
Number of neighbors: 10
Number of fixed turbines: 57
Number of mobile turbines: 31
Wind: 13.000000000000
Angle: 240.000000000000
Run id: 2
Stop criteria: 1000000
STN P (num vectors): 100
STN logger interval: 50

Run time:
[done]  instance=ns178 algo=nsga2 run_id=3 2026-08-26T08:14:19+00:00
[start] instance=ns192 algo=moead run_id=3 angle=210.000000000000 wind=13.000000000000 stop_criteria=1000000 stn_p=100 stn_interval=50 2026-08-26T08:14:19+00:00
9

Number of subproblems: 100
Number of neighbors: 10
Number of fixed turbines: 57
Number of mobile turbines: 31
Wind: 13.000000000000
Angle: 210.000000000000
Run id: 3
Stop criteria: 1000000
STN P (num vectors): 100
STN logger interval: 50

Run time:
[done]  instance=ns178 algo=nsga2 run_id=0 2026-08-26T08:14:36+00:00
[start] instance=ns192 algo=moead run_id=4 angle=120.000000000000 wind=4.000000000000 stop_criteria=1000000 stn_p=100 stn_interval=50 2026-08-26T08:14:36+00:00
9

Number of subproblems: 100
Number of neighbors: 10
Number of fixed turbines: 57
Number of mobile turbines: 31
Wind: 4.000000000000
Angle: 120.000000000000
Run id: 4
Stop criteria: 1000000
STN P (num vectors): 100
STN logger interval: 50

Run time:
[done]  instance=ns178 algo=nsga2 run_id=1 2026-08-26T08:15:13+00:00
[start] instance=ns192 algo=moead run_id=5 angle=180.000000000000 wind=16.000000000000 stop_criteria=1000000 stn_p=100 stn_interval=50 2026-08-26T08:15:13+00:00
9

Number of subproblems: 100
Number of neighbors: 10
Number of fixed turbines: 57
Number of mobile turbines: 31
Wind: 16.000000000000
Angle: 180.000000000000
Run id: 5
Stop criteria: 1000000
STN P (num vectors): 100
STN logger interval: 50

Run time:
[done]  instance=ns178 algo=nsga2 run_id=7 2026-08-26T08:15:23+00:00
[start] instance=ns192 algo=moead run_id=6 angle=60.000000000000 wind=16.000000000000 stop_criteria=1000000 stn_p=100 stn_interval=50 2026-08-26T08:15:23+00:00
9

Number of subproblems: 100
Number of neighbors: 10
Number of fixed turbines: 57
Number of mobile turbines: 31
Wind: 16.000000000000
Angle: 60.000000000000
Run id: 6
Stop criteria: 1000000
STN P (num vectors): 100
STN logger interval: 50

Run time:
[done]  instance=ns178 algo=nsga2 run_id=5 2026-08-26T08:15:31+00:00
[start] instance=ns192 algo=moead run_id=7 angle=90.000000000000 wind=10.000000000000 stop_criteria=1000000 stn_p=100 stn_interval=50 2026-08-26T08:15:31+00:00
9

Number of subproblems: 100
Number of neighbors: 10
Number of fixed turbines: 57
Number of mobile turbines: 31
Wind: 10.000000000000
Angle: 90.000000000000
Run id: 7
Stop criteria: 1000000
STN P (num vectors): 100
STN logger interval: 50

Run time:
[done]  instance=ns178 algo=nsga2 run_id=4 2026-08-26T08:16:44+00:00
[start] instance=ns192 algo=moead run_id=8 angle=60.000000000000 wind=6.000000000000 stop_criteria=1000000 stn_p=100 stn_interval=50 2026-08-26T08:16:44+00:00
9

Number of subproblems: 100
Number of neighbors: 10
Number of fixed turbines: 57
Number of mobile turbines: 31
Wind: 6.000000000000
Angle: 60.000000000000
Run id: 8
Stop criteria: 1000000
STN P (num vectors): 100
STN logger interval: 50

Run time:
[done]  instance=ns192 algo=moead run_id=0 2026-08-26T08:16:59+00:00
[start] instance=ns192 algo=moead run_id=9 angle=0.000000000000 wind=15.000000000000 stop_criteria=1000000 stn_p=100 stn_interval=50 2026-08-26T08:16:59+00:00
9

Number of subproblems: 100
Number of neighbors: 10
Number of fixed turbines: 57
Number of mobile turbines: 31
Wind: 15.000000000000
Angle: 0.000000000000
Run id: 9
Stop criteria: 1000000
STN P (num vectors): 100
STN logger interval: 50

Run time:
[done]  instance=ns178 algo=nsga2 run_id=8 2026-08-26T08:17:00+00:00
[start] instance=ns192 algo=nsga2 run_id=0 angle=120.000000000000 wind=11.000000000000 stop_criteria=1000000 stn_p=100 stn_interval=50 2026-08-26T08:17:00+00:00
9

Number of subproblems: 100
Number of neighbors: 10
Number of fixed turbines: 57
Number of mobile turbines: 31
Wind: 11.000000000000
Angle: 120.000000000000
Run id: 0
Stop criteria: 1000000
STN P (num vectors): 100
STN logger interval: 50

Run time:
[done]  instance=ns178 algo=nsga2 run_id=9 2026-08-26T08:17:44+00:00
[start] instance=ns192 algo=nsga2 run_id=1 angle=180.000000000000 wind=11.000000000000 stop_criteria=1000000 stn_p=100 stn_interval=50 2026-08-26T08:17:44+00:00
9

Number of subproblems: 100
Number of neighbors: 10
Number of fixed turbines: 57
Number of mobile turbines: 31
Wind: 11.000000000000
Angle: 180.000000000000
Run id: 1
Stop criteria: 1000000
STN P (num vectors): 100
STN logger interval: 50

Run time:
[done]  instance=ns178 algo=nsga2 run_id=6 2026-08-26T08:19:23+00:00
[start] instance=ns192 algo=nsga2 run_id=2 angle=240.000000000000 wind=13.000000000000 stop_criteria=1000000 stn_p=100 stn_interval=50 2026-08-26T08:19:23+00:00
9

Number of subproblems: 100
Number of neighbors: 10
Number of fixed turbines: 57
Number of mobile turbines: 31
Wind: 13.000000000000
Angle: 240.000000000000
Run id: 2
Stop criteria: 1000000
STN P (num vectors): 100
STN logger interval: 50

Run time:
[done]  instance=ns192 algo=moead run_id=1 2026-08-26T08:19:35+00:00
[start] instance=ns192 algo=nsga2 run_id=3 angle=210.000000000000 wind=13.000000000000 stop_criteria=1000000 stn_p=100 stn_interval=50 2026-08-26T08:19:35+00:00
9

Number of subproblems: 100
Number of neighbors: 10
Number of fixed turbines: 57
Number of mobile turbines: 31
Wind: 13.000000000000
Angle: 210.000000000000
Run id: 3
Stop criteria: 1000000
STN P (num vectors): 100
STN logger interval: 50

Run time:
[done]  instance=ns41 algo=nsga2 run_id=3 2026-08-26T08:20:39+00:00
[start] instance=ns192 algo=nsga2 run_id=4 angle=120.000000000000 wind=4.000000000000 stop_criteria=1000000 stn_p=100 stn_interval=50 2026-08-26T08:20:39+00:00
9

Number of subproblems: 100
Number of neighbors: 10
Number of fixed turbines: 57
Number of mobile turbines: 31
Wind: 4.000000000000
Angle: 120.000000000000
Run id: 4
Stop criteria: 1000000
STN P (num vectors): 100
STN logger interval: 50

Run time:
[done]  instance=ns192 algo=moead run_id=9 2026-08-26T08:20:52+00:00
[start] instance=ns192 algo=nsga2 run_id=5 angle=180.000000000000 wind=16.000000000000 stop_criteria=1000000 stn_p=100 stn_interval=50 2026-08-26T08:20:52+00:00
9

Number of subproblems: 100
Number of neighbors: 10
Number of fixed turbines: 57
Number of mobile turbines: 31
Wind: 16.000000000000
Angle: 180.000000000000
Run id: 5
Stop criteria: 1000000
STN P (num vectors): 100
STN logger interval: 50

Run time:
[done]  instance=ns192 algo=moead run_id=4 2026-08-26T08:20:56+00:00
[start] instance=ns192 algo=nsga2 run_id=6 angle=60.000000000000 wind=16.000000000000 stop_criteria=1000000 stn_p=100 stn_interval=50 2026-08-26T08:20:56+00:00
9

Number of subproblems: 100
Number of neighbors: 10
Number of fixed turbines: 57
Number of mobile turbines: 31
Wind: 16.000000000000
Angle: 60.000000000000
Run id: 6
Stop criteria: 1000000
STN P (num vectors): 100
STN logger interval: 50

Run time:
[done]  instance=ns192 algo=moead run_id=6 2026-08-26T08:21:10+00:00
[start] instance=ns192 algo=nsga2 run_id=7 angle=90.000000000000 wind=10.000000000000 stop_criteria=1000000 stn_p=100 stn_interval=50 2026-08-26T08:21:10+00:00
9

Number of subproblems: 100
Number of neighbors: 10
Number of fixed turbines: 57
Number of mobile turbines: 31
Wind: 10.000000000000
Angle: 90.000000000000
Run id: 7
Stop criteria: 1000000
STN P (num vectors): 100
STN logger interval: 50

Run time:
[done]  instance=ns192 algo=moead run_id=2 2026-08-26T08:21:13+00:00
[start] instance=ns192 algo=nsga2 run_id=8 angle=60.000000000000 wind=6.000000000000 stop_criteria=1000000 stn_p=100 stn_interval=50 2026-08-26T08:21:13+00:00
9

Number of subproblems: 100
Number of neighbors: 10
Number of fixed turbines: 57
Number of mobile turbines: 31
Wind: 6.000000000000
Angle: 60.000000000000
Run id: 8
Stop criteria: 1000000
STN P (num vectors): 100
STN logger interval: 50

Run time:
[done]  instance=ns192 algo=moead run_id=3 2026-08-26T08:21:30+00:00
[start] instance=ns192 algo=nsga2 run_id=9 angle=0.000000000000 wind=15.000000000000 stop_criteria=1000000 stn_p=100 stn_interval=50 2026-08-26T08:21:30+00:00
9

Number of subproblems: 100
Number of neighbors: 10
Number of fixed turbines: 57
Number of mobile turbines: 31
Wind: 15.000000000000
Angle: 0.000000000000
Run id: 9
Stop criteria: 1000000
STN P (num vectors): 100
STN logger interval: 50

Run time:
[done]  instance=ns192 algo=moead run_id=7 2026-08-26T08:21:44+00:00
[start] instance=ns202 algo=moead run_id=0 angle=270.000000000000 wind=9.000000000000 stop_criteria=1000000 stn_p=100 stn_interval=50 2026-08-26T08:21:44+00:00
9

Number of subproblems: 100
Number of neighbors: 10
Number of fixed turbines: 9
Number of mobile turbines: 47
Wind: 9.000000000000
Angle: 270.000000000000
Run id: 0
Stop criteria: 1000000
STN P (num vectors): 100
STN logger interval: 50

Run time:
[done]  instance=ns192 algo=moead run_id=5 2026-08-26T08:21:53+00:00
[start] instance=ns202 algo=moead run_id=1 angle=150.000000000000 wind=2.000000000000 stop_criteria=1000000 stn_p=100 stn_interval=50 2026-08-26T08:21:53+00:00
9

Number of subproblems: 100
Number of neighbors: 10
Number of fixed turbines: 9
Number of mobile turbines: 47
Wind: 2.000000000000
Angle: 150.000000000000
Run id: 1
Stop criteria: 1000000
STN P (num vectors): 100
STN logger interval: 50

Run time:
[done]  instance=ns192 algo=moead run_id=8 2026-08-26T08:23:16+00:00
[start] instance=ns202 algo=moead run_id=2 angle=300.000000000000 wind=21.000000000000 stop_criteria=1000000 stn_p=100 stn_interval=50 2026-08-26T08:23:16+00:00
9

Number of subproblems: 100
Number of neighbors: 10
Number of fixed turbines: 9
Number of mobile turbines: 47
Wind: 21.000000000000
Angle: 300.000000000000
Run id: 2
Stop criteria: 1000000
STN P (num vectors): 100
STN logger interval: 50

Run time:
[done]  instance=ns202 algo=moead run_id=1 2026-08-26T08:25:49+00:00
[start] instance=ns202 algo=moead run_id=3 angle=270.000000000000 wind=16.000000000000 stop_criteria=1000000 stn_p=100 stn_interval=50 2026-08-26T08:25:49+00:00
9

Number of subproblems: 100
Number of neighbors: 10
Number of fixed turbines: 9
Number of mobile turbines: 47
Wind: 16.000000000000
Angle: 270.000000000000
Run id: 3
Stop criteria: 1000000
STN P (num vectors): 100
STN logger interval: 50

Run time:
[done]  instance=ns202 algo=moead run_id=0 2026-08-26T08:25:50+00:00
[start] instance=ns202 algo=moead run_id=4 angle=240.000000000000 wind=13.000000000000 stop_criteria=1000000 stn_p=100 stn_interval=50 2026-08-26T08:25:50+00:00
9

Number of subproblems: 100
Number of neighbors: 10
Number of fixed turbines: 9
Number of mobile turbines: 47
Wind: 13.000000000000
Angle: 240.000000000000
Run id: 4
Stop criteria: 1000000
STN P (num vectors): 100
STN logger interval: 50

Run time:
[done]  instance=ns202 algo=moead run_id=2 2026-08-26T08:26:49+00:00
[start] instance=ns202 algo=moead run_id=5 angle=240.000000000000 wind=7.000000000000 stop_criteria=1000000 stn_p=100 stn_interval=50 2026-08-26T08:26:49+00:00
9

Number of subproblems: 100
Number of neighbors: 10
Number of fixed turbines: 9
Number of mobile turbines: 47
Wind: 7.000000000000
Angle: 240.000000000000
Run id: 5
Stop criteria: 1000000
STN P (num vectors): 100
STN logger interval: 50

Run time:
[done]  instance=ns202 algo=moead run_id=3 2026-08-26T08:29:10+00:00
[start] instance=ns202 algo=moead run_id=6 angle=180.000000000000 wind=15.000000000000 stop_criteria=1000000 stn_p=100 stn_interval=50 2026-08-26T08:29:10+00:00
9

Number of subproblems: 100
Number of neighbors: 10
Number of fixed turbines: 9
Number of mobile turbines: 47
Wind: 15.000000000000
Angle: 180.000000000000
Run id: 6
Stop criteria: 1000000
STN P (num vectors): 100
STN logger interval: 50

Run time:
[done]  instance=ns202 algo=moead run_id=4 2026-08-26T08:29:33+00:00
[start] instance=ns202 algo=moead run_id=7 angle=300.000000000000 wind=16.000000000000 stop_criteria=1000000 stn_p=100 stn_interval=50 2026-08-26T08:29:33+00:00
9

Number of subproblems: 100
Number of neighbors: 10
Number of fixed turbines: 9
Number of mobile turbines: 47
Wind: 16.000000000000
Angle: 300.000000000000
Run id: 7
Stop criteria: 1000000
STN P (num vectors): 100
STN logger interval: 50

Run time:
[done]  instance=ns202 algo=moead run_id=5 2026-08-26T08:30:19+00:00
[start] instance=ns202 algo=moead run_id=8 angle=150.000000000000 wind=10.000000000000 stop_criteria=1000000 stn_p=100 stn_interval=50 2026-08-26T08:30:19+00:00
9

Number of subproblems: 100
Number of neighbors: 10
Number of fixed turbines: 9
Number of mobile turbines: 47
Wind: 10.000000000000
Angle: 150.000000000000
Run id: 8
Stop criteria: 1000000
STN P (num vectors): 100
STN logger interval: 50

Run time:
[done]  instance=ns41 algo=nsga2 run_id=2 2026-08-26T08:30:53+00:00
[start] instance=ns202 algo=moead run_id=9 angle=210.000000000000 wind=11.000000000000 stop_criteria=1000000 stn_p=100 stn_interval=50 2026-08-26T08:30:53+00:00
9

Number of subproblems: 100
Number of neighbors: 10
Number of fixed turbines: 9
Number of mobile turbines: 47
Wind: 11.000000000000
Angle: 210.000000000000
Run id: 9
Stop criteria: 1000000
STN P (num vectors): 100
STN logger interval: 50

Run time:
[done]  instance=ns202 algo=moead run_id=7 2026-08-26T08:32:40+00:00
[start] instance=ns202 algo=nsga2 run_id=0 angle=270.000000000000 wind=9.000000000000 stop_criteria=1000000 stn_p=100 stn_interval=50 2026-08-26T08:32:40+00:00
9

Number of subproblems: 100
Number of neighbors: 10
Number of fixed turbines: 9
Number of mobile turbines: 47
Wind: 9.000000000000
Angle: 270.000000000000
Run id: 0
Stop criteria: 1000000
STN P (num vectors): 100
STN logger interval: 50

Run time:
[done]  instance=ns202 algo=moead run_id=6 2026-08-26T08:32:53+00:00
[start] instance=ns202 algo=nsga2 run_id=1 angle=150.000000000000 wind=2.000000000000 stop_criteria=1000000 stn_p=100 stn_interval=50 2026-08-26T08:32:53+00:00
9

Number of subproblems: 100
Number of neighbors: 10
Number of fixed turbines: 9
Number of mobile turbines: 47
Wind: 2.000000000000
Angle: 150.000000000000
Run id: 1
Stop criteria: 1000000
STN P (num vectors): 100
STN logger interval: 50

Run time:
[done]  instance=ns202 algo=moead run_id=8 2026-08-26T08:34:16+00:00
[start] instance=ns202 algo=nsga2 run_id=2 angle=300.000000000000 wind=21.000000000000 stop_criteria=1000000 stn_p=100 stn_interval=50 2026-08-26T08:34:16+00:00
9

Number of subproblems: 100
Number of neighbors: 10
Number of fixed turbines: 9
Number of mobile turbines: 47
Wind: 21.000000000000
Angle: 300.000000000000
Run id: 2
Stop criteria: 1000000
STN P (num vectors): 100
STN logger interval: 50

Run time:
[done]  instance=ns202 algo=moead run_id=9 2026-08-26T08:34:25+00:00
[start] instance=ns202 algo=nsga2 run_id=3 angle=270.000000000000 wind=16.000000000000 stop_criteria=1000000 stn_p=100 stn_interval=50 2026-08-26T08:34:25+00:00
9

Number of subproblems: 100
Number of neighbors: 10
Number of fixed turbines: 9
Number of mobile turbines: 47
Wind: 16.000000000000
Angle: 270.000000000000
Run id: 3
Stop criteria: 1000000
STN P (num vectors): 100
STN logger interval: 50

Run time:
[done]  instance=ns192 algo=nsga2 run_id=0 2026-08-26T08:34:53+00:00
[start] instance=ns202 algo=nsga2 run_id=4 angle=240.000000000000 wind=13.000000000000 stop_criteria=1000000 stn_p=100 stn_interval=50 2026-08-26T08:34:53+00:00
9

Number of subproblems: 100
Number of neighbors: 10
Number of fixed turbines: 9
Number of mobile turbines: 47
Wind: 13.000000000000
Angle: 240.000000000000
Run id: 4
Stop criteria: 1000000
STN P (num vectors): 100
STN logger interval: 50

Run time:
[done]  instance=ns192 algo=nsga2 run_id=9 2026-08-26T08:35:05+00:00
[start] instance=ns202 algo=nsga2 run_id=5 angle=240.000000000000 wind=7.000000000000 stop_criteria=1000000 stn_p=100 stn_interval=50 2026-08-26T08:35:05+00:00
9

Number of subproblems: 100
Number of neighbors: 10
Number of fixed turbines: 9
Number of mobile turbines: 47
Wind: 7.000000000000
Angle: 240.000000000000
Run id: 5
Stop criteria: 1000000
STN P (num vectors): 100
STN logger interval: 50

Run time:
[done]  instance=ns192 algo=nsga2 run_id=1 2026-08-26T08:36:08+00:00
[start] instance=ns202 algo=nsga2 run_id=6 angle=180.000000000000 wind=15.000000000000 stop_criteria=1000000 stn_p=100 stn_interval=50 2026-08-26T08:36:08+00:00
9

Number of subproblems: 100
Number of neighbors: 10
Number of fixed turbines: 9
Number of mobile turbines: 47
Wind: 15.000000000000
Angle: 180.000000000000
Run id: 6
Stop criteria: 1000000
STN P (num vectors): 100
STN logger interval: 50

Run time:
[done]  instance=ns41 algo=nsga2 run_id=5 2026-08-26T08:37:39+00:00
[start] instance=ns202 algo=nsga2 run_id=7 angle=300.000000000000 wind=16.000000000000 stop_criteria=1000000 stn_p=100 stn_interval=50 2026-08-26T08:37:39+00:00
9

Number of subproblems: 100
Number of neighbors: 10
Number of fixed turbines: 9
Number of mobile turbines: 47
Wind: 16.000000000000
Angle: 300.000000000000
Run id: 7
Stop criteria: 1000000
STN P (num vectors): 100
STN logger interval: 50

Run time:
[done]  instance=ns192 algo=nsga2 run_id=3 2026-08-26T08:37:46+00:00
[start] instance=ns202 algo=nsga2 run_id=8 angle=150.000000000000 wind=10.000000000000 stop_criteria=1000000 stn_p=100 stn_interval=50 2026-08-26T08:37:46+00:00
9

Number of subproblems: 100
Number of neighbors: 10
Number of fixed turbines: 9
Number of mobile turbines: 47
Wind: 10.000000000000
Angle: 150.000000000000
Run id: 8
Stop criteria: 1000000
STN P (num vectors): 100
STN logger interval: 50

Run time:
[done]  instance=ns192 algo=nsga2 run_id=2 2026-08-26T08:37:50+00:00
[start] instance=ns202 algo=nsga2 run_id=9 angle=210.000000000000 wind=11.000000000000 stop_criteria=1000000 stn_p=100 stn_interval=50 2026-08-26T08:37:50+00:00
9

Number of subproblems: 100
Number of neighbors: 10
Number of fixed turbines: 9
Number of mobile turbines: 47
Wind: 11.000000000000
Angle: 210.000000000000
Run id: 9
Stop criteria: 1000000
STN P (num vectors): 100
STN logger interval: 50

Run time:
[done]  instance=ns192 algo=nsga2 run_id=8 2026-08-26T08:38:10+00:00
[start] instance=ns203 algo=moead run_id=0 angle=240.000000000000 wind=12.000000000000 stop_criteria=1000000 stn_p=100 stn_interval=50 2026-08-26T08:38:10+00:00
9

Number of subproblems: 100
Number of neighbors: 10
Number of fixed turbines: 24
Number of mobile turbines: 41
Wind: 12.000000000000
Angle: 240.000000000000
Run id: 0
Stop criteria: 1000000
STN P (num vectors): 100
STN logger interval: 50

Run time:
[done]  instance=ns192 algo=nsga2 run_id=7 2026-08-26T08:38:18+00:00
[start] instance=ns203 algo=moead run_id=1 angle=300.000000000000 wind=7.000000000000 stop_criteria=1000000 stn_p=100 stn_interval=50 2026-08-26T08:38:18+00:00
9

Number of subproblems: 100
Number of neighbors: 10
Number of fixed turbines: 24
Number of mobile turbines: 41
Wind: 7.000000000000
Angle: 300.000000000000
Run id: 1
Stop criteria: 1000000
STN P (num vectors): 100
STN logger interval: 50

Run time:
[done]  instance=ns41 algo=nsga2 run_id=6 2026-08-26T08:38:20+00:00
[start] instance=ns203 algo=moead run_id=2 angle=150.000000000000 wind=10.000000000000 stop_criteria=1000000 stn_p=100 stn_interval=50 2026-08-26T08:38:20+00:00
9

Number of subproblems: 100
Number of neighbors: 10
Number of fixed turbines: 24
Number of mobile turbines: 41
Wind: 10.000000000000
Angle: 150.000000000000
Run id: 2
Stop criteria: 1000000
STN P (num vectors): 100
STN logger interval: 50

Run time:
[done]  instance=ns192 algo=nsga2 run_id=4 2026-08-26T08:38:26+00:00
[start] instance=ns203 algo=moead run_id=3 angle=240.000000000000 wind=2.000000000000 stop_criteria=1000000 stn_p=100 stn_interval=50 2026-08-26T08:38:26+00:00
9

Number of subproblems: 100
Number of neighbors: 10
Number of fixed turbines: 24
Number of mobile turbines: 41
Wind: 2.000000000000
Angle: 240.000000000000
Run id: 3
Stop criteria: 1000000
STN P (num vectors): 100
STN logger interval: 50

Run time:
[done]  instance=ns192 algo=nsga2 run_id=6 2026-08-26T08:38:40+00:00
[start] instance=ns203 algo=moead run_id=4 angle=120.000000000000 wind=9.000000000000 stop_criteria=1000000 stn_p=100 stn_interval=50 2026-08-26T08:38:40+00:00
9

Number of subproblems: 100
Number of neighbors: 10
Number of fixed turbines: 24
Number of mobile turbines: 41
Wind: 9.000000000000
Angle: 120.000000000000
Run id: 4
Stop criteria: 1000000
STN P (num vectors): 100
STN logger interval: 50

Run time:
[done]  instance=ns192 algo=nsga2 run_id=5 2026-08-26T08:39:33+00:00
[start] instance=ns203 algo=moead run_id=5 angle=330.000000000000 wind=7.000000000000 stop_criteria=1000000 stn_p=100 stn_interval=50 2026-08-26T08:39:34+00:00
9

Number of subproblems: 100
Number of neighbors: 10
Number of fixed turbines: 24
Number of mobile turbines: 41
Wind: 7.000000000000
Angle: 330.000000000000
Run id: 5
Stop criteria: 1000000
STN P (num vectors): 100
STN logger interval: 50

Run time:
[done]  instance=ns41 algo=nsga2 run_id=8 2026-08-26T08:41:33+00:00
[start] instance=ns203 algo=moead run_id=6 angle=240.000000000000 wind=8.000000000000 stop_criteria=1000000 stn_p=100 stn_interval=50 2026-08-26T08:41:33+00:00
9

Number of subproblems: 100
Number of neighbors: 10
Number of fixed turbines: 24
Number of mobile turbines: 41
Wind: 8.000000000000
Angle: 240.000000000000
Run id: 6
Stop criteria: 1000000
STN P (num vectors): 100
STN logger interval: 50

Run time:
[done]  instance=ns41 algo=nsga2 run_id=4 2026-08-26T08:41:55+00:00
[start] instance=ns203 algo=moead run_id=7 angle=270.000000000000 wind=12.000000000000 stop_criteria=1000000 stn_p=100 stn_interval=50 2026-08-26T08:41:55+00:00
9

Number of subproblems: 100
Number of neighbors: 10
Number of fixed turbines: 24
Number of mobile turbines: 41
Wind: 12.000000000000
Angle: 270.000000000000
Run id: 7
Stop criteria: 1000000
STN P (num vectors): 100
STN logger interval: 50

Run time:
[done]  instance=ns203 algo=moead run_id=3 2026-08-26T08:42:16+00:00
[start] instance=ns203 algo=moead run_id=8 angle=30.000000000000 wind=7.000000000000 stop_criteria=1000000 stn_p=100 stn_interval=50 2026-08-26T08:42:16+00:00
9

Number of subproblems: 100
Number of neighbors: 10
Number of fixed turbines: 24
Number of mobile turbines: 41
Wind: 7.000000000000
Angle: 30.000000000000
Run id: 8
Stop criteria: 1000000
STN P (num vectors): 100
STN logger interval: 50

Run time:
[done]  instance=ns203 algo=moead run_id=2 2026-08-26T08:42:17+00:00
[start] instance=ns203 algo=moead run_id=9 angle=150.000000000000 wind=4.000000000000 stop_criteria=1000000 stn_p=100 stn_interval=50 2026-08-26T08:42:17+00:00
9

Number of subproblems: 100
Number of neighbors: 10
Number of fixed turbines: 24
Number of mobile turbines: 41
Wind: 4.000000000000
Angle: 150.000000000000
Run id: 9
Stop criteria: 1000000
STN P (num vectors): 100
STN logger interval: 50

Run time:
[done]  instance=ns203 algo=moead run_id=0 2026-08-26T08:42:20+00:00
[start] instance=ns203 algo=nsga2 run_id=0 angle=240.000000000000 wind=12.000000000000 stop_criteria=1000000 stn_p=100 stn_interval=50 2026-08-26T08:42:20+00:00
9

Number of subproblems: 100
Number of neighbors: 10
Number of fixed turbines: 24
Number of mobile turbines: 41
Wind: 12.000000000000
Angle: 240.000000000000
Run id: 0
Stop criteria: 1000000
STN P (num vectors): 100
STN logger interval: 50

Run time:
[done]  instance=ns203 algo=moead run_id=1 2026-08-26T08:42:23+00:00
[start] instance=ns203 algo=nsga2 run_id=1 angle=300.000000000000 wind=7.000000000000 stop_criteria=1000000 stn_p=100 stn_interval=50 2026-08-26T08:42:23+00:00
9

Number of subproblems: 100
Number of neighbors: 10
Number of fixed turbines: 24
Number of mobile turbines: 41
Wind: 7.000000000000
Angle: 300.000000000000
Run id: 1
Stop criteria: 1000000
STN P (num vectors): 100
STN logger interval: 50

Run time:
[done]  instance=ns203 algo=moead run_id=4 2026-08-26T08:43:04+00:00
[start] instance=ns203 algo=nsga2 run_id=2 angle=150.000000000000 wind=10.000000000000 stop_criteria=1000000 stn_p=100 stn_interval=50 2026-08-26T08:43:04+00:00
9

Number of subproblems: 100
Number of neighbors: 10
Number of fixed turbines: 24
Number of mobile turbines: 41
Wind: 10.000000000000
Angle: 150.000000000000
Run id: 2
Stop criteria: 1000000
STN P (num vectors): 100
STN logger interval: 50

Run time:
[done]  instance=ns41 algo=nsga2 run_id=9 2026-08-26T08:43:16+00:00
[start] instance=ns203 algo=nsga2 run_id=3 angle=240.000000000000 wind=2.000000000000 stop_criteria=1000000 stn_p=100 stn_interval=50 2026-08-26T08:43:17+00:00
9

Number of subproblems: 100
Number of neighbors: 10
Number of fixed turbines: 24
Number of mobile turbines: 41
Wind: 2.000000000000
Angle: 240.000000000000
Run id: 3
Stop criteria: 1000000
STN P (num vectors): 100
STN logger interval: 50

Run time:
[done]  instance=ns203 algo=moead run_id=5 2026-08-26T08:44:09+00:00
[start] instance=ns203 algo=nsga2 run_id=4 angle=120.000000000000 wind=9.000000000000 stop_criteria=1000000 stn_p=100 stn_interval=50 2026-08-26T08:44:09+00:00
9

Number of subproblems: 100
Number of neighbors: 10
Number of fixed turbines: 24
Number of mobile turbines: 41
Wind: 9.000000000000
Angle: 120.000000000000
Run id: 4
Stop criteria: 1000000
STN P (num vectors): 100
STN logger interval: 50

Run time:
[done]  instance=ns203 algo=moead run_id=6 2026-08-26T08:45:19+00:00
[start] instance=ns203 algo=nsga2 run_id=5 angle=330.000000000000 wind=7.000000000000 stop_criteria=1000000 stn_p=100 stn_interval=50 2026-08-26T08:45:19+00:00
9

Number of subproblems: 100
Number of neighbors: 10
Number of fixed turbines: 24
Number of mobile turbines: 41
Wind: 7.000000000000
Angle: 330.000000000000
Run id: 5
Stop criteria: 1000000
STN P (num vectors): 100
STN logger interval: 50

Run time:
[done]  instance=ns203 algo=moead run_id=7 2026-08-26T08:45:41+00:00
[start] instance=ns203 algo=nsga2 run_id=6 angle=240.000000000000 wind=8.000000000000 stop_criteria=1000000 stn_p=100 stn_interval=50 2026-08-26T08:45:41+00:00
9

Number of subproblems: 100
Number of neighbors: 10
Number of fixed turbines: 24
Number of mobile turbines: 41
Wind: 8.000000000000
Angle: 240.000000000000
Run id: 6
Stop criteria: 1000000
STN P (num vectors): 100
STN logger interval: 50

Run time:
[done]  instance=ns203 algo=moead run_id=8 2026-08-26T08:45:50+00:00
[start] instance=ns203 algo=nsga2 run_id=7 angle=270.000000000000 wind=12.000000000000 stop_criteria=1000000 stn_p=100 stn_interval=50 2026-08-26T08:45:50+00:00
9

Number of subproblems: 100
Number of neighbors: 10
Number of fixed turbines: 24
Number of mobile turbines: 41
Wind: 12.000000000000
Angle: 270.000000000000
Run id: 7
Stop criteria: 1000000
STN P (num vectors): 100
STN logger interval: 50

Run time:
[done]  instance=ns41 algo=nsga2 run_id=7 2026-08-26T08:46:02+00:00
[start] instance=ns203 algo=nsga2 run_id=8 angle=30.000000000000 wind=7.000000000000 stop_criteria=1000000 stn_p=100 stn_interval=50 2026-08-26T08:46:02+00:00
9

Number of subproblems: 100
Number of neighbors: 10
Number of fixed turbines: 24
Number of mobile turbines: 41
Wind: 7.000000000000
Angle: 30.000000000000
Run id: 8
Stop criteria: 1000000
STN P (num vectors): 100
STN logger interval: 50

Run time:
[done]  instance=ns203 algo=moead run_id=9 2026-08-26T08:46:51+00:00
[start] instance=ns203 algo=nsga2 run_id=9 angle=150.000000000000 wind=4.000000000000 stop_criteria=1000000 stn_p=100 stn_interval=50 2026-08-26T08:46:52+00:00
9

Number of subproblems: 100
Number of neighbors: 10
Number of fixed turbines: 24
Number of mobile turbines: 41
Wind: 4.000000000000
Angle: 150.000000000000
Run id: 9
Stop criteria: 1000000
STN P (num vectors): 100
STN logger interval: 50

Run time:
[done]  instance=ns202 algo=nsga2 run_id=1 2026-08-26T09:00:05+00:00
[start] instance=ns440 algo=moead run_id=0 angle=240.000000000000 wind=9.000000000000 stop_criteria=1000000 stn_p=100 stn_interval=50 2026-08-26T09:00:05+00:00
9

Number of subproblems: 100
Number of neighbors: 10
Number of fixed turbines: 27
Number of mobile turbines: 140
Wind: 9.000000000000
Angle: 240.000000000000
Run id: 0
Stop criteria: 1000000
STN P (num vectors): 100
STN logger interval: 50

Run time:
[done]  instance=ns202 algo=nsga2 run_id=0 2026-08-26T09:01:21+00:00
[start] instance=ns440 algo=moead run_id=1 angle=240.000000000000 wind=16.000000000000 stop_criteria=1000000 stn_p=100 stn_interval=50 2026-08-26T09:01:22+00:00
9

Number of subproblems: 100
Number of neighbors: 10
Number of fixed turbines: 27
Number of mobile turbines: 140
Wind: 16.000000000000
Angle: 240.000000000000
Run id: 1
Stop criteria: 1000000
STN P (num vectors): 100
STN logger interval: 50

Run time:
[done]  instance=ns202 algo=nsga2 run_id=2 2026-08-26T09:01:57+00:00
[start] instance=ns440 algo=moead run_id=2 angle=240.000000000000 wind=8.000000000000 stop_criteria=1000000 stn_p=100 stn_interval=50 2026-08-26T09:01:57+00:00
9

Number of subproblems: 100
Number of neighbors: 10
Number of fixed turbines: 27
Number of mobile turbines: 140
Wind: 8.000000000000
Angle: 240.000000000000
Run id: 2
Stop criteria: 1000000
STN P (num vectors): 100
STN logger interval: 50

Run time:
[done]  instance=ns202 algo=nsga2 run_id=3 2026-08-26T09:02:01+00:00
[start] instance=ns440 algo=moead run_id=3 angle=300.000000000000 wind=8.000000000000 stop_criteria=1000000 stn_p=100 stn_interval=50 2026-08-26T09:02:01+00:00
9

Number of subproblems: 100
Number of neighbors: 10
Number of fixed turbines: 27
Number of mobile turbines: 140
Wind: 8.000000000000
Angle: 300.000000000000
Run id: 3
Stop criteria: 1000000
STN P (num vectors): 100
STN logger interval: 50

Run time:
[done]  instance=ns202 algo=nsga2 run_id=4 2026-08-26T09:02:28+00:00
[start] instance=ns440 algo=moead run_id=4 angle=210.000000000000 wind=8.000000000000 stop_criteria=1000000 stn_p=100 stn_interval=50 2026-08-26T09:02:29+00:00
9

Number of subproblems: 100
Number of neighbors: 10
Number of fixed turbines: 27
Number of mobile turbines: 140
Wind: 8.000000000000
Angle: 210.000000000000
Run id: 4
Stop criteria: 1000000
STN P (num vectors): 100
STN logger interval: 50

Run time:
[done]  instance=ns202 algo=nsga2 run_id=5 2026-08-26T09:02:41+00:00
[start] instance=ns440 algo=moead run_id=5 angle=60.000000000000 wind=11.000000000000 stop_criteria=1000000 stn_p=100 stn_interval=50 2026-08-26T09:02:41+00:00
9

Number of subproblems: 100
Number of neighbors: 10
Number of fixed turbines: 27
Number of mobile turbines: 140
Wind: 11.000000000000
Angle: 60.000000000000
Run id: 5
Stop criteria: 1000000
STN P (num vectors): 100
STN logger interval: 50

Run time:
[done]  instance=ns203 algo=nsga2 run_id=0 2026-08-26T09:02:52+00:00
[start] instance=ns440 algo=moead run_id=6 angle=150.000000000000 wind=8.000000000000 stop_criteria=1000000 stn_p=100 stn_interval=50 2026-08-26T09:02:53+00:00
9

Number of subproblems: 100
Number of neighbors: 10
Number of fixed turbines: 27
Number of mobile turbines: 140
Wind: 8.000000000000
Angle: 150.000000000000
Run id: 6
Stop criteria: 1000000
STN P (num vectors): 100
STN logger interval: 50

Run time:
[done]  instance=ns202 algo=nsga2 run_id=6 2026-08-26T09:04:10+00:00
[start] instance=ns440 algo=moead run_id=7 angle=0.000000000000 wind=7.000000000000 stop_criteria=1000000 stn_p=100 stn_interval=50 2026-08-26T09:04:10+00:00
9

Number of subproblems: 100
Number of neighbors: 10
Number of fixed turbines: 27
Number of mobile turbines: 140
Wind: 7.000000000000
Angle: 0.000000000000
Run id: 7
Stop criteria: 1000000
STN P (num vectors): 100
STN logger interval: 50

Run time:
[done]  instance=ns203 algo=nsga2 run_id=1 2026-08-26T09:04:34+00:00
[start] instance=ns440 algo=moead run_id=8 angle=30.000000000000 wind=4.000000000000 stop_criteria=1000000 stn_p=100 stn_interval=50 2026-08-26T09:04:34+00:00
9

Number of subproblems: 100
Number of neighbors: 10
Number of fixed turbines: 27
Number of mobile turbines: 140
Wind: 4.000000000000
Angle: 30.000000000000
Run id: 8
Stop criteria: 1000000
STN P (num vectors): 100
STN logger interval: 50

Run time:
[done]  instance=ns203 algo=nsga2 run_id=3 2026-08-26T09:05:21+00:00
[start] instance=ns440 algo=moead run_id=9 angle=210.000000000000 wind=14.000000000000 stop_criteria=1000000 stn_p=100 stn_interval=50 2026-08-26T09:05:22+00:00
9

Number of subproblems: 100
Number of neighbors: 10
Number of fixed turbines: 27
Number of mobile turbines: 140
Wind: 14.000000000000
Angle: 210.000000000000
Run id: 9
Stop criteria: 1000000
STN P (num vectors): 100
STN logger interval: 50

Run time:
[done]  instance=ns202 algo=nsga2 run_id=8 2026-08-26T09:05:53+00:00
[start] instance=ns440 algo=nsga2 run_id=0 angle=240.000000000000 wind=9.000000000000 stop_criteria=1000000 stn_p=100 stn_interval=50 2026-08-26T09:05:53+00:00
9

Number of subproblems: 100
Number of neighbors: 10
Number of fixed turbines: 27
Number of mobile turbines: 140
Wind: 9.000000000000
Angle: 240.000000000000
Run id: 0
Stop criteria: 1000000
STN P (num vectors): 100
STN logger interval: 50

Run time:
[done]  instance=ns203 algo=nsga2 run_id=4 2026-08-26T09:06:18+00:00
[start] instance=ns440 algo=nsga2 run_id=1 angle=240.000000000000 wind=16.000000000000 stop_criteria=1000000 stn_p=100 stn_interval=50 2026-08-26T09:06:18+00:00
9

Number of subproblems: 100
Number of neighbors: 10
Number of fixed turbines: 27
Number of mobile turbines: 140
Wind: 16.000000000000
Angle: 240.000000000000
Run id: 1
Stop criteria: 1000000
STN P (num vectors): 100
STN logger interval: 50

Run time:
[done]  instance=ns202 algo=nsga2 run_id=9 2026-08-26T09:06:24+00:00
[start] instance=ns440 algo=nsga2 run_id=2 angle=240.000000000000 wind=8.000000000000 stop_criteria=1000000 stn_p=100 stn_interval=50 2026-08-26T09:06:24+00:00
9

Number of subproblems: 100
Number of neighbors: 10
Number of fixed turbines: 27
Number of mobile turbines: 140
Wind: 8.000000000000
Angle: 240.000000000000
Run id: 2
Stop criteria: 1000000
STN P (num vectors): 100
STN logger interval: 50

Run time:
[done]  instance=ns202 algo=nsga2 run_id=7 2026-08-26T09:06:49+00:00
[start] instance=ns440 algo=nsga2 run_id=3 angle=300.000000000000 wind=8.000000000000 stop_criteria=1000000 stn_p=100 stn_interval=50 2026-08-26T09:06:49+00:00
9

Number of subproblems: 100
Number of neighbors: 10
Number of fixed turbines: 27
Number of mobile turbines: 140
Wind: 8.000000000000
Angle: 300.000000000000
Run id: 3
Stop criteria: 1000000
STN P (num vectors): 100
STN logger interval: 50

Run time:
[done]  instance=ns203 algo=nsga2 run_id=7 2026-08-26T09:07:02+00:00
[start] instance=ns440 algo=nsga2 run_id=4 angle=210.000000000000 wind=8.000000000000 stop_criteria=1000000 stn_p=100 stn_interval=50 2026-08-26T09:07:03+00:00
9

Number of subproblems: 100
Number of neighbors: 10
Number of fixed turbines: 27
Number of mobile turbines: 140
Wind: 8.000000000000
Angle: 210.000000000000
Run id: 4
Stop criteria: 1000000
STN P (num vectors): 100
STN logger interval: 50

Run time:
[done]  instance=ns203 algo=nsga2 run_id=2 2026-08-26T09:07:13+00:00
[start] instance=ns440 algo=nsga2 run_id=5 angle=60.000000000000 wind=11.000000000000 stop_criteria=1000000 stn_p=100 stn_interval=50 2026-08-26T09:07:13+00:00
9

Number of subproblems: 100
Number of neighbors: 10
Number of fixed turbines: 27
Number of mobile turbines: 140
Wind: 11.000000000000
Angle: 60.000000000000
Run id: 5
Stop criteria: 1000000
STN P (num vectors): 100
STN logger interval: 50

Run time:
[done]  instance=ns203 algo=nsga2 run_id=9 2026-08-26T09:07:37+00:00
[start] instance=ns440 algo=nsga2 run_id=6 angle=150.000000000000 wind=8.000000000000 stop_criteria=1000000 stn_p=100 stn_interval=50 2026-08-26T09:07:37+00:00
9

Number of subproblems: 100
Number of neighbors: 10
Number of fixed turbines: 27
Number of mobile turbines: 140
Wind: 8.000000000000
Angle: 150.000000000000
Run id: 6
Stop criteria: 1000000
STN P (num vectors): 100
STN logger interval: 50

Run time:
[done]  instance=ns203 algo=nsga2 run_id=8 2026-08-26T09:08:27+00:00
[start] instance=ns440 algo=nsga2 run_id=7 angle=0.000000000000 wind=7.000000000000 stop_criteria=1000000 stn_p=100 stn_interval=50 2026-08-26T09:08:27+00:00
9

Number of subproblems: 100
Number of neighbors: 10
Number of fixed turbines: 27
Number of mobile turbines: 140
Wind: 7.000000000000
Angle: 0.000000000000
Run id: 7
Stop criteria: 1000000
STN P (num vectors): 100
STN logger interval: 50

Run time:
[done]  instance=ns203 algo=nsga2 run_id=6 2026-08-26T09:08:44+00:00
[start] instance=ns440 algo=nsga2 run_id=8 angle=30.000000000000 wind=4.000000000000 stop_criteria=1000000 stn_p=100 stn_interval=50 2026-08-26T09:08:44+00:00
9

Number of subproblems: 100
Number of neighbors: 10
Number of fixed turbines: 27
Number of mobile turbines: 140
Wind: 4.000000000000
Angle: 30.000000000000
Run id: 8
Stop criteria: 1000000
STN P (num vectors): 100
STN logger interval: 50

Run time:
[done]  instance=ns203 algo=nsga2 run_id=5 2026-08-26T09:08:47+00:00
[start] instance=ns440 algo=nsga2 run_id=9 angle=210.000000000000 wind=14.000000000000 stop_criteria=1000000 stn_p=100 stn_interval=50 2026-08-26T09:08:47+00:00
9

Number of subproblems: 100
Number of neighbors: 10
Number of fixed turbines: 27
Number of mobile turbines: 140
Wind: 14.000000000000
Angle: 210.000000000000
Run id: 9
Stop criteria: 1000000
STN P (num vectors): 100
STN logger interval: 50

Run time:
[done]  instance=ns440 algo=moead run_id=7 2026-08-26T09:19:31+00:00
[start] instance=ns465 algo=moead run_id=0 angle=120.000000000000 wind=15.000000000000 stop_criteria=1000000 stn_p=100 stn_interval=50 2026-08-26T09:19:31+00:00
9

Number of subproblems: 100
Number of neighbors: 10
Number of fixed turbines: 20
Number of mobile turbines: 79
Wind: 15.000000000000
Angle: 120.000000000000
Run id: 0
Stop criteria: 1000000
STN P (num vectors): 100
STN logger interval: 50

Run time:
[done]  instance=ns440 algo=moead run_id=0 2026-08-26T09:24:41+00:00
[start] instance=ns465 algo=moead run_id=1 angle=30.000000000000 wind=9.000000000000 stop_criteria=1000000 stn_p=100 stn_interval=50 2026-08-26T09:24:41+00:00
9

Number of subproblems: 100
Number of neighbors: 10
Number of fixed turbines: 20
Number of mobile turbines: 79
Wind: 9.000000000000
Angle: 30.000000000000
Run id: 1
Stop criteria: 1000000
STN P (num vectors): 100
STN logger interval: 50

Run time:
[done]  instance=ns440 algo=moead run_id=1 2026-08-26T09:25:45+00:00
[start] instance=ns465 algo=moead run_id=2 angle=210.000000000000 wind=3.000000000000 stop_criteria=1000000 stn_p=100 stn_interval=50 2026-08-26T09:25:46+00:00
9

Number of subproblems: 100
Number of neighbors: 10
Number of fixed turbines: 20
Number of mobile turbines: 79
Wind: 3.000000000000
Angle: 210.000000000000
Run id: 2
Stop criteria: 1000000
STN P (num vectors): 100
STN logger interval: 50

Run time:
[done]  instance=ns465 algo=moead run_id=0 2026-08-26T09:27:01+00:00
[start] instance=ns465 algo=moead run_id=3 angle=210.000000000000 wind=11.000000000000 stop_criteria=1000000 stn_p=100 stn_interval=50 2026-08-26T09:27:02+00:00
9

Number of subproblems: 100
Number of neighbors: 10
Number of fixed turbines: 20
Number of mobile turbines: 79
Wind: 11.000000000000
Angle: 210.000000000000
Run id: 3
Stop criteria: 1000000
STN P (num vectors): 100
STN logger interval: 50

Run time:
[done]  instance=ns440 algo=moead run_id=5 2026-08-26T09:27:35+00:00
[start] instance=ns465 algo=moead run_id=4 angle=180.000000000000 wind=20.000000000000 stop_criteria=1000000 stn_p=100 stn_interval=50 2026-08-26T09:27:35+00:00
9

Number of subproblems: 100
Number of neighbors: 10
Number of fixed turbines: 20
Number of mobile turbines: 79
Wind: 20.000000000000
Angle: 180.000000000000
Run id: 4
Stop criteria: 1000000
STN P (num vectors): 100
STN logger interval: 50

Run time:
[done]  instance=ns440 algo=moead run_id=2 2026-08-26T09:28:26+00:00
[start] instance=ns465 algo=moead run_id=5 angle=60.000000000000 wind=10.000000000000 stop_criteria=1000000 stn_p=100 stn_interval=50 2026-08-26T09:28:26+00:00
9

Number of subproblems: 100
Number of neighbors: 10
Number of fixed turbines: 20
Number of mobile turbines: 79
Wind: 10.000000000000
Angle: 60.000000000000
Run id: 5
Stop criteria: 1000000
STN P (num vectors): 100
STN logger interval: 50

Run time:
[done]  instance=ns440 algo=moead run_id=8 2026-08-26T09:28:36+00:00
[start] instance=ns465 algo=moead run_id=6 angle=60.000000000000 wind=12.000000000000 stop_criteria=1000000 stn_p=100 stn_interval=50 2026-08-26T09:28:36+00:00
9

Number of subproblems: 100
Number of neighbors: 10
Number of fixed turbines: 20
Number of mobile turbines: 79
Wind: 12.000000000000
Angle: 60.000000000000
Run id: 6
Stop criteria: 1000000
STN P (num vectors): 100
STN logger interval: 50

Run time:
[done]  instance=ns440 algo=moead run_id=3 2026-08-26T09:28:51+00:00
[start] instance=ns465 algo=moead run_id=7 angle=30.000000000000 wind=3.000000000000 stop_criteria=1000000 stn_p=100 stn_interval=50 2026-08-26T09:28:51+00:00
9

Number of subproblems: 100
Number of neighbors: 10
Number of fixed turbines: 20
Number of mobile turbines: 79
Wind: 3.000000000000
Angle: 30.000000000000
Run id: 7
Stop criteria: 1000000
STN P (num vectors): 100
STN logger interval: 50

Run time:
[done]  instance=ns440 algo=moead run_id=4 2026-08-26T09:29:17+00:00
[start] instance=ns465 algo=moead run_id=8 angle=210.000000000000 wind=13.000000000000 stop_criteria=1000000 stn_p=100 stn_interval=50 2026-08-26T09:29:17+00:00
9

Number of subproblems: 100
Number of neighbors: 10
Number of fixed turbines: 20
Number of mobile turbines: 79
Wind: 13.000000000000
Angle: 210.000000000000
Run id: 8
Stop criteria: 1000000
STN P (num vectors): 100
STN logger interval: 50

Run time:
[done]  instance=ns440 algo=moead run_id=6 2026-08-26T09:30:06+00:00
[start] instance=ns465 algo=moead run_id=9 angle=120.000000000000 wind=8.000000000000 stop_criteria=1000000 stn_p=100 stn_interval=50 2026-08-26T09:30:07+00:00
9

Number of subproblems: 100
Number of neighbors: 10
Number of fixed turbines: 20
Number of mobile turbines: 79
Wind: 8.000000000000
Angle: 120.000000000000
Run id: 9
Stop criteria: 1000000
STN P (num vectors): 100
STN logger interval: 50

Run time:
[done]  instance=ns440 algo=moead run_id=9 2026-08-26T09:31:51+00:00
[start] instance=ns465 algo=nsga2 run_id=0 angle=120.000000000000 wind=15.000000000000 stop_criteria=1000000 stn_p=100 stn_interval=50 2026-08-26T09:31:51+00:00
9

Number of subproblems: 100
Number of neighbors: 10
Number of fixed turbines: 20
Number of mobile turbines: 79
Wind: 15.000000000000
Angle: 120.000000000000
Run id: 0
Stop criteria: 1000000
STN P (num vectors): 100
STN logger interval: 50

Run time:
[done]  instance=ns465 algo=moead run_id=1 2026-08-26T09:33:08+00:00
[start] instance=ns465 algo=nsga2 run_id=1 angle=30.000000000000 wind=9.000000000000 stop_criteria=1000000 stn_p=100 stn_interval=50 2026-08-26T09:33:08+00:00
9

Number of subproblems: 100
Number of neighbors: 10
Number of fixed turbines: 20
Number of mobile turbines: 79
Wind: 9.000000000000
Angle: 30.000000000000
Run id: 1
Stop criteria: 1000000
STN P (num vectors): 100
STN logger interval: 50

Run time:
[done]  instance=ns465 algo=moead run_id=2 2026-08-26T09:35:59+00:00
[start] instance=ns465 algo=nsga2 run_id=2 angle=210.000000000000 wind=3.000000000000 stop_criteria=1000000 stn_p=100 stn_interval=50 2026-08-26T09:35:59+00:00
9

Number of subproblems: 100
Number of neighbors: 10
Number of fixed turbines: 20
Number of mobile turbines: 79
Wind: 3.000000000000
Angle: 210.000000000000
Run id: 2
Stop criteria: 1000000
STN P (num vectors): 100
STN logger interval: 50

Run time:
[done]  instance=ns465 algo=moead run_id=3 2026-08-26T09:36:18+00:00
[start] instance=ns465 algo=nsga2 run_id=3 angle=210.000000000000 wind=11.000000000000 stop_criteria=1000000 stn_p=100 stn_interval=50 2026-08-26T09:36:18+00:00
9

Number of subproblems: 100
Number of neighbors: 10
Number of fixed turbines: 20
Number of mobile turbines: 79
Wind: 11.000000000000
Angle: 210.000000000000
Run id: 3
Stop criteria: 1000000
STN P (num vectors): 100
STN logger interval: 50

Run time:
[done]  instance=ns465 algo=moead run_id=7 2026-08-26T09:37:03+00:00
[start] instance=ns465 algo=nsga2 run_id=4 angle=180.000000000000 wind=20.000000000000 stop_criteria=1000000 stn_p=100 stn_interval=50 2026-08-26T09:37:03+00:00
9

Number of subproblems: 100
Number of neighbors: 10
Number of fixed turbines: 20
Number of mobile turbines: 79
Wind: 20.000000000000
Angle: 180.000000000000
Run id: 4
Stop criteria: 1000000
STN P (num vectors): 100
STN logger interval: 50

Run time:
[done]  instance=ns465 algo=moead run_id=4 2026-08-26T09:37:05+00:00
[start] instance=ns465 algo=nsga2 run_id=5 angle=60.000000000000 wind=10.000000000000 stop_criteria=1000000 stn_p=100 stn_interval=50 2026-08-26T09:37:05+00:00
9

Number of subproblems: 100
Number of neighbors: 10
Number of fixed turbines: 20
Number of mobile turbines: 79
Wind: 10.000000000000
Angle: 60.000000000000
Run id: 5
Stop criteria: 1000000
STN P (num vectors): 100
STN logger interval: 50

Run time:
[done]  instance=ns465 algo=moead run_id=5 2026-08-26T09:37:17+00:00
[start] instance=ns465 algo=nsga2 run_id=6 angle=60.000000000000 wind=12.000000000000 stop_criteria=1000000 stn_p=100 stn_interval=50 2026-08-26T09:37:17+00:00
9

Number of subproblems: 100
Number of neighbors: 10
Number of fixed turbines: 20
Number of mobile turbines: 79
Wind: 12.000000000000
Angle: 60.000000000000
Run id: 6
Stop criteria: 1000000
STN P (num vectors): 100
STN logger interval: 50

Run time:
[done]  instance=ns465 algo=moead run_id=6 2026-08-26T09:38:03+00:00
[start] instance=ns465 algo=nsga2 run_id=7 angle=30.000000000000 wind=3.000000000000 stop_criteria=1000000 stn_p=100 stn_interval=50 2026-08-26T09:38:03+00:00
9

Number of subproblems: 100
Number of neighbors: 10
Number of fixed turbines: 20
Number of mobile turbines: 79
Wind: 3.000000000000
Angle: 30.000000000000
Run id: 7
Stop criteria: 1000000
STN P (num vectors): 100
STN logger interval: 50

Run time:
[done]  instance=ns465 algo=moead run_id=8 2026-08-26T09:38:38+00:00
[start] instance=ns465 algo=nsga2 run_id=8 angle=210.000000000000 wind=13.000000000000 stop_criteria=1000000 stn_p=100 stn_interval=50 2026-08-26T09:38:38+00:00
9

Number of subproblems: 100
Number of neighbors: 10
Number of fixed turbines: 20
Number of mobile turbines: 79
Wind: 13.000000000000
Angle: 210.000000000000
Run id: 8
Stop criteria: 1000000
STN P (num vectors): 100
STN logger interval: 50

Run time:
[done]  instance=ns465 algo=moead run_id=9 2026-08-26T09:39:47+00:00
[start] instance=ns465 algo=nsga2 run_id=9 angle=120.000000000000 wind=8.000000000000 stop_criteria=1000000 stn_p=100 stn_interval=50 2026-08-26T09:39:48+00:00
9

Number of subproblems: 100
Number of neighbors: 10
Number of fixed turbines: 20
Number of mobile turbines: 79
Wind: 8.000000000000
Angle: 120.000000000000
Run id: 9
Stop criteria: 1000000
STN P (num vectors): 100
STN logger interval: 50

Run time:
[done]  instance=ns440 algo=nsga2 run_id=8 2026-08-26T10:11:05+00:00
[start] instance=ns488 algo=moead run_id=0 angle=240.000000000000 wind=10.000000000000 stop_criteria=1000000 stn_p=100 stn_interval=50 2026-08-26T10:11:05+00:00
9

Number of subproblems: 100
Number of neighbors: 10
Number of fixed turbines: 9
Number of mobile turbines: 40
Wind: 10.000000000000
Angle: 240.000000000000
Run id: 0
Stop criteria: 1000000
STN P (num vectors): 100
STN logger interval: 50

Run time:
[done]  instance=ns488 algo=moead run_id=0 2026-08-26T10:13:38+00:00
[start] instance=ns488 algo=moead run_id=1 angle=330.000000000000 wind=5.000000000000 stop_criteria=1000000 stn_p=100 stn_interval=50 2026-08-26T10:13:38+00:00
9

Number of subproblems: 100
Number of neighbors: 10
Number of fixed turbines: 9
Number of mobile turbines: 40
Wind: 5.000000000000
Angle: 330.000000000000
Run id: 1
Stop criteria: 1000000
STN P (num vectors): 100
STN logger interval: 50

Run time:
[done]  instance=ns488 algo=moead run_id=1 2026-08-26T10:16:13+00:00
[start] instance=ns488 algo=moead run_id=2 angle=150.000000000000 wind=13.000000000000 stop_criteria=1000000 stn_p=100 stn_interval=50 2026-08-26T10:16:13+00:00
9

Number of subproblems: 100
Number of neighbors: 10
Number of fixed turbines: 9
Number of mobile turbines: 40
Wind: 13.000000000000
Angle: 150.000000000000
Run id: 2
Stop criteria: 1000000
STN P (num vectors): 100
STN logger interval: 50

Run time:
[done]  instance=ns488 algo=moead run_id=2 2026-08-26T10:18:56+00:00
[start] instance=ns488 algo=moead run_id=3 angle=240.000000000000 wind=12.000000000000 stop_criteria=1000000 stn_p=100 stn_interval=50 2026-08-26T10:18:56+00:00
9

Number of subproblems: 100
Number of neighbors: 10
Number of fixed turbines: 9
Number of mobile turbines: 40
Wind: 12.000000000000
Angle: 240.000000000000
Run id: 3
Stop criteria: 1000000
STN P (num vectors): 100
STN logger interval: 50

Run time:
[done]  instance=ns488 algo=moead run_id=3 2026-08-26T10:21:51+00:00
[start] instance=ns488 algo=moead run_id=4 angle=30.000000000000 wind=7.000000000000 stop_criteria=1000000 stn_p=100 stn_interval=50 2026-08-26T10:21:51+00:00
9

Number of subproblems: 100
Number of neighbors: 10
Number of fixed turbines: 9
Number of mobile turbines: 40
Wind: 7.000000000000
Angle: 30.000000000000
Run id: 4
Stop criteria: 1000000
STN P (num vectors): 100
STN logger interval: 50

Run time:
[done]  instance=ns440 algo=nsga2 run_id=6 2026-08-26T10:22:21+00:00
[start] instance=ns488 algo=moead run_id=5 angle=180.000000000000 wind=7.000000000000 stop_criteria=1000000 stn_p=100 stn_interval=50 2026-08-26T10:22:22+00:00
9

Number of subproblems: 100
Number of neighbors: 10
Number of fixed turbines: 9
Number of mobile turbines: 40
Wind: 7.000000000000
Angle: 180.000000000000
Run id: 5
Stop criteria: 1000000
STN P (num vectors): 100
STN logger interval: 50

Run time:
[done]  instance=ns488 algo=moead run_id=4 2026-08-26T10:24:21+00:00
[start] instance=ns488 algo=moead run_id=6 angle=60.000000000000 wind=3.000000000000 stop_criteria=1000000 stn_p=100 stn_interval=50 2026-08-26T10:24:21+00:00
9

Number of subproblems: 100
Number of neighbors: 10
Number of fixed turbines: 9
Number of mobile turbines: 40
Wind: 3.000000000000
Angle: 60.000000000000
Run id: 6
Stop criteria: 1000000
STN P (num vectors): 100
STN logger interval: 50

Run time:
[done]  instance=ns440 algo=nsga2 run_id=7 2026-08-26T10:24:50+00:00
[start] instance=ns488 algo=moead run_id=7 angle=0.000000000000 wind=8.000000000000 stop_criteria=1000000 stn_p=100 stn_interval=50 2026-08-26T10:24:50+00:00
9

Number of subproblems: 100
Number of neighbors: 10
Number of fixed turbines: 9
Number of mobile turbines: 40
Wind: 8.000000000000
Angle: 0.000000000000
Run id: 7
Stop criteria: 1000000
STN P (num vectors): 100
STN logger interval: 50

Run time:
[done]  instance=ns488 algo=moead run_id=5 2026-08-26T10:24:56+00:00
[start] instance=ns488 algo=moead run_id=8 angle=120.000000000000 wind=9.000000000000 stop_criteria=1000000 stn_p=100 stn_interval=50 2026-08-26T10:24:56+00:00
9

Number of subproblems: 100
Number of neighbors: 10
Number of fixed turbines: 9
Number of mobile turbines: 40
Wind: 9.000000000000
Angle: 120.000000000000
Run id: 8
Stop criteria: 1000000
STN P (num vectors): 100
STN logger interval: 50

Run time:
[done]  instance=ns488 algo=moead run_id=7 2026-08-26T10:26:12+00:00
[start] instance=ns488 algo=moead run_id=9 angle=120.000000000000 wind=15.000000000000 stop_criteria=1000000 stn_p=100 stn_interval=50 2026-08-26T10:26:12+00:00
9

Number of subproblems: 100
Number of neighbors: 10
Number of fixed turbines: 9
Number of mobile turbines: 40
Wind: 15.000000000000
Angle: 120.000000000000
Run id: 9
Stop criteria: 1000000
STN P (num vectors): 100
STN logger interval: 50

Run time:
[done]  instance=ns488 algo=moead run_id=6 2026-08-26T10:26:48+00:00
[start] instance=ns488 algo=nsga2 run_id=0 angle=240.000000000000 wind=10.000000000000 stop_criteria=1000000 stn_p=100 stn_interval=50 2026-08-26T10:26:48+00:00
9

Number of subproblems: 100
Number of neighbors: 10
Number of fixed turbines: 9
Number of mobile turbines: 40
Wind: 10.000000000000
Angle: 240.000000000000
Run id: 0
Stop criteria: 1000000
STN P (num vectors): 100
STN logger interval: 50

Run time:
[done]  instance=ns488 algo=moead run_id=8 2026-08-26T10:27:31+00:00
[start] instance=ns488 algo=nsga2 run_id=1 angle=330.000000000000 wind=5.000000000000 stop_criteria=1000000 stn_p=100 stn_interval=50 2026-08-26T10:27:31+00:00
9

Number of subproblems: 100
Number of neighbors: 10
Number of fixed turbines: 9
Number of mobile turbines: 40
Wind: 5.000000000000
Angle: 330.000000000000
Run id: 1
Stop criteria: 1000000
STN P (num vectors): 100
STN logger interval: 50

Run time:
[done]  instance=ns440 algo=nsga2 run_id=5 2026-08-26T10:27:39+00:00
[start] instance=ns488 algo=nsga2 run_id=2 angle=150.000000000000 wind=13.000000000000 stop_criteria=1000000 stn_p=100 stn_interval=50 2026-08-26T10:27:39+00:00
9

Number of subproblems: 100
Number of neighbors: 10
Number of fixed turbines: 9
Number of mobile turbines: 40
Wind: 13.000000000000
Angle: 150.000000000000
Run id: 2
Stop criteria: 1000000
STN P (num vectors): 100
STN logger interval: 50

Run time:
[done]  instance=ns488 algo=moead run_id=9 2026-08-26T10:28:49+00:00
[start] instance=ns488 algo=nsga2 run_id=3 angle=240.000000000000 wind=12.000000000000 stop_criteria=1000000 stn_p=100 stn_interval=50 2026-08-26T10:28:49+00:00
9

Number of subproblems: 100
Number of neighbors: 10
Number of fixed turbines: 9
Number of mobile turbines: 40
Wind: 12.000000000000
Angle: 240.000000000000
Run id: 3
Stop criteria: 1000000
STN P (num vectors): 100
STN logger interval: 50

Run time:
[done]  instance=ns440 algo=nsga2 run_id=0 2026-08-26T10:29:23+00:00
[start] instance=ns488 algo=nsga2 run_id=4 angle=30.000000000000 wind=7.000000000000 stop_criteria=1000000 stn_p=100 stn_interval=50 2026-08-26T10:29:23+00:00
9

Number of subproblems: 100
Number of neighbors: 10
Number of fixed turbines: 9
Number of mobile turbines: 40
Wind: 7.000000000000
Angle: 30.000000000000
Run id: 4
Stop criteria: 1000000
STN P (num vectors): 100
STN logger interval: 50

Run time:
[done]  instance=ns440 algo=nsga2 run_id=1 2026-08-26T10:33:01+00:00
[start] instance=ns488 algo=nsga2 run_id=5 angle=180.000000000000 wind=7.000000000000 stop_criteria=1000000 stn_p=100 stn_interval=50 2026-08-26T10:33:01+00:00
9

Number of subproblems: 100
Number of neighbors: 10
Number of fixed turbines: 9
Number of mobile turbines: 40
Wind: 7.000000000000
Angle: 180.000000000000
Run id: 5
Stop criteria: 1000000
STN P (num vectors): 100
STN logger interval: 50

Run time:
[done]  instance=ns440 algo=nsga2 run_id=3 2026-08-26T10:33:28+00:00
[start] instance=ns488 algo=nsga2 run_id=6 angle=60.000000000000 wind=3.000000000000 stop_criteria=1000000 stn_p=100 stn_interval=50 2026-08-26T10:33:28+00:00
9

Number of subproblems: 100
Number of neighbors: 10
Number of fixed turbines: 9
Number of mobile turbines: 40
Wind: 3.000000000000
Angle: 60.000000000000
Run id: 6
Stop criteria: 1000000
STN P (num vectors): 100
STN logger interval: 50

Run time:
[done]  instance=ns465 algo=nsga2 run_id=8 2026-08-26T10:38:57+00:00
[start] instance=ns488 algo=nsga2 run_id=7 angle=0.000000000000 wind=8.000000000000 stop_criteria=1000000 stn_p=100 stn_interval=50 2026-08-26T10:38:57+00:00
9

Number of subproblems: 100
Number of neighbors: 10
Number of fixed turbines: 9
Number of mobile turbines: 40
Wind: 8.000000000000
Angle: 0.000000000000
Run id: 7
Stop criteria: 1000000
STN P (num vectors): 100
STN logger interval: 50

Run time:
[done]  instance=ns488 algo=nsga2 run_id=0 2026-08-26T10:45:43+00:00
[start] instance=ns488 algo=nsga2 run_id=8 angle=120.000000000000 wind=9.000000000000 stop_criteria=1000000 stn_p=100 stn_interval=50 2026-08-26T10:45:43+00:00
9

Number of subproblems: 100
Number of neighbors: 10
Number of fixed turbines: 9
Number of mobile turbines: 40
Wind: 9.000000000000
Angle: 120.000000000000
Run id: 8
Stop criteria: 1000000
STN P (num vectors): 100
STN logger interval: 50

Run time:
[done]  instance=ns488 algo=nsga2 run_id=1 2026-08-26T10:46:55+00:00
[start] instance=ns488 algo=nsga2 run_id=9 angle=120.000000000000 wind=15.000000000000 stop_criteria=1000000 stn_p=100 stn_interval=50 2026-08-26T10:46:55+00:00
9

Number of subproblems: 100
Number of neighbors: 10
Number of fixed turbines: 9
Number of mobile turbines: 40
Wind: 15.000000000000
Angle: 120.000000000000
Run id: 9
Stop criteria: 1000000
STN P (num vectors): 100
STN logger interval: 50

Run time:
[done]  instance=ns488 algo=nsga2 run_id=2 2026-08-26T10:47:39+00:00
[done]  instance=ns488 algo=nsga2 run_id=4 2026-08-26T10:47:58+00:00
[done]  instance=ns488 algo=nsga2 run_id=3 2026-08-26T10:49:35+00:00
[done]  instance=ns488 algo=nsga2 run_id=5 2026-08-26T10:51:39+00:00
[done]  instance=ns465 algo=nsga2 run_id=3 2026-08-26T10:52:31+00:00
[done]  instance=ns488 algo=nsga2 run_id=6 2026-08-26T10:53:53+00:00
[done]  instance=ns465 algo=nsga2 run_id=0 2026-08-26T10:53:53+00:00
[done]  instance=ns440 algo=nsga2 run_id=2 2026-08-26T10:54:00+00:00
[done]  instance=ns465 algo=nsga2 run_id=5 2026-08-26T10:55:45+00:00
[done]  instance=ns488 algo=nsga2 run_id=7 2026-08-26T10:56:04+00:00
[done]  instance=ns465 algo=nsga2 run_id=2 2026-08-26T10:56:40+00:00
[done]  instance=ns465 algo=nsga2 run_id=4 2026-08-26T10:56:58+00:00
[done]  instance=ns465 algo=nsga2 run_id=7 2026-08-26T10:57:07+00:00
[done]  instance=ns465 algo=nsga2 run_id=1 2026-08-26T10:59:14+00:00
[done]  instance=ns440 algo=nsga2 run_id=4 2026-08-26T11:03:32+00:00
[done]  instance=ns465 algo=nsga2 run_id=6 2026-08-26T11:04:12+00:00
[done]  instance=ns488 algo=nsga2 run_id=8 2026-08-26T11:04:59+00:00
[done]  instance=ns465 algo=nsga2 run_id=9 2026-08-26T11:05:09+00:00
[done]  instance=ns488 algo=nsga2 run_id=9 2026-08-26T11:07:09+00:00
[done]  instance=ns440 algo=nsga2 run_id=9 2026-08-26T11:10:39+00:00
[done]  instance=ns440 algo=nsga2 run_id=1 2026-08-26T15:30:04+00:00
[done]  instance=ns440 algo=nsga2 run_id=3 2026-08-26T15:38:44+00:00
[done]  instance=ns440 algo=nsga2 run_id=0 2026-08-26T15:40:23+00:00
[done]  instance=ns440 algo=nsga2 run_id=5 2026-08-26T15:47:26+00:00
[done]  instance=ns440 algo=nsga2 run_id=9 2026-08-26T16:03:43+00:00
[done]  instance=ns440 algo=nsga2 run_id=6 2026-08-26T16:12:57+00:00
[done]  instance=ns440 algo=nsga2 run_id=4 2026-08-26T16:24:02+00:00
[done]  instance=ns440 algo=nsga2 run_id=8 2026-08-26T16:29:12+00:00
[done]  instance=ns440 algo=nsga2 run_id=2 2026-08-26T16:41:01+00:00
[done]  instance=ns440 algo=nsga2 run_id=7 2026-08-26T17:12:15+00:00
